{
    "observation": {
        "previous_period_summary": {
            "cnt_percentage": 26.72,
            "cnt_requests": 31,
            "losses_percentage": 0.0,
            "losses_volume": 0
        },
        "current_period": {
            "phase_one": [
                {
                    "protocolSessionId": "4b836032-066d-40b0-8db6-526b81c49146",
                    "account": 123123103,
                    "date": "2025-06-04T07:16:32.001",
                    "duration": 124092.0,
                    "used": 39213072,
                    "losses": 0,
                    "requests": 3,
                    "handler": "CNT"
                }
            ],
            "phase_two": [
                {
                    "protocolSessionId": "9dc4706d-837f-4f05-b378-ca6a51a5d4c1",
                    "account": 123123103,
                    "duration": 20,
                    "date": "2025-06-04T13:45:24.001",
                    "used": 11332,
                    "losses": 0,
                    "requests": 2,
                    "handler": "CTG"
                },
                {
                    "protocolSessionId": "e6e82900-187a-4d8f-9c03-243796290a19",
                    "account": 123123103,
                    "duration": 20,
                    "date": "2025-06-04T13:59:45.001",
                    "used": 172374331,
                    "losses": 0,
                    "requests": 4,
                    "handler": "CTG"
                },
                {
                    "protocolSessionId": "11dae63c-fda4-4c37-9843-ac21eb12b5f7",
                    "account": 123123103,
                    "duration": 20,
                    "date": "2025-06-04T21:26:50.001",
                    "used": 207416752,
                    "losses": 0,
                    "requests": 5,
                    "handler": "CTG"
                },
                {
                    "protocolSessionId": "a4872318-e8ff-437a-9a5d-d3d164a5ac00",
                    "account": 123123103,
                    "duration": 20,
                    "date": "2025-06-06T07:09:53.001",
                    "used": 491492043,
                    "losses": 0,
                    "requests": 6,
                    "handler": "CTG"
                },
                {
                    "protocolSessionId": "e90f16dc-ecfc-431a-9d70-8fb040ca60bb",
                    "account": 123123103,
                    "duration": 20,
                    "date": "2025-06-06T15:20:50.001",
                    "used": 270527948,
                    "losses": 0,
                    "requests": 4,
                    "handler": "CTG"
                }
            ]
        }
    }
}