{
    "observation": {
        "previous_period_summary": {
            "cnt_percentage": 20.0,
            "cnt_requests": 3,
            "losses_percentage": 0.0,
            "losses_volume": 0
        },
        "current_period": {
            "phase_one": [
                {
                    "protocolSessionId": "8485cf7f-ddbd-4fb4-b55f-e5c962cbde23",
                    "account": 123123103,
                    "date": "2025-03-15T00:08:02.001",
                    "duration": 45.0,
                    "used": 9601830,
                    "losses": 0,
                    "requests": 3,
                    "handler": "CNT"
                }
            ],
            "phase_two": [
                {
                    "protocolSessionId": "ba0b1a17-b7f4-4ea2-a8d2-b36e3fe0faac",
                    "account": 123123103,
                    "duration": 20,
                    "date": "2025-03-15T00:15:08.001",
                    "used": 0,
                    "losses": 0,
                    "requests": 1,
                    "handler": "CTG"
                }
            ]
        }
    }
}