{
    "observation": {
        "previous_period_summary": {
            "cnt_percentage": 42.86,
            "cnt_requests": 3,
            "losses_percentage": 0.0,
            "losses_volume": 0
        },
        "current_period": {
            "phase_one": [
                {
                    "protocolSessionId": "27fcb956-54b9-4ef9-ad19-0648ad483fbd",
                    "account": 123123103,
                    "date": "2025-04-23T05:33:42.001",
                    "duration": 1438.0,
                    "used": 7190,
                    "losses": 0,
                    "requests": 3,
                    "handler": "CNT"
                },
                {
                    "protocolSessionId": "5a08da69-0236-42bc-8d6e-17d1fe969134",
                    "account": 123123103,
                    "date": "2025-04-23T07:01:59.001",
                    "duration": 1982.0,
                    "used": 47568,
                    "losses": 0,
                    "requests": 3,
                    "handler": "CNT"
                }
            ],
            "phase_two": [
                {
                    "protocolSessionId": "7ac5468c-6772-42a6-9aa3-e12e895091b5",
                    "account": 123123103,
                    "duration": 20,
                    "date": "2025-04-23T10:52:58.001",
                    "used": 13369,
                    "losses": 0,
                    "requests": 2,
                    "handler": "CTG"
                }
            ]
        }
    }
}