{
    "observation": {
        "previous_period_summary": {
            "cnt_percentage": 50.0,
            "cnt_requests": 3,
            "losses_percentage": 0.0,
            "losses_volume": 0
        },
        "current_period": {
            "phase_one": [
                {
                    "protocolSessionId": "ce21e92f-3630-4f77-bee0-4041d6f64d69",
                    "account": 123123103,
                    "date": "2025-03-01T15:01:32.001",
                    "duration": 240.0,
                    "used": 4895760,
                    "losses": 0,
                    "requests": 3,
                    "handler": "CNT"
                }
            ],
            "phase_two": [
                {
                    "protocolSessionId": "7b3c0a19-2fb3-40d7-a84b-52831145a142",
                    "account": 123123103,
                    "duration": 20,
                    "date": "2025-03-01T15:09:00.001",
                    "used": 29126,
                    "losses": 0,
                    "requests": 2,
                    "handler": "CTG"
                },
                {
                    "protocolSessionId": "c520ff92-8cea-462e-b81d-98f1ed5f4209",
                    "account": 123123103,
                    "duration": 20,
                    "date": "2025-03-01T17:42:13.001",
                    "used": 231700,
                    "losses": 0,
                    "requests": 2,
                    "handler": "CTG"
                },
                {
                    "protocolSessionId": "114c0d4e-ee29-4791-8121-cec314a54599",
                    "account": 123123103,
                    "duration": 20,
                    "date": "2025-03-01T17:42:54.001",
                    "used": 1936740,
                    "losses": 0,
                    "requests": 2,
                    "handler": "CTG"
                },
                {
                    "protocolSessionId": "b8c3f3b6-194b-4c0b-810b-b6227d9ebf6a",
                    "account": 123123103,
                    "duration": 20,
                    "date": "2025-03-02T02:53:53.001",
                    "used": 0,
                    "losses": 0,
                    "requests": 1,
                    "handler": "CTG"
                },
                {
                    "protocolSessionId": "1882174d-501b-46cc-905b-84ab077f8c22",
                    "account": 123123103,
                    "duration": 20,
                    "date": "2025-03-02T02:57:04.001",
                    "used": 0,
                    "losses": 0,
                    "requests": 1,
                    "handler": "CTG"
                }
            ]
        }
    }
}