{
    "observation": {
        "previous_period_summary": {
            "cnt_percentage": 91.3,
            "cnt_requests": 21,
            "losses_percentage": 0.0,
            "losses_volume": 0
        },
        "current_period": {
            "phase_one": [
                {
                    "protocolSessionId": "1ac8af0c-96be-4e3f-9f7e-8d33ec73db90",
                    "account": 123123103,
                    "date": "2025-05-21T07:46:26.001",
                    "duration": 43.0,
                    "used": 90042,
                    "losses": 0,
                    "requests": 3,
                    "handler": "CNT"
                },
                {
                    "protocolSessionId": "0516b697-b2ea-434c-b959-8037815c9d93",
                    "account": 123123103,
                    "date": "2025-05-21T08:28:11.001",
                    "duration": 0.0,
                    "used": 0,
                    "losses": 0,
                    "requests": 1,
                    "handler": "CNT"
                }
            ],
            "phase_two": [
                {
                    "protocolSessionId": "77c4e8c2-9ced-4df0-b505-d095129268d1",
                    "account": 123123103,
                    "duration": 20,
                    "date": "2025-05-21T11:18:45.001",
                    "used": 612155409,
                    "losses": 0,
                    "requests": 3,
                    "handler": "CTG"
                },
                {
                    "protocolSessionId": "078df434-3a2e-462c-ab5f-1acfebca03c0",
                    "account": 123123103,
                    "duration": 20,
                    "date": "2025-05-21T20:48:34.001",
                    "used": 523714320,
                    "losses": 0,
                    "requests": 2,
                    "handler": "CTG"
                },
                {
                    "protocolSessionId": "f2523aaa-e442-41f3-9358-1362cc457537",
                    "account": 123123103,
                    "duration": 20,
                    "date": "2025-05-22T20:57:14.001",
                    "used": 2246109743,
                    "losses": 0,
                    "requests": 4,
                    "handler": "CTG"
                },
                {
                    "protocolSessionId": "af39d88f-1d9e-4476-822e-a1ebf52fabf9",
                    "account": 123123103,
                    "duration": 20,
                    "date": "2025-05-23T14:34:22.001",
                    "used": 500223691,
                    "losses": 0,
                    "requests": 3,
                    "handler": "CTG"
                },
                {
                    "protocolSessionId": "6e82dd73-1130-4824-96d1-28946e09b0e1",
                    "account": 123123103,
                    "duration": 20,
                    "date": "2025-05-23T23:14:48.001",
                    "used": 186570476,
                    "losses": 0,
                    "requests": 2,
                    "handler": "CTG"
                },
                {
                    "protocolSessionId": "dc045845-1755-4288-86a8-3ef966603f28",
                    "account": 123123103,
                    "duration": 20,
                    "date": "2025-05-24T07:57:46.001",
                    "used": 8037722,
                    "losses": 0,
                    "requests": 2,
                    "handler": "CTG"
                },
                {
                    "protocolSessionId": "a08b8dff-e529-444c-9e89-24721d3db6d1",
                    "account": 123123103,
                    "duration": 20,
                    "date": "2025-05-24T15:15:14.001",
                    "used": 402667915,
                    "losses": 0,
                    "requests": 3,
                    "handler": "CTG"
                },
                {
                    "protocolSessionId": "1efae254-71fb-4cf7-bef5-cdeceabdaed3",
                    "account": 123123103,
                    "duration": 20,
                    "date": "2025-05-24T16:23:57.001",
                    "used": 12099,
                    "losses": 0,
                    "requests": 2,
                    "handler": "CTG"
                },
                {
                    "protocolSessionId": "a2f1c706-256f-4f1c-84ee-79430d1ece7a",
                    "account": 123123103,
                    "duration": 20,
                    "date": "2025-05-24T16:33:13.001",
                    "used": 154812,
                    "losses": 0,
                    "requests": 2,
                    "handler": "CTG"
                },
                {
                    "protocolSessionId": "d309fb2f-eabd-443d-8575-1a795fc5b87e",
                    "account": 123123103,
                    "duration": 20,
                    "date": "2025-05-25T00:41:38.001",
                    "used": 574051370,
                    "losses": 0,
                    "requests": 3,
                    "handler": "CTG"
                },
                {
                    "protocolSessionId": "e9171ee9-037a-4c12-b445-985f4a681cc5",
                    "account": 123123103,
                    "duration": 20,
                    "date": "2025-05-25T09:55:40.001",
                    "used": 206125500,
                    "losses": 0,
                    "requests": 2,
                    "handler": "CTG"
                },
                {
                    "protocolSessionId": "893688fd-4c62-475c-8dfb-80eabf2f5e34",
                    "account": 123123103,
                    "duration": 20,
                    "date": "2025-05-25T09:56:19.001",
                    "used": 537597,
                    "losses": 0,
                    "requests": 2,
                    "handler": "CTG"
                },
                {
                    "protocolSessionId": "a5893512-7c79-464c-a19a-43a3cb3b6fac",
                    "account": 123123103,
                    "duration": 20,
                    "date": "2025-05-25T09:58:00.001",
                    "used": 230,
                    "losses": 0,
                    "requests": 2,
                    "handler": "CTG"
                }
            ]
        }
    }
}