{
    "observation": {
        "previous_period_summary": {
            "cnt_percentage": 72.41,
            "cnt_requests": 21,
            "losses_percentage": 0.0,
            "losses_volume": 0
        },
        "current_period": {
            "phase_one": [
                {
                    "protocolSessionId": "3b8e2053-599f-4a1b-81ff-062de3e04d6f",
                    "account": 123123103,
                    "date": "2025-05-18T20:02:18.001",
                    "duration": 410202.0,
                    "used": 6973434,
                    "losses": 0,
                    "requests": 3,
                    "handler": "CNT"
                },
                {
                    "protocolSessionId": "9b74dd10-edc3-4051-a9d9-c33ffa6b1ee0",
                    "account": 123123103,
                    "date": "2025-05-18T20:59:04.001",
                    "duration": 10.0,
                    "used": 1092370,
                    "losses": 0,
                    "requests": 3,
                    "handler": "CNT"
                },
                {
                    "protocolSessionId": "eb76d7bf-cdb0-49a8-9e8c-7384d1329425",
                    "account": 123123103,
                    "date": "2025-05-18T20:59:17.001",
                    "duration": 201809.0,
                    "used": 401442282,
                    "losses": 0,
                    "requests": 15,
                    "handler": "CNT"
                }
            ],
            "phase_two": [
                {
                    "protocolSessionId": "981ea318-37f9-4efa-bd51-c9a9bba8ae72",
                    "account": 123123103,
                    "duration": 20,
                    "date": "2025-05-20T17:34:25.001",
                    "used": 556365,
                    "losses": 0,
                    "requests": 2,
                    "handler": "CTG"
                }
            ]
        }
    }
}