{
    "observation": {
        "previous_period_summary": {
            "cnt_percentage": 37.5,
            "cnt_requests": 3,
            "losses_percentage": 0.0,
            "losses_volume": 0
        },
        "current_period": {
            "phase_one": [
                {
                    "protocolSessionId": "7a9f0ec8-cabf-47bc-9fbf-b575b9376fef",
                    "account": 123123103,
                    "date": "2025-03-06T11:22:12.001",
                    "duration": 2.0,
                    "used": 6,
                    "losses": 0,
                    "requests": 3,
                    "handler": "CNT"
                }
            ],
            "phase_two": [
                {
                    "protocolSessionId": "4c2f0e58-260a-444a-89e1-11362ce37d3f",
                    "account": 123123103,
                    "duration": 20,
                    "date": "2025-03-06T12:24:45.001",
                    "used": 310346328,
                    "losses": 0,
                    "requests": 3,
                    "handler": "CTG"
                },
                {
                    "protocolSessionId": "ed0b517a-e1fe-4838-b105-914e31d6e687",
                    "account": 123123103,
                    "duration": 20,
                    "date": "2025-03-06T12:25:20.001",
                    "used": 290202,
                    "losses": 0,
                    "requests": 2,
                    "handler": "CTG"
                },
                {
                    "protocolSessionId": "06e1a640-8836-49bb-8597-10e3ac8eee6a",
                    "account": 123123103,
                    "duration": 20,
                    "date": "2025-03-06T14:20:23.001",
                    "used": 5340,
                    "losses": 0,
                    "requests": 2,
                    "handler": "CTG"
                }
            ]
        }
    }
}