{
    "observation": {
        "previous_period_summary": {
            "cnt_percentage": 90.0,
            "cnt_requests": 9,
            "losses_percentage": 0.0,
            "losses_volume": 0
        },
        "current_period": {
            "phase_one": [
                {
                    "protocolSessionId": "a661ddfa-079c-4b2d-a144-8b4b3f8a23de",
                    "account": 123123103,
                    "date": "2025-03-06T21:13:21.001",
                    "duration": 17.0,
                    "used": 81073,
                    "losses": 0,
                    "requests": 3,
                    "handler": "CNT"
                },
                {
                    "protocolSessionId": "61267aaa-2a24-422a-a216-9a63bc6ea26d",
                    "account": 123123103,
                    "date": "2025-03-06T21:30:24.001",
                    "duration": 3.0,
                    "used": 13509,
                    "losses": 0,
                    "requests": 3,
                    "handler": "CNT"
                },
                {
                    "protocolSessionId": "d45035c9-62b4-45f2-8849-2eec4a422c00",
                    "account": 123123103,
                    "date": "2025-03-06T21:30:55.001",
                    "duration": 420.0,
                    "used": 167794770,
                    "losses": 0,
                    "requests": 6,
                    "handler": "CNT"
                },
                {
                    "protocolSessionId": "3585adcf-5d96-4031-b89b-e3bed0b19f8f",
                    "account": 123123103,
                    "date": "2025-03-06T21:53:24.001",
                    "duration": 530.0,
                    "used": 0,
                    "losses": 0,
                    "requests": 3,
                    "handler": "CNT"
                }
            ],
            "phase_two": [
                {
                    "protocolSessionId": "de9fdea7-8af8-48a4-940f-3c240a53228c",
                    "account": 123123103,
                    "duration": 20,
                    "date": "2025-03-06T23:34:18.001",
                    "used": 0,
                    "losses": 0,
                    "requests": 1,
                    "handler": "CTG"
                },
                {
                    "protocolSessionId": "c5b1196b-4026-473c-ad12-28cce92bdffe",
                    "account": 123123103,
                    "duration": 20,
                    "date": "2025-03-06T23:39:49.001",
                    "used": 197184405,
                    "losses": 0,
                    "requests": 3,
                    "handler": "CTG"
                }
            ]
        }
    }
}