{
    "observation": {
        "previous_period_summary": {
            "cnt_percentage": 50.0,
            "cnt_requests": 3,
            "losses_percentage": 0.0,
            "losses_volume": 0
        },
        "current_period": {
            "phase_one": [
                {
                    "protocolSessionId": "fd76d6af-f840-41eb-8fbd-8d6afc200830",
                    "account": 123123103,
                    "date": "2025-03-12T19:46:42.001",
                    "duration": 6551.0,
                    "used": 91714,
                    "losses": 0,
                    "requests": 3,
                    "handler": "CNT"
                }
            ],
            "phase_two": [
                {
                    "protocolSessionId": "1ba96df2-cccc-48cb-9359-ecd05ca73b48",
                    "account": 123123103,
                    "duration": 20,
                    "date": "2025-03-12T21:45:50.001",
                    "used": 1188,
                    "losses": 0,
                    "requests": 2,
                    "handler": "CTG"
                }
            ]
        }
    }
}