{
    "observation": {
        "previous_period_summary": {
            "cnt_percentage": 26.09,
            "cnt_requests": 6,
            "losses_percentage": 0.0,
            "losses_volume": 0
        },
        "current_period": {
            "phase_one": [
                {
                    "protocolSessionId": "5a77bd4f-80c2-4191-8409-b516808b7846",
                    "account": 123123103,
                    "date": "2025-05-15T16:25:50.001",
                    "duration": 14513101.822,
                    "used": 209715200,
                    "losses": 0,
                    "requests": 15,
                    "handler": "CNT"
                },
                {
                    "protocolSessionId": "412d0d0a-fa9e-402a-86ac-334a50ef155b",
                    "account": 123123103,
                    "date": "2025-05-15T20:44:54.001",
                    "duration": 82.0,
                    "used": 30258082,
                    "losses": 0,
                    "requests": 3,
                    "handler": "CNT"
                },
                {
                    "protocolSessionId": "a84ab87c-c5f1-482a-9e47-3f7f6e800902",
                    "account": 123123103,
                    "date": "2025-05-15T20:47:23.001",
                    "duration": 18410.0,
                    "used": 104910096,
                    "losses": 0,
                    "requests": 6,
                    "handler": "CNT"
                }
            ],
            "phase_two": [
                {
                    "protocolSessionId": "e8f869d4-bc69-4c8f-a514-f0d21253f7e0",
                    "account": 123123103,
                    "duration": 20,
                    "date": "2025-05-17T01:45:32.001",
                    "used": 26185865,
                    "losses": 0,
                    "requests": 2,
                    "handler": "CTG"
                },
                {
                    "protocolSessionId": "cc0262c8-5d6e-48d3-8ae3-c8f04da66f6d",
                    "account": 123123103,
                    "duration": 20,
                    "date": "2025-05-17T02:51:04.001",
                    "used": 158403,
                    "losses": 0,
                    "requests": 2,
                    "handler": "CTG"
                }
            ]
        }
    }
}