{
    "observation": {
        "previous_period_summary": {
            "cnt_percentage": 75.0,
            "cnt_requests": 3,
            "losses_percentage": 0.0,
            "losses_volume": 0
        },
        "current_period": {
            "phase_one": [
                {
                    "protocolSessionId": "a5528afd-cdc3-4f67-9d01-c1b0b3b40408",
                    "account": 123123103,
                    "date": "2025-03-15T00:25:22.001",
                    "duration": 1193.0,
                    "used": 0,
                    "losses": 0,
                    "requests": 3,
                    "handler": "CNT"
                },
                {
                    "protocolSessionId": "8cf71955-12a2-400b-a594-704e34aef007",
                    "account": 123123103,
                    "date": "2025-03-15T01:11:07.001",
                    "duration": 6353.0,
                    "used": 104857600,
                    "losses": 0,
                    "requests": 6,
                    "handler": "CNT"
                },
                {
                    "protocolSessionId": "7eb17050-c687-4879-be8d-f18cafb9b9d2",
                    "account": 123123103,
                    "date": "2025-03-15T12:34:32.001",
                    "duration": 28169.0,
                    "used": 19183089,
                    "losses": 0,
                    "requests": 3,
                    "handler": "CNT"
                }
            ],
            "phase_two": [
                {
                    "protocolSessionId": "4bcf57b8-2920-4a7d-8458-89af99d91d43",
                    "account": 123123103,
                    "duration": 20,
                    "date": "2025-03-15T20:11:45.001",
                    "used": 446554287,
                    "losses": 0,
                    "requests": 4,
                    "handler": "CTG"
                },
                {
                    "protocolSessionId": "be38e6ae-19e0-432b-a6f3-401de0412021",
                    "account": 123123103,
                    "duration": 20,
                    "date": "2025-03-15T20:44:16.001",
                    "used": 334264487,
                    "losses": 0,
                    "requests": 3,
                    "handler": "CTG"
                },
                {
                    "protocolSessionId": "cc6264b2-b7d5-4862-8405-9ff08de75d5f",
                    "account": 123123103,
                    "duration": 20,
                    "date": "2025-03-15T20:55:36.001",
                    "used": 354596370,
                    "losses": 0,
                    "requests": 4,
                    "handler": "CTG"
                },
                {
                    "protocolSessionId": "1b96dff9-f8d3-4ddf-b5af-25654a20a083",
                    "account": 123123103,
                    "duration": 20,
                    "date": "2025-03-16T01:39:20.001",
                    "used": 51400303,
                    "losses": 0,
                    "requests": 3,
                    "handler": "CTG"
                },
                {
                    "protocolSessionId": "198928c7-860d-4298-92ac-c066895d454b",
                    "account": 123123103,
                    "duration": 20,
                    "date": "2025-03-16T02:57:49.001",
                    "used": 75844,
                    "losses": 0,
                    "requests": 2,
                    "handler": "CTG"
                },
                {
                    "protocolSessionId": "a7843429-3dcd-4922-9faf-3afdd30c5c4f",
                    "account": 123123103,
                    "duration": 20,
                    "date": "2025-03-16T07:42:31.001",
                    "used": 1598204,
                    "losses": 0,
                    "requests": 2,
                    "handler": "CTG"
                },
                {
                    "protocolSessionId": "97cc4d54-f03b-46a0-9f21-4e4397f32d33",
                    "account": 123123103,
                    "duration": 20,
                    "date": "2025-03-16T15:35:01.001",
                    "used": 38,
                    "losses": 0,
                    "requests": 2,
                    "handler": "CTG"
                },
                {
                    "protocolSessionId": "debf5541-ddc3-468f-834e-6dcadce8bd9f",
                    "account": 123123103,
                    "duration": 20,
                    "date": "2025-03-16T15:36:30.001",
                    "used": 173096,
                    "losses": 0,
                    "requests": 2,
                    "handler": "CTG"
                },
                {
                    "protocolSessionId": "cc5ab9e9-cc9e-43c0-aaf7-583ed91144b1",
                    "account": 123123103,
                    "duration": 20,
                    "date": "2025-03-16T18:13:31.001",
                    "used": 931656257,
                    "losses": 0,
                    "requests": 3,
                    "handler": "CTG"
                },
                {
                    "protocolSessionId": "066d6d57-bf7b-4be6-bf34-04301dc1b0cb",
                    "account": 123123103,
                    "duration": 20,
                    "date": "2025-03-16T19:50:27.001",
                    "used": 32920656,
                    "losses": 0,
                    "requests": 2,
                    "handler": "CTG"
                },
                {
                    "protocolSessionId": "4eca2318-c4cf-405d-84b7-2a3040cc26c9",
                    "account": 123123103,
                    "duration": 20,
                    "date": "2025-03-16T23:02:08.001",
                    "used": 21604830,
                    "losses": 0,
                    "requests": 2,
                    "handler": "CTG"
                },
                {
                    "protocolSessionId": "330d1b94-b715-4e89-a60d-571ce59379d8",
                    "account": 123123103,
                    "duration": 20,
                    "date": "2025-03-16T23:12:43.001",
                    "used": 8178,
                    "losses": 0,
                    "requests": 2,
                    "handler": "CTG"
                },
                {
                    "protocolSessionId": "8cd40aa7-da79-423e-9199-273d34219f73",
                    "account": 123123103,
                    "duration": 20,
                    "date": "2025-03-17T00:41:17.001",
                    "used": 0,
                    "losses": 0,
                    "requests": 1,
                    "handler": "CTG"
                }
            ]
        }
    }
}