{
    "observation": {
        "previous_period_summary": {
            "cnt_percentage": 75.0,
            "cnt_requests": 15,
            "losses_percentage": 0.0,
            "losses_volume": 0
        },
        "current_period": {
            "phase_one": [
                {
                    "protocolSessionId": "ebd65448-59fa-4dec-b837-bcb723640130",
                    "account": 123123103,
                    "date": "2025-04-29T22:06:48.001",
                    "duration": 82989.0,
                    "used": 59254146,
                    "losses": 0,
                    "requests": 3,
                    "handler": "CNT"
                }
            ],
            "phase_two": [
                {
                    "protocolSessionId": "7b7eaa1c-787c-47d6-afa8-a8db9319879e",
                    "account": 123123103,
                    "duration": 20,
                    "date": "2025-04-29T22:33:09.001",
                    "used": 9196866,
                    "losses": 0,
                    "requests": 2,
                    "handler": "CTG"
                },
                {
                    "protocolSessionId": "16c33a97-59fa-41bc-bdb2-2f4ab6d50ea6",
                    "account": 123123103,
                    "duration": 20,
                    "date": "2025-04-30T16:52:26.001",
                    "used": 100408000,
                    "losses": 0,
                    "requests": 2,
                    "handler": "CTG"
                }
            ]
        }
    }
}