{
    "observation": {
        "previous_period_summary": {
            "cnt_percentage": 20.0,
            "cnt_requests": 3,
            "losses_percentage": 0.0,
            "losses_volume": 0
        },
        "current_period": {
            "phase_one": [
                {
                    "protocolSessionId": "74bf9185-6e66-4cbf-bac6-7810b96483e0",
                    "account": 123123103,
                    "date": "2025-04-24T18:56:10.001",
                    "duration": 4200.0,
                    "used": 16388400,
                    "losses": 0,
                    "requests": 3,
                    "handler": "CNT"
                },
                {
                    "protocolSessionId": "9332cd78-12ea-4fe1-bad0-5dcbf8589e26",
                    "account": 123123103,
                    "date": "2025-04-24T19:21:31.001",
                    "duration": 1.0,
                    "used": 10827,
                    "losses": 0,
                    "requests": 3,
                    "handler": "CNT"
                },
                {
                    "protocolSessionId": "46137666-e7df-450d-8627-bf0bf7168660",
                    "account": 123123103,
                    "date": "2025-04-24T19:21:33.001",
                    "duration": 30150.0,
                    "used": 160800050,
                    "losses": 0,
                    "requests": 6,
                    "handler": "CNT"
                },
                {
                    "protocolSessionId": "4e643936-68b7-45a7-a4eb-602d4f22c956",
                    "account": 123123103,
                    "date": "2025-04-24T21:16:05.001",
                    "duration": 5478.0,
                    "used": 723096,
                    "losses": 0,
                    "requests": 3,
                    "handler": "CNT"
                },
                {
                    "protocolSessionId": "10aefdbb-f8c1-4a95-9356-45f7a0662ca0",
                    "account": 123123103,
                    "date": "2025-04-24T23:04:08.001",
                    "duration": 1779.0,
                    "used": 12453,
                    "losses": 0,
                    "requests": 3,
                    "handler": "CNT"
                }
            ],
            "phase_two": [
                {
                    "protocolSessionId": "d25237df-f041-4943-ba6a-d6e76445184d",
                    "account": 123123103,
                    "duration": 20,
                    "date": "2025-04-25T02:29:27.001",
                    "used": 0,
                    "losses": 0,
                    "requests": 1,
                    "handler": "CTG"
                }
            ]
        }
    }
}