{
    "observation": {
        "previous_period_summary": {
            "cnt_percentage": 75.0,
            "cnt_requests": 6,
            "losses_percentage": 0.0,
            "losses_volume": 0
        },
        "current_period": {
            "phase_one": [
                {
                    "protocolSessionId": "4aae22c6-a89b-4e36-b2d6-d65eb64b58b3",
                    "account": 123123103,
                    "date": "2025-03-03T18:16:22.001",
                    "duration": 19.0,
                    "used": 113981,
                    "losses": 0,
                    "requests": 3,
                    "handler": "CNT"
                }
            ],
            "phase_two": [
                {
                    "protocolSessionId": "ba8c6677-4929-4936-8251-4cb1d1c16179",
                    "account": 123123103,
                    "duration": 20,
                    "date": "2025-03-03T22:18:38.001",
                    "used": 37150400,
                    "losses": 0,
                    "requests": 2,
                    "handler": "CTG"
                },
                {
                    "protocolSessionId": "aee140f4-ee4e-474c-a362-2747ec5ec5b2",
                    "account": 123123103,
                    "duration": 20,
                    "date": "2025-03-03T22:36:11.001",
                    "used": 453860026,
                    "losses": 0,
                    "requests": 4,
                    "handler": "CTG"
                }
            ]
        }
    }
}