{
    "observation": {
        "previous_period_summary": {
            "cnt_percentage": 25.0,
            "cnt_requests": 3,
            "losses_percentage": 0.0,
            "losses_volume": 0
        },
        "current_period": {
            "phase_one": [
                {
                    "protocolSessionId": "f350f1fe-fec6-4d8b-8e9b-577d0126a8b7",
                    "account": 123123103,
                    "date": "2025-04-24T00:03:35.001",
                    "duration": 5618.0,
                    "used": 209715200,
                    "losses": 37728643,
                    "requests": 10,
                    "handler": "CNT"
                },
                {
                    "protocolSessionId": "a0ac87b6-0bef-467b-bb90-c6725af7e3ff",
                    "account": 123123103,
                    "date": "2025-04-24T01:37:30.001",
                    "duration": 625.0,
                    "used": 41425000,
                    "losses": 0,
                    "requests": 3,
                    "handler": "CNT"
                }
            ],
            "phase_two": [
                {
                    "protocolSessionId": "fd715546-7291-4777-b510-fd21aedb798f",
                    "account": 123123103,
                    "duration": 20,
                    "date": "2025-04-24T01:48:30.001",
                    "used": 10632546,
                    "losses": 0,
                    "requests": 2,
                    "handler": "CTG"
                }
            ]
        }
    }
}