{
    "observation": {
        "previous_period_summary": {
            "cnt_percentage": 93.66,
            "cnt_requests": 133,
            "losses_percentage": 0.0,
            "losses_volume": 0
        },
        "current_period": {
            "phase_one": [
                {
                    "protocolSessionId": "b494ef52-a5c7-450d-b847-e9bd523443f2",
                    "account": 123123103,
                    "date": "2025-04-11T17:24:26.001",
                    "duration": 4396.0,
                    "used": 295479820,
                    "losses": 0,
                    "requests": 10,
                    "handler": "CNT"
                }
            ],
            "phase_two": [
                {
                    "protocolSessionId": "b358c9fc-fe6b-4bb2-8ff5-bce1d7114c6b",
                    "account": 123123103,
                    "duration": 20,
                    "date": "2025-04-12T21:07:42.001",
                    "used": 465579461,
                    "losses": 0,
                    "requests": 4,
                    "handler": "CTG"
                },
                {
                    "protocolSessionId": "31d63244-ee46-4559-a43d-dd6eb559bfa0",
                    "account": 123123103,
                    "duration": 20,
                    "date": "2025-04-13T01:16:02.001",
                    "used": 0,
                    "losses": 0,
                    "requests": 1,
                    "handler": "CTG"
                },
                {
                    "protocolSessionId": "fb98f199-ac03-4507-b372-20e9bd7202ae",
                    "account": 123123103,
                    "duration": 20,
                    "date": "2025-04-13T01:39:04.001",
                    "used": 531036,
                    "losses": 0,
                    "requests": 2,
                    "handler": "CTG"
                },
                {
                    "protocolSessionId": "efe0732d-33ef-4f1b-9eae-f21e722c08f8",
                    "account": 123123103,
                    "duration": 20,
                    "date": "2025-04-13T03:30:30.001",
                    "used": 339295911,
                    "losses": 0,
                    "requests": 4,
                    "handler": "CTG"
                }
            ]
        }
    }
}