{
    "observation": {
        "previous_period_summary": {
            "cnt_percentage": 42.86,
            "cnt_requests": 3,
            "losses_percentage": 0.0,
            "losses_volume": 0
        },
        "current_period": {
            "phase_one": [
                {
                    "protocolSessionId": "424fc98d-002a-4871-a786-515d3f8410c9",
                    "account": 123123103,
                    "date": "2025-03-20T15:56:23.001",
                    "duration": 91608.0,
                    "used": 1923768,
                    "losses": 0,
                    "requests": 3,
                    "handler": "CNT"
                }
            ],
            "phase_two": [
                {
                    "protocolSessionId": "90de3f52-465f-487f-bfa2-979006766f56",
                    "account": 123123103,
                    "duration": 20,
                    "date": "2025-03-21T01:13:37.001",
                    "used": 5285904,
                    "losses": 0,
                    "requests": 2,
                    "handler": "CTG"
                },
                {
                    "protocolSessionId": "78c70b57-2a4a-48ee-8e6b-d7ad61c18eca",
                    "account": 123123103,
                    "duration": 20,
                    "date": "2025-03-21T02:35:46.001",
                    "used": 109095366,
                    "losses": 0,
                    "requests": 2,
                    "handler": "CTG"
                },
                {
                    "protocolSessionId": "f67b742c-a7be-4a3a-8d3f-9b606f9159ad",
                    "account": 123123103,
                    "duration": 20,
                    "date": "2025-03-21T21:25:40.001",
                    "used": 943024,
                    "losses": 0,
                    "requests": 2,
                    "handler": "CTG"
                },
                {
                    "protocolSessionId": "3a0d15c6-2672-4458-847e-3c190237f450",
                    "account": 123123103,
                    "duration": 20,
                    "date": "2025-03-22T16:05:05.001",
                    "used": 191036034,
                    "losses": 0,
                    "requests": 2,
                    "handler": "CTG"
                },
                {
                    "protocolSessionId": "4205a42c-ad54-4682-a0bf-c91f0da8daa8",
                    "account": 123123103,
                    "duration": 20,
                    "date": "2025-03-22T16:55:11.001",
                    "used": 637536063,
                    "losses": 0,
                    "requests": 5,
                    "handler": "CTG"
                },
                {
                    "protocolSessionId": "f468bb64-e9dc-4559-8362-70c9a53291ba",
                    "account": 123123103,
                    "duration": 20,
                    "date": "2025-03-22T19:36:51.001",
                    "used": 24682080,
                    "losses": 0,
                    "requests": 2,
                    "handler": "CTG"
                },
                {
                    "protocolSessionId": "2a207743-205d-411f-b7f6-672d16858932",
                    "account": 123123103,
                    "duration": 20,
                    "date": "2025-03-23T01:14:42.001",
                    "used": 40,
                    "losses": 0,
                    "requests": 2,
                    "handler": "CTG"
                },
                {
                    "protocolSessionId": "a7a4ebba-156a-4780-bfd8-5ab917823afa",
                    "account": 123123103,
                    "duration": 20,
                    "date": "2025-03-23T07:40:50.001",
                    "used": 972972,
                    "losses": 0,
                    "requests": 2,
                    "handler": "CTG"
                }
            ]
        }
    }
}