{
    "observation": {
        "previous_period_summary": {
            "cnt_percentage": 76.19,
            "cnt_requests": 16,
            "losses_percentage": 0.0,
            "losses_volume": 0
        },
        "current_period": {
            "phase_one": [
                {
                    "protocolSessionId": "73d3ba84-b7b2-404e-b137-9e039e34c096",
                    "account": 123123103,
                    "date": "2025-03-08T10:40:04.001",
                    "duration": 22889.0,
                    "used": 167677581,
                    "losses": 0,
                    "requests": 6,
                    "handler": "CNT"
                }
            ],
            "phase_two": [
                {
                    "protocolSessionId": "3e0bc701-347d-46e4-a255-5bdc79b63961",
                    "account": 123123103,
                    "duration": 20,
                    "date": "2025-03-09T00:08:17.001",
                    "used": 434741668,
                    "losses": 0,
                    "requests": 3,
                    "handler": "CTG"
                },
                {
                    "protocolSessionId": "cc55e54a-de1e-4309-9c08-4de8374aedbe",
                    "account": 123123103,
                    "duration": 20,
                    "date": "2025-03-09T02:09:24.001",
                    "used": 247895632,
                    "losses": 0,
                    "requests": 2,
                    "handler": "CTG"
                },
                {
                    "protocolSessionId": "f56353c9-b0ff-47fc-a74a-3a59ad259dc4",
                    "account": 123123103,
                    "duration": 20,
                    "date": "2025-03-09T03:54:47.001",
                    "used": 2914728,
                    "losses": 0,
                    "requests": 2,
                    "handler": "CTG"
                },
                {
                    "protocolSessionId": "b3a8e19f-8cba-4ea9-b5a0-cb3212e4df0f",
                    "account": 123123103,
                    "duration": 20,
                    "date": "2025-03-09T05:14:57.001",
                    "used": 0,
                    "losses": 0,
                    "requests": 1,
                    "handler": "CTG"
                },
                {
                    "protocolSessionId": "9b09ae9c-a6e5-4561-a16b-e7df17f5c9ee",
                    "account": 123123103,
                    "duration": 20,
                    "date": "2025-03-09T06:34:34.001",
                    "used": 902494891,
                    "losses": 0,
                    "requests": 3,
                    "handler": "CTG"
                },
                {
                    "protocolSessionId": "130dbb22-c540-49b6-84d0-63b974802e89",
                    "account": 123123103,
                    "duration": 20,
                    "date": "2025-03-09T06:35:31.001",
                    "used": 470169,
                    "losses": 0,
                    "requests": 2,
                    "handler": "CTG"
                },
                {
                    "protocolSessionId": "25c18c63-597b-4a8d-8530-12b30d218273",
                    "account": 123123103,
                    "duration": 20,
                    "date": "2025-03-09T07:11:37.001",
                    "used": 560604,
                    "losses": 0,
                    "requests": 2,
                    "handler": "CTG"
                }
            ]
        }
    }
}