{
    "observation": {
        "previous_period_summary": {
            "cnt_percentage": 75.0,
            "cnt_requests": 6,
            "losses_percentage": 0.0,
            "losses_volume": 0
        },
        "current_period": {
            "phase_one": [
                {
                    "protocolSessionId": "d01db9a7-eccd-4ed5-bc3e-cd3f15c6a6bb",
                    "account": 123123103,
                    "date": "2025-04-23T13:23:42.001",
                    "duration": 1.0,
                    "used": 10,
                    "losses": 0,
                    "requests": 3,
                    "handler": "CNT"
                }
            ],
            "phase_two": [
                {
                    "protocolSessionId": "17cea6cc-d6a7-4ca0-b2b2-5b2eff6fd417",
                    "account": 123123103,
                    "duration": 20,
                    "date": "2025-04-23T14:17:00.001",
                    "used": 9745,
                    "losses": 0,
                    "requests": 2,
                    "handler": "CTG"
                },
                {
                    "protocolSessionId": "cb7dc18a-acd7-4d89-8846-7f97dd21ca7b",
                    "account": 123123103,
                    "duration": 20,
                    "date": "2025-04-23T14:52:58.001",
                    "used": 1731,
                    "losses": 0,
                    "requests": 2,
                    "handler": "CTG"
                }
            ]
        }
    }
}