{
    "observation": {
        "previous_period_summary": {
            "cnt_percentage": 11.11,
            "cnt_requests": 4,
            "losses_percentage": 0.0,
            "losses_volume": 0
        },
        "current_period": {
            "phase_one": [
                {
                    "protocolSessionId": "cb0d7af4-1139-4a92-9f0f-3539846671a7",
                    "account": 123123103,
                    "date": "2025-05-25T13:42:45.001",
                    "duration": 5603.0,
                    "used": 5603,
                    "losses": 0,
                    "requests": 3,
                    "handler": "CNT"
                },
                {
                    "protocolSessionId": "1e5981c5-677d-477e-9324-8f5b984a3c55",
                    "account": 123123103,
                    "date": "2025-05-25T15:16:56.001",
                    "duration": 5.0,
                    "used": 815,
                    "losses": 0,
                    "requests": 3,
                    "handler": "CNT"
                },
                {
                    "protocolSessionId": "c339bcca-a8cb-460d-b432-bbbf5cebb4a6",
                    "account": 123123103,
                    "date": "2025-05-25T15:17:02.001",
                    "duration": 33.0,
                    "used": 664917,
                    "losses": 0,
                    "requests": 3,
                    "handler": "CNT"
                },
                {
                    "protocolSessionId": "f6ddc91a-7488-493c-ac89-0b4b33586f1a",
                    "account": 123123103,
                    "date": "2025-05-25T15:54:29.001",
                    "duration": 15997.0,
                    "used": 104963139,
                    "losses": 0,
                    "requests": 6,
                    "handler": "CNT"
                },
                {
                    "protocolSessionId": "bcbc7473-977d-415f-b0de-e0e4799ee6ed",
                    "account": 123123103,
                    "date": "2025-05-26T01:23:15.001",
                    "duration": 1682.0,
                    "used": 1017610,
                    "losses": 0,
                    "requests": 3,
                    "handler": "CNT"
                },
                {
                    "protocolSessionId": "c37cc555-bca4-4970-9c8b-be12d42edbc4",
                    "account": 123123103,
                    "date": "2025-05-26T01:51:18.001",
                    "duration": 141.0,
                    "used": 12332424,
                    "losses": 0,
                    "requests": 3,
                    "handler": "CNT"
                },
                {
                    "protocolSessionId": "cf577d64-128b-4d99-8088-46dde7aa18db",
                    "account": 123123103,
                    "date": "2025-05-26T01:57:58.001",
                    "duration": 517.0,
                    "used": 330880,
                    "losses": 0,
                    "requests": 3,
                    "handler": "CNT"
                },
                {
                    "protocolSessionId": "119c2b44-b080-47b9-b100-2fd29ca74388",
                    "account": 123123103,
                    "date": "2025-05-26T02:06:36.001",
                    "duration": 23.0,
                    "used": 12487666,
                    "losses": 0,
                    "requests": 3,
                    "handler": "CNT"
                },
                {
                    "protocolSessionId": "edd289ed-7310-40d3-b0c0-7450d5a2178b",
                    "account": 123123103,
                    "date": "2025-05-26T02:07:00.001",
                    "duration": 64.0,
                    "used": 256,
                    "losses": 0,
                    "requests": 3,
                    "handler": "CNT"
                },
                {
                    "protocolSessionId": "39c1d409-e60c-46c1-939b-22353991e55e",
                    "account": 123123103,
                    "date": "2025-05-26T08:43:36.001",
                    "duration": 0.0,
                    "used": 0,
                    "losses": 0,
                    "requests": 1,
                    "handler": "CNT"
                }
            ],
            "phase_two": [
                {
                    "protocolSessionId": "e29b3a65-5039-4cf7-a593-6324bd3a849b",
                    "account": 123123103,
                    "duration": 20,
                    "date": "2025-05-27T10:24:22.001",
                    "used": 660676622,
                    "losses": 0,
                    "requests": 3,
                    "handler": "CTG"
                },
                {
                    "protocolSessionId": "e5cf4fe0-8076-4f96-bab1-5557d9ae1af0",
                    "account": 123123103,
                    "duration": 20,
                    "date": "2025-05-27T10:40:21.001",
                    "used": 22808786,
                    "losses": 0,
                    "requests": 2,
                    "handler": "CTG"
                },
                {
                    "protocolSessionId": "8bce3807-683f-4604-ba93-75d182ad9583",
                    "account": 123123103,
                    "duration": 20,
                    "date": "2025-05-27T18:23:50.001",
                    "used": 66455640,
                    "losses": 0,
                    "requests": 2,
                    "handler": "CTG"
                },
                {
                    "protocolSessionId": "40f58d88-9bb3-47dd-9f6f-1f7273ec94b1",
                    "account": 123123103,
                    "duration": 20,
                    "date": "2025-05-28T13:38:04.001",
                    "used": 342440,
                    "losses": 0,
                    "requests": 2,
                    "handler": "CTG"
                },
                {
                    "protocolSessionId": "fa4bcfc2-8128-48ee-80fd-dcdac8561496",
                    "account": 123123103,
                    "duration": 20,
                    "date": "2025-05-29T05:54:11.001",
                    "used": 2718667,
                    "losses": 0,
                    "requests": 2,
                    "handler": "CTG"
                },
                {
                    "protocolSessionId": "d4b27836-dd01-4466-a0db-94051d6d3ac8",
                    "account": 123123103,
                    "duration": 20,
                    "date": "2025-05-30T02:47:11.001",
                    "used": 345062935,
                    "losses": 0,
                    "requests": 2,
                    "handler": "CTG"
                },
                {
                    "protocolSessionId": "6087c7a5-86b8-4a7e-aa15-011a6e4f964f",
                    "account": 123123103,
                    "duration": 20,
                    "date": "2025-05-30T06:14:33.001",
                    "used": 92578412,
                    "losses": 0,
                    "requests": 2,
                    "handler": "CTG"
                },
                {
                    "protocolSessionId": "9ce9ff48-c52b-44ae-9015-5ba2cca7f4b5",
                    "account": 123123103,
                    "duration": 20,
                    "date": "2025-05-30T06:22:24.001",
                    "used": 188879390,
                    "losses": 0,
                    "requests": 4,
                    "handler": "CTG"
                },
                {
                    "protocolSessionId": "97b28688-979e-4be0-9a6f-21db6e6ca0b9",
                    "account": 123123103,
                    "duration": 20,
                    "date": "2025-05-30T06:36:10.001",
                    "used": 96126948,
                    "losses": 0,
                    "requests": 3,
                    "handler": "CTG"
                },
                {
                    "protocolSessionId": "14451e10-59e8-4750-afa1-7bf1b5cf98cc",
                    "account": 123123103,
                    "duration": 20,
                    "date": "2025-05-30T22:45:35.001",
                    "used": 988242965,
                    "losses": 0,
                    "requests": 4,
                    "handler": "CTG"
                },
                {
                    "protocolSessionId": "a3e5226e-90a8-40d8-8832-38d3d72179d6",
                    "account": 123123103,
                    "duration": 20,
                    "date": "2025-05-31T03:25:01.001",
                    "used": 2192586,
                    "losses": 0,
                    "requests": 2,
                    "handler": "CTG"
                },
                {
                    "protocolSessionId": "3d3285c5-82cc-4695-8556-0b0a1efacf7a",
                    "account": 123123103,
                    "duration": 20,
                    "date": "2025-05-31T03:44:37.001",
                    "used": 774387,
                    "losses": 0,
                    "requests": 2,
                    "handler": "CTG"
                },
                {
                    "protocolSessionId": "860d3681-8601-48c1-a47f-4f32170bc13b",
                    "account": 123123103,
                    "duration": 20,
                    "date": "2025-05-31T04:07:56.001",
                    "used": 54167360,
                    "losses": 0,
                    "requests": 2,
                    "handler": "CTG"
                },
                {
                    "protocolSessionId": "34a5ba46-bc5d-479d-af3e-b49c8d948f76",
                    "account": 123123103,
                    "duration": 20,
                    "date": "2025-05-31T05:12:35.001",
                    "used": 1609280,
                    "losses": 0,
                    "requests": 2,
                    "handler": "CTG"
                },
                {
                    "protocolSessionId": "a7e8cbdc-dfb7-4ac2-b9e5-33b1b02266ef",
                    "account": 123123103,
                    "duration": 20,
                    "date": "2025-05-31T05:13:57.001",
                    "used": 514431,
                    "losses": 0,
                    "requests": 2,
                    "handler": "CTG"
                },
                {
                    "protocolSessionId": "790b0826-7fa4-4806-8acc-48635c8cb351",
                    "account": 123123103,
                    "duration": 20,
                    "date": "2025-05-31T12:33:13.001",
                    "used": 1014592,
                    "losses": 0,
                    "requests": 2,
                    "handler": "CTG"
                },
                {
                    "protocolSessionId": "ed7c8000-f50c-4a38-a89a-9a85c1c0ece5",
                    "account": 123123103,
                    "duration": 20,
                    "date": "2025-05-31T13:16:43.001",
                    "used": 32192481,
                    "losses": 0,
                    "requests": 2,
                    "handler": "CTG"
                },
                {
                    "protocolSessionId": "a618e5ed-be06-4522-a8ed-782da15333a8",
                    "account": 123123103,
                    "duration": 20,
                    "date": "2025-05-31T18:01:29.001",
                    "used": 909478,
                    "losses": 0,
                    "requests": 2,
                    "handler": "CTG"
                },
                {
                    "protocolSessionId": "f92be63f-eb54-4dd4-8f95-5e7c3a2f16d7",
                    "account": 123123103,
                    "duration": 20,
                    "date": "2025-05-31T18:59:17.001",
                    "used": 111640616,
                    "losses": 0,
                    "requests": 3,
                    "handler": "CTG"
                },
                {
                    "protocolSessionId": "0bf18af5-b659-4ef6-b7fd-bf7a053a0486",
                    "account": 123123103,
                    "duration": 20,
                    "date": "2025-06-01T00:09:18.001",
                    "used": 0,
                    "losses": 0,
                    "requests": 1,
                    "handler": "CTG"
                },
                {
                    "protocolSessionId": "cf641645-a575-4d74-bf14-f68f1db110ad",
                    "account": 123123103,
                    "duration": 20,
                    "date": "2025-06-01T05:48:28.001",
                    "used": 16930583,
                    "losses": 0,
                    "requests": 3,
                    "handler": "CTG"
                },
                {
                    "protocolSessionId": "cedd89b5-5a6d-42dc-83f3-ed08cb4371a6",
                    "account": 123123103,
                    "duration": 20,
                    "date": "2025-06-01T15:50:08.001",
                    "used": 208136660,
                    "losses": 0,
                    "requests": 3,
                    "handler": "CTG"
                },
                {
                    "protocolSessionId": "df6a16d2-0660-453e-82cc-a993873c00b2",
                    "account": 123123103,
                    "duration": 20,
                    "date": "2025-06-02T00:34:46.001",
                    "used": 213984,
                    "losses": 0,
                    "requests": 2,
                    "handler": "CTG"
                },
                {
                    "protocolSessionId": "5d90c3ba-bc94-405f-93d0-3df4250b1a6d",
                    "account": 123123103,
                    "duration": 20,
                    "date": "2025-06-02T02:11:32.001",
                    "used": 6144260,
                    "losses": 0,
                    "requests": 2,
                    "handler": "CTG"
                },
                {
                    "protocolSessionId": "01d10c73-0ce3-4393-b28a-8de92938d949",
                    "account": 123123103,
                    "duration": 20,
                    "date": "2025-06-02T04:56:11.001",
                    "used": 393831249,
                    "losses": 0,
                    "requests": 4,
                    "handler": "CTG"
                },
                {
                    "protocolSessionId": "d673a5fd-7bb0-4c75-9bbf-53ccaca9df53",
                    "account": 123123103,
                    "duration": 20,
                    "date": "2025-06-02T07:00:19.001",
                    "used": 6435360,
                    "losses": 0,
                    "requests": 2,
                    "handler": "CTG"
                },
                {
                    "protocolSessionId": "f643dace-5f97-4388-bea8-4111b70eff86",
                    "account": 123123103,
                    "duration": 20,
                    "date": "2025-06-02T10:25:28.001",
                    "used": 2960,
                    "losses": 0,
                    "requests": 2,
                    "handler": "CTG"
                },
                {
                    "protocolSessionId": "4013c9a9-5fd4-4dfa-bab9-613a0554fead",
                    "account": 123123103,
                    "duration": 20,
                    "date": "2025-06-02T12:06:13.001",
                    "used": 1221594,
                    "losses": 0,
                    "requests": 2,
                    "handler": "CTG"
                },
                {
                    "protocolSessionId": "00dce4ac-e773-4ea6-8123-4d097bda93cf",
                    "account": 123123103,
                    "duration": 20,
                    "date": "2025-06-02T23:09:36.001",
                    "used": 193982619,
                    "losses": 0,
                    "requests": 4,
                    "handler": "CTG"
                },
                {
                    "protocolSessionId": "adcaa80e-b825-47bf-99e0-3e5873d8da14",
                    "account": 123123103,
                    "duration": 20,
                    "date": "2025-06-03T03:22:38.001",
                    "used": 3880,
                    "losses": 0,
                    "requests": 2,
                    "handler": "CTG"
                },
                {
                    "protocolSessionId": "4c1b9fce-490b-47f4-b111-712e2de8a019",
                    "account": 123123103,
                    "duration": 20,
                    "date": "2025-06-03T03:34:07.001",
                    "used": 745350,
                    "losses": 0,
                    "requests": 2,
                    "handler": "CTG"
                },
                {
                    "protocolSessionId": "f774a542-765c-4926-9f2f-cd8ce96f891e",
                    "account": 123123103,
                    "duration": 20,
                    "date": "2025-06-03T04:34:37.001",
                    "used": 74046,
                    "losses": 0,
                    "requests": 2,
                    "handler": "CTG"
                },
                {
                    "protocolSessionId": "f4194adf-7cd2-4fdb-b536-1c479c13ab21",
                    "account": 123123103,
                    "duration": 20,
                    "date": "2025-06-03T14:52:52.001",
                    "used": 172127554,
                    "losses": 0,
                    "requests": 3,
                    "handler": "CTG"
                },
                {
                    "protocolSessionId": "a5048dbf-7671-440d-811f-0bed68f4da90",
                    "account": 123123103,
                    "duration": 20,
                    "date": "2025-06-04T00:28:25.001",
                    "used": 52430196,
                    "losses": 0,
                    "requests": 2,
                    "handler": "CTG"
                },
                {
                    "protocolSessionId": "9d89f5e8-1063-4e56-b1b1-ffd3cccf525b",
                    "account": 123123103,
                    "duration": 20,
                    "date": "2025-06-04T02:43:46.001",
                    "used": 368239133,
                    "losses": 0,
                    "requests": 4,
                    "handler": "CTG"
                }
            ]
        }
    }
}