{
    "observation": {
        "previous_period_summary": {
            "cnt_percentage": 6.74,
            "cnt_requests": 6,
            "losses_percentage": 0.0,
            "losses_volume": 0
        },
        "current_period": {
            "phase_one": [
                {
                    "protocolSessionId": "8b09e621-f75f-4d9f-bfd7-bf79f7a76067",
                    "account": 123123103,
                    "date": "2025-04-02T04:18:07.001",
                    "duration": 8128.0,
                    "used": 235712,
                    "losses": 0,
                    "requests": 3,
                    "handler": "CNT"
                }
            ],
            "phase_two": [
                {
                    "protocolSessionId": "b3598732-0d83-4d71-8747-83084b1b8855",
                    "account": 123123103,
                    "duration": 20,
                    "date": "2025-04-02T05:50:42.001",
                    "used": 504,
                    "losses": 0,
                    "requests": 2,
                    "handler": "CTG"
                },
                {
                    "protocolSessionId": "d2a1d912-aeb9-4c1d-b89d-5d749e6eadce",
                    "account": 123123103,
                    "duration": 20,
                    "date": "2025-04-02T08:12:37.001",
                    "used": 354722848,
                    "losses": 0,
                    "requests": 6,
                    "handler": "CTG"
                },
                {
                    "protocolSessionId": "20daa583-7e8e-457d-baa9-6db2a59bd0b5",
                    "account": 123123103,
                    "duration": 20,
                    "date": "2025-04-02T12:49:59.001",
                    "used": 0,
                    "losses": 0,
                    "requests": 1,
                    "handler": "CTG"
                },
                {
                    "protocolSessionId": "124f3a88-7735-45a5-a59f-e60975b7bf83",
                    "account": 123123103,
                    "duration": 20,
                    "date": "2025-04-02T14:39:48.001",
                    "used": 50734320,
                    "losses": 0,
                    "requests": 2,
                    "handler": "CTG"
                },
                {
                    "protocolSessionId": "96bcea55-3081-4179-85d3-2191332cf762",
                    "account": 123123103,
                    "duration": 20,
                    "date": "2025-04-02T17:07:05.001",
                    "used": 1059240,
                    "losses": 0,
                    "requests": 2,
                    "handler": "CTG"
                },
                {
                    "protocolSessionId": "f858110e-b95e-4687-83d1-ce9e955a4c55",
                    "account": 123123103,
                    "duration": 20,
                    "date": "2025-04-02T21:55:04.001",
                    "used": 3808,
                    "losses": 0,
                    "requests": 2,
                    "handler": "CTG"
                },
                {
                    "protocolSessionId": "471d0d8d-920d-4532-af4a-9048d9d6c1a6",
                    "account": 123123103,
                    "duration": 20,
                    "date": "2025-04-03T02:53:28.001",
                    "used": 690840942,
                    "losses": 0,
                    "requests": 4,
                    "handler": "CTG"
                }
            ]
        }
    }
}