{
    "observation": {
        "previous_period_summary": {
            "cnt_percentage": 48.94,
            "cnt_requests": 23,
            "losses_percentage": 0.0,
            "losses_volume": 0
        },
        "current_period": {
            "phase_one": [
                {
                    "protocolSessionId": "15b5a31b-aa51-47d0-afba-0683f9d4002b",
                    "account": 123123103,
                    "date": "2025-03-05T22:45:29.001",
                    "duration": 6229.0,
                    "used": 17111063,
                    "losses": 0,
                    "requests": 3,
                    "handler": "CNT"
                }
            ],
            "phase_two": [
                {
                    "protocolSessionId": "67eff6d1-2bff-4ca2-8587-6b5b74012497",
                    "account": 123123103,
                    "duration": 20,
                    "date": "2025-03-06T02:35:43.001",
                    "used": 265832811,
                    "losses": 0,
                    "requests": 3,
                    "handler": "CTG"
                },
                {
                    "protocolSessionId": "b15c8ed1-e725-4dab-b639-e62cd1460185",
                    "account": 123123103,
                    "duration": 20,
                    "date": "2025-03-06T02:44:14.001",
                    "used": 5757948,
                    "losses": 0,
                    "requests": 2,
                    "handler": "CTG"
                },
                {
                    "protocolSessionId": "7c8f18e6-dd88-4697-8d48-79baf9b8e990",
                    "account": 123123103,
                    "duration": 20,
                    "date": "2025-03-06T03:38:58.001",
                    "used": 29529,
                    "losses": 0,
                    "requests": 2,
                    "handler": "CTG"
                }
            ]
        }
    }
}