{
    "observation": {
        "previous_period_summary": {
            "cnt_percentage": 81.82,
            "cnt_requests": 9,
            "losses_percentage": 0.0,
            "losses_volume": 0
        },
        "current_period": {
            "phase_one": [
                {
                    "protocolSessionId": "a84e7178-1b76-466e-8290-338f752b0487",
                    "account": 123123103,
                    "date": "2025-04-07T04:07:23.001",
                    "duration": 9486.0,
                    "used": 75888,
                    "losses": 0,
                    "requests": 3,
                    "handler": "CNT"
                },
                {
                    "protocolSessionId": "f776ef76-091d-4fdc-b213-aa8971f41947",
                    "account": 123123103,
                    "date": "2025-04-07T06:45:30.001",
                    "duration": 198277.0,
                    "used": 263146580,
                    "losses": 0,
                    "requests": 10,
                    "handler": "CNT"
                }
            ],
            "phase_two": [
                {
                    "protocolSessionId": "2f378780-09d1-4c49-bd18-51dc966e4b90",
                    "account": 123123103,
                    "duration": 20,
                    "date": "2025-04-07T09:20:03.001",
                    "used": 40040,
                    "losses": 0,
                    "requests": 2,
                    "handler": "CTG"
                },
                {
                    "protocolSessionId": "8ff4651d-cc3b-4d6e-8a23-717a27f77462",
                    "account": 123123103,
                    "duration": 20,
                    "date": "2025-04-07T10:07:05.001",
                    "used": 100424779,
                    "losses": 0,
                    "requests": 2,
                    "handler": "CTG"
                },
                {
                    "protocolSessionId": "3867c91b-743f-4888-936c-64fc1f6a523b",
                    "account": 123123103,
                    "duration": 20,
                    "date": "2025-04-07T11:42:35.001",
                    "used": 324230749,
                    "losses": 0,
                    "requests": 4,
                    "handler": "CTG"
                },
                {
                    "protocolSessionId": "1a1b1509-7371-4ec1-ab36-4fdd07be8599",
                    "account": 123123103,
                    "duration": 20,
                    "date": "2025-04-07T11:51:12.001",
                    "used": 195720,
                    "losses": 0,
                    "requests": 2,
                    "handler": "CTG"
                }
            ]
        }
    }
}