{
    "observation": {
        "previous_period_summary": {
            "cnt_percentage": 37.5,
            "cnt_requests": 9,
            "losses_percentage": 0.0,
            "losses_volume": 0
        },
        "current_period": {
            "phase_one": [
                {
                    "protocolSessionId": "3dc2e7ea-cafd-478b-a0e5-6b195dcdc77e",
                    "account": 123123103,
                    "date": "2025-03-04T12:56:31.001",
                    "duration": 522.0,
                    "used": 41760,
                    "losses": 0,
                    "requests": 3,
                    "handler": "CNT"
                },
                {
                    "protocolSessionId": "a1123231-b3fd-4c5e-86e8-b4492f67ba19",
                    "account": 123123103,
                    "date": "2025-03-04T13:14:23.001",
                    "duration": 15121.0,
                    "used": 209834200,
                    "losses": 0,
                    "requests": 10,
                    "handler": "CNT"
                },
                {
                    "protocolSessionId": "d9272a6e-6101-4b8d-8998-fe2711bf4299",
                    "account": 123123103,
                    "date": "2025-03-04T21:15:24.001",
                    "duration": 872.0,
                    "used": 212489480,
                    "losses": 0,
                    "requests": 10,
                    "handler": "CNT"
                }
            ],
            "phase_two": [
                {
                    "protocolSessionId": "be1ad7a1-1d90-4978-b206-67660ce6bdb6",
                    "account": 123123103,
                    "duration": 20,
                    "date": "2025-03-05T00:27:54.001",
                    "used": 107966304,
                    "losses": 0,
                    "requests": 2,
                    "handler": "CTG"
                },
                {
                    "protocolSessionId": "4e0cc0be-2dfc-4c2c-9226-c78a0ce4620f",
                    "account": 123123103,
                    "duration": 20,
                    "date": "2025-03-05T01:47:32.001",
                    "used": 116760,
                    "losses": 0,
                    "requests": 2,
                    "handler": "CTG"
                },
                {
                    "protocolSessionId": "2b9ca8df-a617-49e7-9157-64906f78925e",
                    "account": 123123103,
                    "duration": 20,
                    "date": "2025-03-05T03:19:02.001",
                    "used": 594202324,
                    "losses": 0,
                    "requests": 4,
                    "handler": "CTG"
                },
                {
                    "protocolSessionId": "5adaaae4-d103-4eca-b24e-d1656e7cc231",
                    "account": 123123103,
                    "duration": 20,
                    "date": "2025-03-05T03:19:05.001",
                    "used": 610300,
                    "losses": 0,
                    "requests": 2,
                    "handler": "CTG"
                },
                {
                    "protocolSessionId": "2fce7439-fe5f-46ef-801a-856811bd518d",
                    "account": 123123103,
                    "duration": 20,
                    "date": "2025-03-05T03:30:23.001",
                    "used": 253,
                    "losses": 0,
                    "requests": 2,
                    "handler": "CTG"
                },
                {
                    "protocolSessionId": "be440970-3a1c-4139-872f-a6210d37a058",
                    "account": 123123103,
                    "duration": 20,
                    "date": "2025-03-05T04:30:53.001",
                    "used": 3027085,
                    "losses": 0,
                    "requests": 2,
                    "handler": "CTG"
                },
                {
                    "protocolSessionId": "0e9274b2-aebb-444d-8774-1a18fd01aca2",
                    "account": 123123103,
                    "duration": 20,
                    "date": "2025-03-05T09:12:22.001",
                    "used": 142206545,
                    "losses": 0,
                    "requests": 2,
                    "handler": "CTG"
                },
                {
                    "protocolSessionId": "ec3cd219-0b31-4c39-bba4-c3f49b519ed6",
                    "account": 123123103,
                    "duration": 20,
                    "date": "2025-03-05T15:02:47.001",
                    "used": 355977198,
                    "losses": 0,
                    "requests": 3,
                    "handler": "CTG"
                },
                {
                    "protocolSessionId": "f030e3b2-a32e-4c18-9fb1-53406227ead6",
                    "account": 123123103,
                    "duration": 20,
                    "date": "2025-03-05T22:25:27.001",
                    "used": 774869920,
                    "losses": 0,
                    "requests": 3,
                    "handler": "CTG"
                },
                {
                    "protocolSessionId": "f7ba4b61-52a5-4e78-9b67-8a0d126b0923",
                    "account": 123123103,
                    "duration": 20,
                    "date": "2025-03-05T22:45:28.001",
                    "used": 3771992,
                    "losses": 0,
                    "requests": 2,
                    "handler": "CTG"
                }
            ]
        }
    }
}