{
    "observation": {
        "previous_period_summary": {
            "cnt_percentage": 42.86,
            "cnt_requests": 3,
            "losses_percentage": 0.0,
            "losses_volume": 0
        },
        "current_period": {
            "phase_one": [
                {
                    "protocolSessionId": "7f89a1a0-8f6e-4889-a0fb-6d2e227d67d4",
                    "account": 123123103,
                    "date": "2025-04-23T15:05:14.001",
                    "duration": 1.0,
                    "used": 1108024,
                    "losses": 0,
                    "requests": 3,
                    "handler": "CNT"
                }
            ],
            "phase_two": [
                {
                    "protocolSessionId": "0bcfc664-e7d6-4948-836e-bc8b7d5ddd7c",
                    "account": 123123103,
                    "duration": 20,
                    "date": "2025-04-23T15:34:00.001",
                    "used": 17699040,
                    "losses": 0,
                    "requests": 2,
                    "handler": "CTG"
                },
                {
                    "protocolSessionId": "f44eda0f-39ce-49c6-9a8d-deca8d6e079b",
                    "account": 123123103,
                    "duration": 20,
                    "date": "2025-04-23T21:17:41.001",
                    "used": 554484,
                    "losses": 0,
                    "requests": 2,
                    "handler": "CTG"
                },
                {
                    "protocolSessionId": "6e62c15d-0236-4189-8579-11eff926b721",
                    "account": 123123103,
                    "duration": 20,
                    "date": "2025-04-23T23:31:30.001",
                    "used": 4500,
                    "losses": 0,
                    "requests": 2,
                    "handler": "CTG"
                },
                {
                    "protocolSessionId": "aaf23ebe-7cc3-4b0a-a015-e65a1dc49782",
                    "account": 123123103,
                    "duration": 20,
                    "date": "2025-04-23T23:31:33.001",
                    "used": 2,
                    "losses": 0,
                    "requests": 2,
                    "handler": "CTG"
                },
                {
                    "protocolSessionId": "76247884-81d6-495c-8740-4c8569d7ab1b",
                    "account": 123123103,
                    "duration": 20,
                    "date": "2025-04-24T00:00:00.001",
                    "used": 0,
                    "losses": 0,
                    "requests": 1,
                    "handler": "CTG"
                }
            ]
        }
    }
}