{
    "observation": {
        "previous_period_summary": {
            "cnt_percentage": 60.0,
            "cnt_requests": 9,
            "losses_percentage": 0.0,
            "losses_volume": 0
        },
        "current_period": {
            "phase_one": [
                {
                    "protocolSessionId": "cdc0beea-1b2b-430e-b1ca-0d33c059492b",
                    "account": 123123103,
                    "date": "2025-05-11T15:07:38.001",
                    "duration": 2.0,
                    "used": 282710,
                    "losses": 0,
                    "requests": 3,
                    "handler": "CNT"
                },
                {
                    "protocolSessionId": "b74399e6-9c93-4d0b-8c34-f6f3cb3a7736",
                    "account": 123123103,
                    "date": "2025-05-11T15:10:44.001",
                    "duration": 116.0,
                    "used": 46864,
                    "losses": 0,
                    "requests": 3,
                    "handler": "CNT"
                },
                {
                    "protocolSessionId": "fc76bf3e-5671-423b-b157-c30caa9cace0",
                    "account": 123123103,
                    "date": "2025-05-11T15:19:35.001",
                    "duration": 113.0,
                    "used": 2682281,
                    "losses": 0,
                    "requests": 3,
                    "handler": "CNT"
                }
            ],
            "phase_two": [
                {
                    "protocolSessionId": "69ddd756-2f22-404e-8b43-d158fa1409a5",
                    "account": 123123103,
                    "duration": 20,
                    "date": "2025-05-11T15:21:46.001",
                    "used": 0,
                    "losses": 0,
                    "requests": 1,
                    "handler": "CTG"
                }
            ]
        }
    }
}