{
    "observation": {
        "previous_period_summary": {
            "cnt_percentage": 60.0,
            "cnt_requests": 3,
            "losses_percentage": 0.0,
            "losses_volume": 0
        },
        "current_period": {
            "phase_one": [
                {
                    "protocolSessionId": "99c16021-a55b-4a62-9fd8-6ebbe8355876",
                    "account": 123123103,
                    "date": "2025-03-13T00:40:39.001",
                    "duration": 372.0,
                    "used": 0,
                    "losses": 0,
                    "requests": 3,
                    "handler": "CNT"
                }
            ],
            "phase_two": [
                {
                    "protocolSessionId": "d6ee30a9-3063-46d2-add0-2b825850e09c",
                    "account": 123123103,
                    "duration": 20,
                    "date": "2025-03-13T01:08:24.001",
                    "used": 2452,
                    "losses": 0,
                    "requests": 2,
                    "handler": "CTG"
                },
                {
                    "protocolSessionId": "727bdc93-0399-4fd7-97f4-bec4794e1d9c",
                    "account": 123123103,
                    "duration": 20,
                    "date": "2025-03-13T19:27:54.001",
                    "used": 328643,
                    "losses": 0,
                    "requests": 2,
                    "handler": "CTG"
                },
                {
                    "protocolSessionId": "8d285702-6f8a-4a51-8ee0-b7e857ec1596",
                    "account": 123123103,
                    "duration": 20,
                    "date": "2025-03-13T22:07:39.001",
                    "used": 38184,
                    "losses": 0,
                    "requests": 2,
                    "handler": "CTG"
                },
                {
                    "protocolSessionId": "6a53b3c0-af3b-4743-9ae3-757064942918",
                    "account": 123123103,
                    "duration": 20,
                    "date": "2025-03-13T22:56:18.001",
                    "used": 0,
                    "losses": 0,
                    "requests": 1,
                    "handler": "CTG"
                },
                {
                    "protocolSessionId": "3dad856c-2949-427e-a96d-96659756b714",
                    "account": 123123103,
                    "duration": 20,
                    "date": "2025-03-14T01:44:16.001",
                    "used": 1581683,
                    "losses": 0,
                    "requests": 2,
                    "handler": "CTG"
                },
                {
                    "protocolSessionId": "71a48f99-1870-4b88-bac0-61b01102af2a",
                    "account": 123123103,
                    "duration": 20,
                    "date": "2025-03-14T08:24:27.001",
                    "used": 3695654,
                    "losses": 0,
                    "requests": 2,
                    "handler": "CTG"
                }
            ]
        }
    }
}