{
    "observation": {
        "previous_period_summary": {
            "cnt_percentage": 60.0,
            "cnt_requests": 3,
            "losses_percentage": 0.0,
            "losses_volume": 0
        },
        "current_period": {
            "phase_one": [
                {
                    "protocolSessionId": "ab1a3859-fa73-41c0-b60d-5e62f88a3e0a",
                    "account": 123123103,
                    "date": "2025-04-04T06:30:18.001",
                    "duration": 1313.0,
                    "used": 217958,
                    "losses": 0,
                    "requests": 3,
                    "handler": "CNT"
                },
                {
                    "protocolSessionId": "b6e6a9ff-ecef-432a-912e-994bdc525207",
                    "account": 123123103,
                    "date": "2025-04-04T10:31:36.001",
                    "duration": 42225.0,
                    "used": 158577904,
                    "losses": 0,
                    "requests": 6,
                    "handler": "CNT"
                }
            ],
            "phase_two": [
                {
                    "protocolSessionId": "82194cf0-c8a4-4274-b2fb-3502263e7dfb",
                    "account": 123123103,
                    "duration": 20,
                    "date": "2025-04-04T15:52:45.001",
                    "used": 115360,
                    "losses": 0,
                    "requests": 2,
                    "handler": "CTG"
                },
                {
                    "protocolSessionId": "f22d84ad-ace1-43d9-b1f5-91a6d9d5c1fe",
                    "account": 123123103,
                    "duration": 20,
                    "date": "2025-04-04T18:35:29.001",
                    "used": 36648570,
                    "losses": 0,
                    "requests": 2,
                    "handler": "CTG"
                },
                {
                    "protocolSessionId": "0eedc619-7333-46b8-9e66-17f1a6c3a72b",
                    "account": 123123103,
                    "duration": 20,
                    "date": "2025-04-04T19:00:35.001",
                    "used": 21156,
                    "losses": 0,
                    "requests": 2,
                    "handler": "CTG"
                }
            ]
        }
    }
}