{
    "observation": {
        "previous_period_summary": {
            "cnt_percentage": 13.64,
            "cnt_requests": 3,
            "losses_percentage": 0.0,
            "losses_volume": 0
        },
        "current_period": {
            "phase_one": [
                {
                    "protocolSessionId": "eb5894b5-e763-4952-b8fa-321c3b14adc8",
                    "account": 123123103,
                    "date": "2025-04-03T04:06:33.001",
                    "duration": 1.0,
                    "used": 1113146,
                    "losses": 0,
                    "requests": 3,
                    "handler": "CNT"
                },
                {
                    "protocolSessionId": "bd89cdc2-2d16-4de0-879b-aeb3d117eba0",
                    "account": 123123103,
                    "date": "2025-04-03T04:07:27.001",
                    "duration": 1.0,
                    "used": 7608,
                    "losses": 0,
                    "requests": 3,
                    "handler": "CNT"
                }
            ],
            "phase_two": [
                {
                    "protocolSessionId": "7bee6748-ee1f-4861-a083-315528a9dcbe",
                    "account": 123123103,
                    "duration": 20,
                    "date": "2025-04-03T04:09:35.001",
                    "used": 660,
                    "losses": 0,
                    "requests": 2,
                    "handler": "CTG"
                },
                {
                    "protocolSessionId": "79bd5454-4a15-4779-abd7-dcfd99595de4",
                    "account": 123123103,
                    "duration": 20,
                    "date": "2025-04-03T08:58:25.001",
                    "used": 539692608,
                    "losses": 0,
                    "requests": 2,
                    "handler": "CTG"
                },
                {
                    "protocolSessionId": "6bc689c6-3bf2-4f2a-8e97-054e606ba74f",
                    "account": 123123103,
                    "duration": 20,
                    "date": "2025-04-03T14:10:56.001",
                    "used": 23183238,
                    "losses": 0,
                    "requests": 2,
                    "handler": "CTG"
                },
                {
                    "protocolSessionId": "cf840b02-62f1-4149-a213-b2768d227290",
                    "account": 123123103,
                    "duration": 20,
                    "date": "2025-04-03T14:49:41.001",
                    "used": 11680,
                    "losses": 0,
                    "requests": 2,
                    "handler": "CTG"
                },
                {
                    "protocolSessionId": "12ca323e-b662-4b45-8603-d981f9c86d97",
                    "account": 123123103,
                    "duration": 20,
                    "date": "2025-04-03T18:39:47.001",
                    "used": 558930,
                    "losses": 0,
                    "requests": 2,
                    "handler": "CTG"
                },
                {
                    "protocolSessionId": "e3302d80-b6f1-49f8-833f-3dcaf41ae61e",
                    "account": 123123103,
                    "duration": 20,
                    "date": "2025-04-03T21:39:21.001",
                    "used": 627134758,
                    "losses": 0,
                    "requests": 5,
                    "handler": "CTG"
                },
                {
                    "protocolSessionId": "56b8b538-2257-497c-9703-3477f9082a93",
                    "account": 123123103,
                    "duration": 20,
                    "date": "2025-04-03T22:23:37.001",
                    "used": 0,
                    "losses": 0,
                    "requests": 1,
                    "handler": "CTG"
                },
                {
                    "protocolSessionId": "873c2467-f87f-4e47-af76-49f6e8f9a844",
                    "account": 123123103,
                    "duration": 20,
                    "date": "2025-04-04T03:49:35.001",
                    "used": 13621590,
                    "losses": 0,
                    "requests": 2,
                    "handler": "CTG"
                }
            ]
        }
    }
}