{
    "observation": {
        "previous_period_summary": {
            "cnt_percentage": 60.0,
            "cnt_requests": 6,
            "losses_percentage": 0.0,
            "losses_volume": 0
        },
        "current_period": {
            "phase_one": [
                {
                    "protocolSessionId": "0aca5cf4-b6ae-4a05-958c-5828362779b6",
                    "account": 123123103,
                    "date": "2025-05-02T00:42:13.001",
                    "duration": 1180.0,
                    "used": 447220,
                    "losses": 0,
                    "requests": 3,
                    "handler": "CNT"
                },
                {
                    "protocolSessionId": "9f571de6-f8ba-4647-a770-93333051c7fc",
                    "account": 123123103,
                    "date": "2025-05-02T01:08:21.001",
                    "duration": 107.0,
                    "used": 45785942,
                    "losses": 0,
                    "requests": 3,
                    "handler": "CNT"
                },
                {
                    "protocolSessionId": "e89ad8aa-7cea-4ea9-ba70-8f8d3294edba",
                    "account": 123123103,
                    "date": "2025-05-02T02:50:42.001",
                    "duration": 177.0,
                    "used": 121068,
                    "losses": 0,
                    "requests": 3,
                    "handler": "CNT"
                },
                {
                    "protocolSessionId": "91d37d75-deb6-49c6-87bc-0f71638794c2",
                    "account": 123123103,
                    "date": "2025-05-02T04:00:57.001",
                    "duration": 27187.0,
                    "used": 209807632,
                    "losses": 0,
                    "requests": 10,
                    "handler": "CNT"
                }
            ],
            "phase_two": [
                {
                    "protocolSessionId": "37600299-8e01-4639-9ed6-0a7898d55902",
                    "account": 123123103,
                    "duration": 20,
                    "date": "2025-05-02T06:38:16.001",
                    "used": 159968184,
                    "losses": 0,
                    "requests": 2,
                    "handler": "CTG"
                },
                {
                    "protocolSessionId": "d06a6896-9ab3-4c74-88ad-12d2b8edec5c",
                    "account": 123123103,
                    "duration": 20,
                    "date": "2025-05-02T06:44:24.001",
                    "used": 59768166,
                    "losses": 0,
                    "requests": 2,
                    "handler": "CTG"
                }
            ]
        }
    }
}