{
    "observation": {
        "previous_period_summary": {
            "cnt_percentage": 52.94,
            "cnt_requests": 9,
            "losses_percentage": 0.0,
            "losses_volume": 0
        },
        "current_period": {
            "phase_one": [
                {
                    "protocolSessionId": "af135ebb-2887-492f-bf83-ea0f9468b2ef",
                    "account": 123123103,
                    "date": "2025-05-04T08:13:01.001",
                    "duration": 1438.0,
                    "used": 26240624,
                    "losses": 0,
                    "requests": 3,
                    "handler": "CNT"
                }
            ],
            "phase_two": [
                {
                    "protocolSessionId": "f1f4a3cb-175a-4c97-8ec3-9ab1c128b4a5",
                    "account": 123123103,
                    "duration": 20,
                    "date": "2025-05-04T10:44:52.001",
                    "used": 8066,
                    "losses": 0,
                    "requests": 2,
                    "handler": "CTG"
                },
                {
                    "protocolSessionId": "7d217dea-5df5-4d59-98d3-c48b612951a5",
                    "account": 123123103,
                    "duration": 20,
                    "date": "2025-05-04T11:09:58.001",
                    "used": 55453200,
                    "losses": 0,
                    "requests": 2,
                    "handler": "CTG"
                },
                {
                    "protocolSessionId": "1e303147-974e-4f35-8e89-46ad4b562ab8",
                    "account": 123123103,
                    "duration": 20,
                    "date": "2025-05-04T17:39:58.001",
                    "used": 112330,
                    "losses": 0,
                    "requests": 2,
                    "handler": "CTG"
                },
                {
                    "protocolSessionId": "78785e32-92b2-494e-a5c2-8d6e939597c3",
                    "account": 123123103,
                    "duration": 20,
                    "date": "2025-05-04T22:42:02.001",
                    "used": 490572,
                    "losses": 0,
                    "requests": 2,
                    "handler": "CTG"
                },
                {
                    "protocolSessionId": "bf7e9e64-a546-4599-a22c-13ccb47acc6d",
                    "account": 123123103,
                    "duration": 20,
                    "date": "2025-05-04T22:50:06.001",
                    "used": 176445585,
                    "losses": 0,
                    "requests": 2,
                    "handler": "CTG"
                },
                {
                    "protocolSessionId": "ad256538-7dd9-4368-9667-d3a73fb184d6",
                    "account": 123123103,
                    "duration": 20,
                    "date": "2025-05-05T03:28:16.001",
                    "used": 989707959,
                    "losses": 0,
                    "requests": 3,
                    "handler": "CTG"
                },
                {
                    "protocolSessionId": "b6f861d0-66be-4bd6-b231-1d00820b82f0",
                    "account": 123123103,
                    "duration": 20,
                    "date": "2025-05-05T03:31:55.001",
                    "used": 44618700,
                    "losses": 0,
                    "requests": 2,
                    "handler": "CTG"
                },
                {
                    "protocolSessionId": "ee8a343a-4406-455c-b246-ed8d8efa0462",
                    "account": 123123103,
                    "duration": 20,
                    "date": "2025-05-05T08:37:56.001",
                    "used": 609668540,
                    "losses": 0,
                    "requests": 3,
                    "handler": "CTG"
                },
                {
                    "protocolSessionId": "2781187d-b791-4b51-8370-0fb53e0609f4",
                    "account": 123123103,
                    "duration": 20,
                    "date": "2025-05-05T14:15:42.001",
                    "used": 225419227,
                    "losses": 0,
                    "requests": 3,
                    "handler": "CTG"
                },
                {
                    "protocolSessionId": "e750145b-1ff8-4996-a0d1-1ea1641a2a75",
                    "account": 123123103,
                    "duration": 20,
                    "date": "2025-05-06T17:39:07.001",
                    "used": 12287043,
                    "losses": 0,
                    "requests": 2,
                    "handler": "CTG"
                },
                {
                    "protocolSessionId": "056c40e8-9093-4f22-8dcb-90f4c2809e33",
                    "account": 123123103,
                    "duration": 20,
                    "date": "2025-05-06T18:39:52.001",
                    "used": 64658,
                    "losses": 0,
                    "requests": 2,
                    "handler": "CTG"
                },
                {
                    "protocolSessionId": "5a1b9d09-e5cf-4c7d-982f-3bf48d181b8a",
                    "account": 123123103,
                    "duration": 20,
                    "date": "2025-05-06T18:48:08.001",
                    "used": 1009,
                    "losses": 0,
                    "requests": 2,
                    "handler": "CTG"
                },
                {
                    "protocolSessionId": "be4ab5d7-df66-44a4-8b01-1ea13a7c1f39",
                    "account": 123123103,
                    "duration": 20,
                    "date": "2025-05-07T02:51:59.001",
                    "used": 13065894,
                    "losses": 0,
                    "requests": 2,
                    "handler": "CTG"
                },
                {
                    "protocolSessionId": "49fdbda5-d313-4268-82f0-e5f0968a7528",
                    "account": 123123103,
                    "duration": 20,
                    "date": "2025-05-07T03:06:47.001",
                    "used": 258117,
                    "losses": 0,
                    "requests": 2,
                    "handler": "CTG"
                },
                {
                    "protocolSessionId": "13c326ed-b039-4977-b54b-7c6fc22c4a4b",
                    "account": 123123103,
                    "duration": 20,
                    "date": "2025-05-07T06:10:58.001",
                    "used": 25303590,
                    "losses": 0,
                    "requests": 2,
                    "handler": "CTG"
                },
                {
                    "protocolSessionId": "a6109936-e858-4953-ba05-720343af79b5",
                    "account": 123123103,
                    "duration": 20,
                    "date": "2025-05-07T15:16:39.001",
                    "used": 307891794,
                    "losses": 0,
                    "requests": 2,
                    "handler": "CTG"
                },
                {
                    "protocolSessionId": "1973c5d7-5f6c-4858-8f6c-2de54447fece",
                    "account": 123123103,
                    "duration": 20,
                    "date": "2025-05-07T22:02:29.001",
                    "used": 108797724,
                    "losses": 0,
                    "requests": 2,
                    "handler": "CTG"
                },
                {
                    "protocolSessionId": "43e4d2f7-8b53-4278-9994-9eb8f318540f",
                    "account": 123123103,
                    "duration": 20,
                    "date": "2025-05-07T22:45:16.001",
                    "used": 12676040,
                    "losses": 0,
                    "requests": 2,
                    "handler": "CTG"
                },
                {
                    "protocolSessionId": "94fb7524-1478-446e-a9b5-ad977b8b4a76",
                    "account": 123123103,
                    "duration": 20,
                    "date": "2025-05-07T23:55:47.001",
                    "used": 17183124,
                    "losses": 0,
                    "requests": 2,
                    "handler": "CTG"
                },
                {
                    "protocolSessionId": "f879a215-4ad8-4d60-bc72-97039eae5fe0",
                    "account": 123123103,
                    "duration": 20,
                    "date": "2025-05-08T00:29:38.001",
                    "used": 632879,
                    "losses": 0,
                    "requests": 2,
                    "handler": "CTG"
                },
                {
                    "protocolSessionId": "8668c0b4-f8b9-435f-8328-213fdac7c8e3",
                    "account": 123123103,
                    "duration": 20,
                    "date": "2025-05-08T01:52:39.001",
                    "used": 496237,
                    "losses": 0,
                    "requests": 2,
                    "handler": "CTG"
                },
                {
                    "protocolSessionId": "81725c9c-3dfb-47a8-8d63-c8c0cb7fa0d8",
                    "account": 123123103,
                    "duration": 20,
                    "date": "2025-05-08T03:03:52.001",
                    "used": 315736236,
                    "losses": 0,
                    "requests": 3,
                    "handler": "CTG"
                },
                {
                    "protocolSessionId": "0e347655-24c2-4deb-af38-d8b73d254a29",
                    "account": 123123103,
                    "duration": 20,
                    "date": "2025-05-08T09:15:46.001",
                    "used": 1248548,
                    "losses": 0,
                    "requests": 2,
                    "handler": "CTG"
                },
                {
                    "protocolSessionId": "fa86c49e-5dbe-44ad-b224-38f413d98722",
                    "account": 123123103,
                    "duration": 20,
                    "date": "2025-05-08T09:19:43.001",
                    "used": 140530,
                    "losses": 0,
                    "requests": 2,
                    "handler": "CTG"
                },
                {
                    "protocolSessionId": "3aea1107-f142-4df5-892a-4b829b646686",
                    "account": 123123103,
                    "duration": 20,
                    "date": "2025-05-08T09:19:54.001",
                    "used": 240,
                    "losses": 0,
                    "requests": 2,
                    "handler": "CTG"
                },
                {
                    "protocolSessionId": "8ff087c2-68b6-4081-9c79-ed48c0054cd0",
                    "account": 123123103,
                    "duration": 20,
                    "date": "2025-05-08T10:59:55.001",
                    "used": 453716382,
                    "losses": 0,
                    "requests": 3,
                    "handler": "CTG"
                },
                {
                    "protocolSessionId": "b89f2a80-c7fe-4f09-b9c4-ce6070236aca",
                    "account": 123123103,
                    "duration": 20,
                    "date": "2025-05-08T21:17:18.001",
                    "used": 175859856,
                    "losses": 0,
                    "requests": 3,
                    "handler": "CTG"
                },
                {
                    "protocolSessionId": "149a4cb4-4261-414b-af56-fa95984f8e23",
                    "account": 123123103,
                    "duration": 20,
                    "date": "2025-05-08T22:50:29.001",
                    "used": 6145544,
                    "losses": 0,
                    "requests": 2,
                    "handler": "CTG"
                },
                {
                    "protocolSessionId": "7bd96686-47cc-4ce8-ace7-585d445595a0",
                    "account": 123123103,
                    "duration": 20,
                    "date": "2025-05-08T23:59:01.001",
                    "used": 56430,
                    "losses": 0,
                    "requests": 2,
                    "handler": "CTG"
                },
                {
                    "protocolSessionId": "c93ad60e-0785-4a05-8d0f-e88e900de4a4",
                    "account": 123123103,
                    "duration": 20,
                    "date": "2025-05-09T05:51:00.001",
                    "used": 187046720,
                    "losses": 0,
                    "requests": 2,
                    "handler": "CTG"
                },
                {
                    "protocolSessionId": "0183fbd9-9585-4f08-a042-3e2cd1bfbcbd",
                    "account": 123123103,
                    "duration": 20,
                    "date": "2025-05-09T08:22:55.001",
                    "used": 53328,
                    "losses": 0,
                    "requests": 2,
                    "handler": "CTG"
                },
                {
                    "protocolSessionId": "8ed5c5bc-b13a-4109-a7de-51478494ae32",
                    "account": 123123103,
                    "duration": 20,
                    "date": "2025-05-09T14:03:49.001",
                    "used": 10453470,
                    "losses": 0,
                    "requests": 2,
                    "handler": "CTG"
                },
                {
                    "protocolSessionId": "38e2f859-3bd6-423e-b82c-8a218d491f09",
                    "account": 123123103,
                    "duration": 20,
                    "date": "2025-05-09T14:31:26.001",
                    "used": 334228824,
                    "losses": 0,
                    "requests": 3,
                    "handler": "CTG"
                },
                {
                    "protocolSessionId": "792b87dd-f06d-45bb-bb43-3d4e14c1c988",
                    "account": 123123103,
                    "duration": 20,
                    "date": "2025-05-09T14:44:21.001",
                    "used": 228482542,
                    "losses": 0,
                    "requests": 2,
                    "handler": "CTG"
                },
                {
                    "protocolSessionId": "7a3e1697-e2fb-4f43-b67c-bc2c9d4c2524",
                    "account": 123123103,
                    "duration": 20,
                    "date": "2025-05-09T14:52:51.001",
                    "used": 7961269,
                    "losses": 0,
                    "requests": 2,
                    "handler": "CTG"
                },
                {
                    "protocolSessionId": "0e3e4bf3-3a01-4523-af3b-4829c005e089",
                    "account": 123123103,
                    "duration": 20,
                    "date": "2025-05-09T15:51:18.001",
                    "used": 5792766,
                    "losses": 0,
                    "requests": 2,
                    "handler": "CTG"
                },
                {
                    "protocolSessionId": "194ad5b2-584b-4e35-ade4-cfe8ef55db4b",
                    "account": 123123103,
                    "duration": 20,
                    "date": "2025-05-09T16:41:47.001",
                    "used": 343,
                    "losses": 0,
                    "requests": 2,
                    "handler": "CTG"
                },
                {
                    "protocolSessionId": "bfff945e-5122-47dc-9136-fb0e32c281b5",
                    "account": 123123103,
                    "duration": 20,
                    "date": "2025-05-09T19:07:02.001",
                    "used": 13600,
                    "losses": 0,
                    "requests": 2,
                    "handler": "CTG"
                },
                {
                    "protocolSessionId": "ac29143b-a9c6-4194-b8fd-64fd36a349fa",
                    "account": 123123103,
                    "duration": 20,
                    "date": "2025-05-09T23:33:35.001",
                    "used": 6780,
                    "losses": 0,
                    "requests": 2,
                    "handler": "CTG"
                },
                {
                    "protocolSessionId": "0d028c95-fd38-4f3b-97a6-673c4865e08c",
                    "account": 123123103,
                    "duration": 20,
                    "date": "2025-05-10T09:37:44.001",
                    "used": 70900282,
                    "losses": 0,
                    "requests": 2,
                    "handler": "CTG"
                },
                {
                    "protocolSessionId": "11b1d6f2-75c7-4ea1-ab18-a38d15abd049",
                    "account": 123123103,
                    "duration": 20,
                    "date": "2025-05-10T10:58:45.001",
                    "used": 510072,
                    "losses": 0,
                    "requests": 2,
                    "handler": "CTG"
                },
                {
                    "protocolSessionId": "bad3b055-aa25-4b5b-b0e2-7d3061619429",
                    "account": 123123103,
                    "duration": 20,
                    "date": "2025-05-10T13:35:04.001",
                    "used": 0,
                    "losses": 0,
                    "requests": 1,
                    "handler": "CTG"
                },
                {
                    "protocolSessionId": "e95ba9c8-7fb0-45a1-b8d2-54b230fd1294",
                    "account": 123123103,
                    "duration": 20,
                    "date": "2025-05-10T21:07:24.001",
                    "used": 838923399,
                    "losses": 0,
                    "requests": 3,
                    "handler": "CTG"
                },
                {
                    "protocolSessionId": "2f31ded3-334c-477e-b8ca-52ee16ba9a20",
                    "account": 123123103,
                    "duration": 20,
                    "date": "2025-05-10T23:41:32.001",
                    "used": 1022944,
                    "losses": 0,
                    "requests": 2,
                    "handler": "CTG"
                },
                {
                    "protocolSessionId": "9c871e97-d08a-4f61-837a-30865cf90d5a",
                    "account": 123123103,
                    "duration": 20,
                    "date": "2025-05-11T01:56:12.001",
                    "used": 33870,
                    "losses": 0,
                    "requests": 2,
                    "handler": "CTG"
                },
                {
                    "protocolSessionId": "015b1985-88a4-47e2-813d-7c4ff832b95a",
                    "account": 123123103,
                    "duration": 20,
                    "date": "2025-05-11T04:59:49.001",
                    "used": 46452564,
                    "losses": 0,
                    "requests": 3,
                    "handler": "CTG"
                }
            ]
        }
    }
}