{
    "observation": {
        "previous_period_summary": {
            "cnt_percentage": 78.95,
            "cnt_requests": 15,
            "losses_percentage": 0.0,
            "losses_volume": 0
        },
        "current_period": {
            "phase_one": [
                {
                    "protocolSessionId": "802773fa-77d8-457f-bcc5-58b9ade91fe3",
                    "account": 123123103,
                    "date": "2025-03-06T23:41:47.001",
                    "duration": 27.0,
                    "used": 1174095,
                    "losses": 0,
                    "requests": 3,
                    "handler": "CNT"
                }
            ],
            "phase_two": [
                {
                    "protocolSessionId": "b1116f7d-3b08-4c66-b297-fc77fa0a6156",
                    "account": 123123103,
                    "duration": 20,
                    "date": "2025-03-06T23:44:42.001",
                    "used": 24,
                    "losses": 0,
                    "requests": 2,
                    "handler": "CTG"
                }
            ]
        }
    }
}