{
    "observation": {
        "previous_period_summary": {
            "cnt_percentage": 56.52,
            "cnt_requests": 13,
            "losses_percentage": 0.0,
            "losses_volume": 0
        },
        "current_period": {
            "phase_one": [
                {
                    "protocolSessionId": "e72c9a58-d6b4-43b0-9b6e-9addb21379f4",
                    "account": 123123103,
                    "date": "2025-04-07T12:20:29.001",
                    "duration": 114351.0,
                    "used": 636570920,
                    "losses": 0,
                    "requests": 36,
                    "handler": "CNT"
                },
                {
                    "protocolSessionId": "5c06c598-e9fd-43af-acc4-b8670d89e27f",
                    "account": 123123103,
                    "date": "2025-04-08T12:18:42.001",
                    "duration": 17724568.425,
                    "used": 11563419,
                    "losses": 0,
                    "requests": 6,
                    "handler": "CNT"
                }
            ],
            "phase_two": [
                {
                    "protocolSessionId": "988239ab-be0d-4de7-8a34-d392348cfb27",
                    "account": 123123103,
                    "duration": 20,
                    "date": "2025-04-08T13:05:20.001",
                    "used": 387976,
                    "losses": 0,
                    "requests": 2,
                    "handler": "CTG"
                },
                {
                    "protocolSessionId": "efdf6d6a-3429-4bd1-9bc7-0c3420a1d18a",
                    "account": 123123103,
                    "duration": 20,
                    "date": "2025-04-08T21:32:35.001",
                    "used": 1763775,
                    "losses": 0,
                    "requests": 2,
                    "handler": "CTG"
                },
                {
                    "protocolSessionId": "8963f710-ac61-4745-b18b-a1b8ede6e606",
                    "account": 123123103,
                    "duration": 20,
                    "date": "2025-04-09T10:43:39.001",
                    "used": 1080749124,
                    "losses": 0,
                    "requests": 5,
                    "handler": "CTG"
                },
                {
                    "protocolSessionId": "1d9a462d-62fe-4d64-a793-ae079a4c6150",
                    "account": 123123103,
                    "duration": 20,
                    "date": "2025-04-09T12:55:49.001",
                    "used": 1255580,
                    "losses": 0,
                    "requests": 2,
                    "handler": "CTG"
                },
                {
                    "protocolSessionId": "e5defeef-e263-46dd-a884-ac02548c21cf",
                    "account": 123123103,
                    "duration": 20,
                    "date": "2025-04-09T13:45:34.001",
                    "used": 212699466,
                    "losses": 0,
                    "requests": 2,
                    "handler": "CTG"
                }
            ]
        }
    }
}