{
    "observation": {
        "previous_period_summary": {
            "cnt_percentage": 75.0,
            "cnt_requests": 6,
            "losses_percentage": 0.0,
            "losses_volume": 0
        },
        "current_period": {
            "phase_one": [
                {
                    "protocolSessionId": "d753bd4b-0f97-4273-ba6d-0fae1681e9ac",
                    "account": 123123103,
                    "date": "2025-04-13T14:08:00.001",
                    "duration": 15905.0,
                    "used": 105548688,
                    "losses": 0,
                    "requests": 6,
                    "handler": "CNT"
                },
                {
                    "protocolSessionId": "43812bdb-3885-442e-8a62-30386cd66d4c",
                    "account": 123123103,
                    "date": "2025-04-13T18:33:22.001",
                    "duration": 223.0,
                    "used": 19178,
                    "losses": 0,
                    "requests": 3,
                    "handler": "CNT"
                },
                {
                    "protocolSessionId": "f02d05c1-1ffd-4840-9c21-21fcc3c1ce07",
                    "account": 123123103,
                    "date": "2025-04-14T01:04:51.001",
                    "duration": 12299.0,
                    "used": 104891527,
                    "losses": 0,
                    "requests": 6,
                    "handler": "CNT"
                }
            ],
            "phase_two": [
                {
                    "protocolSessionId": "1f917a8f-01d7-408a-be17-c63b47293149",
                    "account": 123123103,
                    "duration": 20,
                    "date": "2025-04-14T03:24:08.001",
                    "used": 2016716,
                    "losses": 0,
                    "requests": 2,
                    "handler": "CTG"
                },
                {
                    "protocolSessionId": "277120cb-4de5-439a-9342-742f76a2f8ea",
                    "account": 123123103,
                    "duration": 20,
                    "date": "2025-04-14T08:05:01.001",
                    "used": 29984,
                    "losses": 0,
                    "requests": 2,
                    "handler": "CTG"
                },
                {
                    "protocolSessionId": "8cbd1fb1-fd9f-49b2-9856-876ae5e7a2ac",
                    "account": 123123103,
                    "duration": 20,
                    "date": "2025-04-14T08:07:03.001",
                    "used": 39556,
                    "losses": 0,
                    "requests": 2,
                    "handler": "CTG"
                },
                {
                    "protocolSessionId": "48056fbb-75c1-4238-89ff-fbf9ccc322c0",
                    "account": 123123103,
                    "duration": 20,
                    "date": "2025-04-14T09:55:36.001",
                    "used": 78566786,
                    "losses": 0,
                    "requests": 3,
                    "handler": "CTG"
                }
            ]
        }
    }
}