{
    "observation": {
        "previous_period_summary": {
            "cnt_percentage": 27.27,
            "cnt_requests": 12,
            "losses_percentage": 0.0,
            "losses_volume": 0
        },
        "current_period": {
            "phase_one": [
                {
                    "protocolSessionId": "0bcf665f-f8dd-4d27-a559-79dae5703a33",
                    "account": 123123103,
                    "date": "2025-03-17T21:05:50.001",
                    "duration": 16148.0,
                    "used": 11255156,
                    "losses": 0,
                    "requests": 3,
                    "handler": "CNT"
                }
            ],
            "phase_two": [
                {
                    "protocolSessionId": "41481a6e-276a-4dc4-be1a-831ecb7aac30",
                    "account": 123123103,
                    "duration": 20,
                    "date": "2025-03-19T11:40:34.001",
                    "used": 489700,
                    "losses": 0,
                    "requests": 2,
                    "handler": "CTG"
                },
                {
                    "protocolSessionId": "2dec65af-f8e2-4e0e-a99e-a919b7f3d9d6",
                    "account": 123123103,
                    "duration": 20,
                    "date": "2025-03-19T11:42:21.001",
                    "used": 12218,
                    "losses": 0,
                    "requests": 2,
                    "handler": "CTG"
                }
            ]
        }
    }
}