{
    "observation": {
        "previous_period_summary": {
            "cnt_percentage": 40.0,
            "cnt_requests": 6,
            "losses_percentage": 0.0,
            "losses_volume": 0
        },
        "current_period": {
            "phase_one": [
                {
                    "protocolSessionId": "6056db26-20d9-4841-a016-837009d18b6c",
                    "account": 123123103,
                    "date": "2025-03-01T03:55:38.001",
                    "duration": 4.0,
                    "used": 45472,
                    "losses": 0,
                    "requests": 3,
                    "handler": "CNT"
                }
            ],
            "phase_two": [
                {
                    "protocolSessionId": "8c6c4e6f-97c7-4aed-9a6a-0dc67cfdaf78",
                    "account": 123123103,
                    "duration": 20,
                    "date": "2025-03-01T04:07:55.001",
                    "used": 2558,
                    "losses": 0,
                    "requests": 2,
                    "handler": "CTG"
                },
                {
                    "protocolSessionId": "95775213-871b-4fc2-8d91-c26b83c99797",
                    "account": 123123103,
                    "duration": 20,
                    "date": "2025-03-01T14:25:05.001",
                    "used": 0,
                    "losses": 0,
                    "requests": 1,
                    "handler": "CTG"
                }
            ]
        }
    }
}