{
    "observation": {
        "previous_period_summary": {
            "cnt_percentage": 11.76,
            "cnt_requests": 6,
            "losses_percentage": 0.0,
            "losses_volume": 0
        },
        "current_period": {
            "phase_one": [
                {
                    "protocolSessionId": "b8556a84-bc50-4129-811a-50e37c27d1a3",
                    "account": 123123103,
                    "date": "2025-05-15T12:26:36.001",
                    "duration": 14527455.822,
                    "used": 34073004,
                    "losses": 0,
                    "requests": 6,
                    "handler": "CNT"
                }
            ],
            "phase_two": [
                {
                    "protocolSessionId": "f51b2a92-63ea-4e7d-a243-6b252d121253",
                    "account": 123123103,
                    "duration": 20,
                    "date": "2025-05-15T13:39:30.001",
                    "used": 378598350,
                    "losses": 0,
                    "requests": 4,
                    "handler": "CTG"
                },
                {
                    "protocolSessionId": "d066cb12-4904-4f1b-977e-d9de1bae5445",
                    "account": 123123103,
                    "duration": 20,
                    "date": "2025-05-15T14:56:26.001",
                    "used": 334950,
                    "losses": 0,
                    "requests": 2,
                    "handler": "CTG"
                },
                {
                    "protocolSessionId": "ed4da314-0b89-4176-980d-ede2673cd4a8",
                    "account": 123123103,
                    "duration": 20,
                    "date": "2025-05-15T15:28:07.001",
                    "used": 1652209316,
                    "losses": 0,
                    "requests": 9,
                    "handler": "CTG"
                },
                {
                    "protocolSessionId": "fc9ac468-5606-4d21-bd93-4e0c9c5ddfd3",
                    "account": 123123103,
                    "duration": 20,
                    "date": "2025-05-15T15:59:34.001",
                    "used": 2258320,
                    "losses": 0,
                    "requests": 2,
                    "handler": "CTG"
                }
            ]
        }
    }
}