{
    "observation": {
        "previous_period_summary": {
            "cnt_percentage": 25.64,
            "cnt_requests": 10,
            "losses_percentage": 0.0,
            "losses_volume": 0
        },
        "current_period": {
            "phase_one": [
                {
                    "protocolSessionId": "bd9131c7-e185-41e5-af68-ecdf6e9b9d57",
                    "account": 123123103,
                    "date": "2025-05-03T21:43:29.001",
                    "duration": 225.0,
                    "used": 15300,
                    "losses": 0,
                    "requests": 3,
                    "handler": "CNT"
                },
                {
                    "protocolSessionId": "0eb2dfbc-cb02-4647-9d96-00636f0d1c60",
                    "account": 123123103,
                    "date": "2025-05-03T21:47:19.001",
                    "duration": 1209.0,
                    "used": 106111930,
                    "losses": 0,
                    "requests": 6,
                    "handler": "CNT"
                }
            ],
            "phase_two": [
                {
                    "protocolSessionId": "471d4c6f-d72e-4465-898e-999d5df8075b",
                    "account": 123123103,
                    "duration": 20,
                    "date": "2025-05-04T00:01:45.001",
                    "used": 43849650,
                    "losses": 0,
                    "requests": 2,
                    "handler": "CTG"
                },
                {
                    "protocolSessionId": "c1ee65c7-476a-4d6a-aa8b-e3d8de4efa71",
                    "account": 123123103,
                    "duration": 20,
                    "date": "2025-05-04T01:14:00.001",
                    "used": 60662,
                    "losses": 0,
                    "requests": 2,
                    "handler": "CTG"
                },
                {
                    "protocolSessionId": "c98aadd4-6feb-4cc4-86e9-892a4b314d93",
                    "account": 123123103,
                    "duration": 20,
                    "date": "2025-05-04T01:25:59.001",
                    "used": 930565741,
                    "losses": 0,
                    "requests": 4,
                    "handler": "CTG"
                }
            ]
        }
    }
}