{
    "observation": {
        "previous_period_summary": {
            "cnt_percentage": 16.67,
            "cnt_requests": 3,
            "losses_percentage": 16.2232,
            "losses_volume": 2643648
        },
        "current_period": {
            "phase_one": [
                {
                    "protocolSessionId": "2bba8027-4caa-4464-87b3-4a50420b7bfd",
                    "account": 123123103,
                    "date": "2025-04-26T16:08:32.001",
                    "duration": 159235.0,
                    "used": 104906109,
                    "losses": 0,
                    "requests": 6,
                    "handler": "CNT"
                }
            ],
            "phase_two": [
                {
                    "protocolSessionId": "bd7b2c93-c3e5-48bd-ac92-74b6de766201",
                    "account": 123123103,
                    "duration": 20,
                    "date": "2025-04-26T18:15:54.001",
                    "used": 10362208,
                    "losses": 5181104,
                    "requests": 3,
                    "handler": "CTG"
                },
                {
                    "protocolSessionId": "0f1cdb51-9696-4a8f-b72e-20fb5589a759",
                    "account": 123123103,
                    "duration": 20,
                    "date": "2025-04-26T18:18:49.001",
                    "used": 0,
                    "losses": 0,
                    "requests": 1,
                    "handler": "CTG"
                },
                {
                    "protocolSessionId": "72fe72fa-31f3-409b-a3f1-1af2eced862e",
                    "account": 123123103,
                    "duration": 20,
                    "date": "2025-04-26T18:20:56.001",
                    "used": 0,
                    "losses": 0,
                    "requests": 1,
                    "handler": "CTG"
                },
                {
                    "protocolSessionId": "78174c69-c1ea-43d7-b3dd-8e13e52c5a4c",
                    "account": 123123103,
                    "duration": 20,
                    "date": "2025-04-26T19:03:23.001",
                    "used": 33624,
                    "losses": 0,
                    "requests": 2,
                    "handler": "CTG"
                },
                {
                    "protocolSessionId": "18ae62a2-9034-4c68-87b4-e046cbdaa39c",
                    "account": 123123103,
                    "duration": 20,
                    "date": "2025-04-26T19:37:07.001",
                    "used": 0,
                    "losses": 0,
                    "requests": 1,
                    "handler": "CTG"
                },
                {
                    "protocolSessionId": "571da830-ea95-4050-a612-deb6a76940a5",
                    "account": 123123103,
                    "duration": 20,
                    "date": "2025-04-26T19:37:18.001",
                    "used": 0,
                    "losses": 0,
                    "requests": 1,
                    "handler": "CTG"
                },
                {
                    "protocolSessionId": "5b0f3ef4-1483-4a2c-8016-d76865499f1a",
                    "account": 123123103,
                    "duration": 20,
                    "date": "2025-04-26T19:49:29.001",
                    "used": 29,
                    "losses": 0,
                    "requests": 2,
                    "handler": "CTG"
                },
                {
                    "protocolSessionId": "fe2d7412-294e-4fb6-8b37-6ea08fbb35cf",
                    "account": 123123103,
                    "duration": 20,
                    "date": "2025-04-26T21:59:09.001",
                    "used": 252466225,
                    "losses": 0,
                    "requests": 3,
                    "handler": "CTG"
                },
                {
                    "protocolSessionId": "dea2db88-b77a-4145-8cce-ea5160becbde",
                    "account": 123123103,
                    "duration": 20,
                    "date": "2025-04-26T23:22:27.001",
                    "used": 0,
                    "losses": 0,
                    "requests": 1,
                    "handler": "CTG"
                },
                {
                    "protocolSessionId": "60d6da26-cd3a-450d-a330-edfb0a54bc61",
                    "account": 123123103,
                    "duration": 20,
                    "date": "2025-04-27T09:00:40.001",
                    "used": 51849,
                    "losses": 0,
                    "requests": 2,
                    "handler": "CTG"
                },
                {
                    "protocolSessionId": "533818b3-5795-4f6c-98da-3b9bbe50f542",
                    "account": 123123103,
                    "duration": 20,
                    "date": "2025-04-27T09:01:13.001",
                    "used": 0,
                    "losses": 0,
                    "requests": 1,
                    "handler": "CTG"
                },
                {
                    "protocolSessionId": "c10a2e9d-44b1-48f0-9a79-612fc91ed87e",
                    "account": 123123103,
                    "duration": 20,
                    "date": "2025-04-27T09:55:14.001",
                    "used": 4774775,
                    "losses": 0,
                    "requests": 2,
                    "handler": "CTG"
                },
                {
                    "protocolSessionId": "2f59a68c-4c48-4590-ba94-73b92904e08c",
                    "account": 123123103,
                    "duration": 20,
                    "date": "2025-04-27T18:53:45.001",
                    "used": 876400898,
                    "losses": 0,
                    "requests": 4,
                    "handler": "CTG"
                },
                {
                    "protocolSessionId": "607fcf47-8aed-4bf7-8106-c6f6a32dfae7",
                    "account": 123123103,
                    "duration": 20,
                    "date": "2025-04-27T20:50:46.001",
                    "used": 15224,
                    "losses": 0,
                    "requests": 2,
                    "handler": "CTG"
                },
                {
                    "protocolSessionId": "8fb7dbf4-3b42-457a-9040-35f261438cf6",
                    "account": 123123103,
                    "duration": 20,
                    "date": "2025-04-27T21:03:16.001",
                    "used": 27532365,
                    "losses": 0,
                    "requests": 2,
                    "handler": "CTG"
                },
                {
                    "protocolSessionId": "ba2f0265-f10c-4768-b080-7308fb8d654f",
                    "account": 123123103,
                    "duration": 20,
                    "date": "2025-04-28T03:30:48.001",
                    "used": 210503193,
                    "losses": 0,
                    "requests": 4,
                    "handler": "CTG"
                }
            ]
        }
    }
}