{
    "observation": {
        "previous_period_summary": {
            "cnt_percentage": 27.27,
            "cnt_requests": 3,
            "losses_percentage": 0.0,
            "losses_volume": 0
        },
        "current_period": {
            "phase_one": [
                {
                    "protocolSessionId": "650bc151-687b-4e83-bb25-03c4c7a0b7ae",
                    "account": 123123103,
                    "date": "2025-03-14T16:57:06.001",
                    "duration": 461.0,
                    "used": 35036,
                    "losses": 0,
                    "requests": 3,
                    "handler": "CNT"
                }
            ],
            "phase_two": [
                {
                    "protocolSessionId": "88bebbea-9ef0-46ab-900e-28b892e938a3",
                    "account": 123123103,
                    "duration": 20,
                    "date": "2025-03-14T18:07:24.001",
                    "used": 3962,
                    "losses": 0,
                    "requests": 2,
                    "handler": "CTG"
                },
                {
                    "protocolSessionId": "02cb2523-d65b-4078-bc52-4423df208689",
                    "account": 123123103,
                    "duration": 20,
                    "date": "2025-03-14T18:51:49.001",
                    "used": 138162612,
                    "losses": 0,
                    "requests": 3,
                    "handler": "CTG"
                },
                {
                    "protocolSessionId": "8618d8f5-b936-47f9-ae6b-109497b9d824",
                    "account": 123123103,
                    "duration": 20,
                    "date": "2025-03-14T19:35:58.001",
                    "used": 127998198,
                    "losses": 0,
                    "requests": 3,
                    "handler": "CTG"
                },
                {
                    "protocolSessionId": "988849ef-5663-4c62-be9d-f47e39913ca2",
                    "account": 123123103,
                    "duration": 20,
                    "date": "2025-03-14T21:26:52.001",
                    "used": 935034,
                    "losses": 0,
                    "requests": 2,
                    "handler": "CTG"
                },
                {
                    "protocolSessionId": "b11542fc-195b-4e5c-b884-85fae4b53a82",
                    "account": 123123103,
                    "duration": 20,
                    "date": "2025-03-14T23:58:50.001",
                    "used": 45739989,
                    "losses": 0,
                    "requests": 2,
                    "handler": "CTG"
                }
            ]
        }
    }
}