{
    "observation": {
        "previous_period_summary": {
            "cnt_percentage": 30.0,
            "cnt_requests": 3,
            "losses_percentage": 0.0,
            "losses_volume": 0
        },
        "current_period": {
            "phase_one": [
                {
                    "protocolSessionId": "fff366d9-ef3b-47ad-9680-1f5210b26f5b",
                    "account": 123123103,
                    "date": "2025-03-06T14:29:42.001",
                    "duration": 23209.0,
                    "used": 104926912,
                    "losses": 0,
                    "requests": 6,
                    "handler": "CNT"
                },
                {
                    "protocolSessionId": "e5c218eb-9273-473a-bcc5-82348697c266",
                    "account": 123123103,
                    "date": "2025-03-06T20:53:30.001",
                    "duration": 3566.0,
                    "used": 8622588,
                    "losses": 0,
                    "requests": 3,
                    "handler": "CNT"
                }
            ],
            "phase_two": [
                {
                    "protocolSessionId": "c896d873-5006-41fb-8d43-bc04bef5e8ea",
                    "account": 123123103,
                    "duration": 20,
                    "date": "2025-03-06T21:07:15.001",
                    "used": 0,
                    "losses": 0,
                    "requests": 1,
                    "handler": "CTG"
                }
            ]
        }
    }
}