{
    "observation": {
        "previous_period_summary": {
            "cnt_percentage": 81.82,
            "cnt_requests": 9,
            "losses_percentage": 0.0,
            "losses_volume": 0
        },
        "current_period": {
            "phase_one": [
                {
                    "protocolSessionId": "cc7c19ed-a1f2-407d-b4a3-1b7fba70491d",
                    "account": 123123106,
                    "date": "2025-04-18T15:42:01.001",
                    "duration": 129425.0,
                    "used": 26790975,
                    "losses": 0,
                    "requests": 3,
                    "handler": "CNT"
                },
                {
                    "protocolSessionId": "b3fc940b-728c-48e5-93f4-11c255ddae7b",
                    "account": 123123106,
                    "date": "2025-04-19T03:05:55.001",
                    "duration": 244.0,
                    "used": 244,
                    "losses": 0,
                    "requests": 3,
                    "handler": "CNT"
                }
            ],
            "phase_two": [
                {
                    "protocolSessionId": "779e6761-4bbb-47ae-87d7-dc6c09b9b15c",
                    "account": 123123106,
                    "duration": 20,
                    "date": "2025-04-20T02:45:15.001",
                    "used": 1440,
                    "losses": 0,
                    "requests": 2,
                    "handler": "CTG"
                }
            ]
        }
    }
}