{
    "observation": {
        "previous_period_summary": {
            "cnt_percentage": 13.64,
            "cnt_requests": 3,
            "losses_percentage": 0.0,
            "losses_volume": 0
        },
        "current_period": {
            "phase_one": [
                {
                    "protocolSessionId": "b4ca06b7-1513-4da7-a5d5-c58e86d792e6",
                    "account": 123123106,
                    "date": "2025-03-09T18:29:17.001",
                    "duration": 2292.0,
                    "used": 614256,
                    "losses": 0,
                    "requests": 3,
                    "handler": "CNT"
                }
            ],
            "phase_two": [
                {
                    "protocolSessionId": "e94650f4-11d4-4d67-bc5f-95ef36a9f8e6",
                    "account": 123123106,
                    "duration": 20,
                    "date": "2025-03-09T20:11:52.001",
                    "used": 6627160,
                    "losses": 0,
                    "requests": 2,
                    "handler": "CTG"
                },
                {
                    "protocolSessionId": "845c572f-c938-45d3-b4d4-6c603ba6bc14",
                    "account": 123123106,
                    "duration": 20,
                    "date": "2025-03-09T23:32:45.001",
                    "used": 18676720,
                    "losses": 0,
                    "requests": 2,
                    "handler": "CTG"
                },
                {
                    "protocolSessionId": "02f0e46d-97ff-45d5-ba8e-570584a76850",
                    "account": 123123106,
                    "duration": 20,
                    "date": "2025-03-10T08:25:21.001",
                    "used": 230535530,
                    "losses": 0,
                    "requests": 2,
                    "handler": "CTG"
                },
                {
                    "protocolSessionId": "d79c993a-a4ff-4e6a-b4c3-c5fc3fd5c6ac",
                    "account": 123123106,
                    "duration": 20,
                    "date": "2025-03-10T08:31:20.001",
                    "used": 90211346,
                    "losses": 0,
                    "requests": 2,
                    "handler": "CTG"
                },
                {
                    "protocolSessionId": "91a42fe2-3b11-4d20-9e36-e4dfc9dffd7e",
                    "account": 123123106,
                    "duration": 20,
                    "date": "2025-03-10T09:16:11.001",
                    "used": 20074197,
                    "losses": 0,
                    "requests": 2,
                    "handler": "CTG"
                },
                {
                    "protocolSessionId": "43d52ce4-6658-4732-93a1-edef80b19840",
                    "account": 123123106,
                    "duration": 20,
                    "date": "2025-03-10T14:03:47.001",
                    "used": 19072,
                    "losses": 0,
                    "requests": 2,
                    "handler": "CTG"
                },
                {
                    "protocolSessionId": "db16f4b8-b178-40e4-8d04-16237bc2467c",
                    "account": 123123106,
                    "duration": 20,
                    "date": "2025-03-10T16:44:54.001",
                    "used": 713026858,
                    "losses": 0,
                    "requests": 3,
                    "handler": "CTG"
                },
                {
                    "protocolSessionId": "3fc771f5-d738-43e9-b68d-f68c5b679add",
                    "account": 123123106,
                    "duration": 20,
                    "date": "2025-03-10T18:12:12.001",
                    "used": 5467,
                    "losses": 0,
                    "requests": 2,
                    "handler": "CTG"
                },
                {
                    "protocolSessionId": "8703c4a0-aab8-4f12-994b-d5201282664f",
                    "account": 123123106,
                    "duration": 20,
                    "date": "2025-03-12T03:32:36.001",
                    "used": 119749,
                    "losses": 0,
                    "requests": 2,
                    "handler": "CTG"
                },
                {
                    "protocolSessionId": "1775391b-4b10-4079-a61e-985f51af55ff",
                    "account": 123123106,
                    "duration": 20,
                    "date": "2025-03-12T09:44:19.001",
                    "used": 638906744,
                    "losses": 0,
                    "requests": 3,
                    "handler": "CTG"
                },
                {
                    "protocolSessionId": "8a514be9-d2d7-4f6c-a869-b312d59952c1",
                    "account": 123123106,
                    "duration": 20,
                    "date": "2025-03-12T11:54:45.001",
                    "used": 684108452,
                    "losses": 0,
                    "requests": 3,
                    "handler": "CTG"
                },
                {
                    "protocolSessionId": "0c7e137f-4f30-4e2d-9e50-8297127d3a04",
                    "account": 123123106,
                    "duration": 20,
                    "date": "2025-03-12T22:39:31.001",
                    "used": 46615954,
                    "losses": 0,
                    "requests": 2,
                    "handler": "CTG"
                },
                {
                    "protocolSessionId": "dbcd7cff-a069-404a-8abd-f1b0e9030a6e",
                    "account": 123123106,
                    "duration": 20,
                    "date": "2025-03-13T05:09:50.001",
                    "used": 67703766,
                    "losses": 0,
                    "requests": 2,
                    "handler": "CTG"
                },
                {
                    "protocolSessionId": "d3c1db92-1f05-4fc7-a45c-185c6133a431",
                    "account": 123123106,
                    "duration": 20,
                    "date": "2025-03-14T01:33:06.001",
                    "used": 636324687,
                    "losses": 0,
                    "requests": 4,
                    "handler": "CTG"
                },
                {
                    "protocolSessionId": "a538728f-5fdc-480f-9cdb-0cb3ce970163",
                    "account": 123123106,
                    "duration": 20,
                    "date": "2025-03-14T02:28:48.001",
                    "used": 328278785,
                    "losses": 0,
                    "requests": 3,
                    "handler": "CTG"
                },
                {
                    "protocolSessionId": "37f29bd7-c285-44ed-9ab3-c6aa0677f3ca",
                    "account": 123123106,
                    "duration": 20,
                    "date": "2025-03-14T06:34:55.001",
                    "used": 269066128,
                    "losses": 0,
                    "requests": 3,
                    "handler": "CTG"
                }
            ]
        }
    }
}