{
    "observation": {
        "previous_period_summary": {
            "cnt_percentage": 75.0,
            "cnt_requests": 3,
            "losses_percentage": 0.0,
            "losses_volume": 0
        },
        "current_period": {
            "phase_one": [
                {
                    "protocolSessionId": "acc53aa2-75ff-45ec-a63e-6e6af8561136",
                    "account": 123123106,
                    "date": "2025-05-25T08:35:09.001",
                    "duration": 87755.0,
                    "used": 209715200,
                    "losses": 0,
                    "requests": 10,
                    "handler": "CNT"
                }
            ],
            "phase_two": [
                {
                    "protocolSessionId": "ff520b8a-9e33-44c5-a27f-3715fef2db01",
                    "account": 123123106,
                    "duration": 20,
                    "date": "2025-05-26T10:12:48.001",
                    "used": 103802028,
                    "losses": 0,
                    "requests": 3,
                    "handler": "CTG"
                },
                {
                    "protocolSessionId": "a93ccefd-fe55-40a4-9f20-d0ac577c17d8",
                    "account": 123123106,
                    "duration": 20,
                    "date": "2025-05-26T11:24:54.001",
                    "used": 117372744,
                    "losses": 0,
                    "requests": 2,
                    "handler": "CTG"
                },
                {
                    "protocolSessionId": "2741cd0e-5437-41a4-8a02-216227c5c40b",
                    "account": 123123106,
                    "duration": 20,
                    "date": "2025-05-26T16:36:34.001",
                    "used": 990941,
                    "losses": 0,
                    "requests": 2,
                    "handler": "CTG"
                },
                {
                    "protocolSessionId": "2054cdab-83fe-4459-8c90-691092c2fa1e",
                    "account": 123123106,
                    "duration": 20,
                    "date": "2025-05-26T22:45:00.001",
                    "used": 0,
                    "losses": 0,
                    "requests": 1,
                    "handler": "CTG"
                },
                {
                    "protocolSessionId": "254419a7-b1b3-47ff-a996-2f28d3f6f69b",
                    "account": 123123106,
                    "duration": 20,
                    "date": "2025-05-26T22:57:18.001",
                    "used": 150979446,
                    "losses": 0,
                    "requests": 3,
                    "handler": "CTG"
                },
                {
                    "protocolSessionId": "bb8e7669-4ebd-488d-90cc-af64cbcbc75e",
                    "account": 123123106,
                    "duration": 20,
                    "date": "2025-05-27T14:29:49.001",
                    "used": 0,
                    "losses": 0,
                    "requests": 1,
                    "handler": "CTG"
                },
                {
                    "protocolSessionId": "09ddd507-1700-480b-a0c4-89046cd9505a",
                    "account": 123123106,
                    "duration": 20,
                    "date": "2025-05-27T15:36:22.001",
                    "used": 309469956,
                    "losses": 0,
                    "requests": 5,
                    "handler": "CTG"
                },
                {
                    "protocolSessionId": "f7320f1c-2dbc-40b7-a112-aa9d24d049e6",
                    "account": 123123106,
                    "duration": 20,
                    "date": "2025-05-28T22:27:14.001",
                    "used": 554968768,
                    "losses": 0,
                    "requests": 5,
                    "handler": "CTG"
                },
                {
                    "protocolSessionId": "0717578e-e5fd-4a71-a00d-e1271540fcfd",
                    "account": 123123106,
                    "duration": 20,
                    "date": "2025-05-29T13:44:11.001",
                    "used": 776774459,
                    "losses": 0,
                    "requests": 5,
                    "handler": "CTG"
                },
                {
                    "protocolSessionId": "0e5cd13b-3a4e-4dc3-9fce-d16f90592e54",
                    "account": 123123106,
                    "duration": 20,
                    "date": "2025-05-29T15:08:32.001",
                    "used": 166968,
                    "losses": 0,
                    "requests": 2,
                    "handler": "CTG"
                },
                {
                    "protocolSessionId": "77be1c0d-732e-4bb6-b93f-a0662e4ea845",
                    "account": 123123106,
                    "duration": 20,
                    "date": "2025-05-29T15:26:20.001",
                    "used": 0,
                    "losses": 0,
                    "requests": 1,
                    "handler": "CTG"
                },
                {
                    "protocolSessionId": "659c5cec-e47d-4585-8869-849de01b1b50",
                    "account": 123123106,
                    "duration": 20,
                    "date": "2025-05-29T15:34:55.001",
                    "used": 0,
                    "losses": 0,
                    "requests": 1,
                    "handler": "CTG"
                },
                {
                    "protocolSessionId": "709ccc46-d896-4aae-af62-cd6d44ed0be8",
                    "account": 123123106,
                    "duration": 20,
                    "date": "2025-05-30T01:07:05.001",
                    "used": 147095406,
                    "losses": 0,
                    "requests": 3,
                    "handler": "CTG"
                },
                {
                    "protocolSessionId": "901688f8-7b59-4b1e-87b9-7f4fefd789d5",
                    "account": 123123106,
                    "duration": 20,
                    "date": "2025-05-30T03:00:27.001",
                    "used": 17293088,
                    "losses": 0,
                    "requests": 2,
                    "handler": "CTG"
                },
                {
                    "protocolSessionId": "2b1daf6a-2292-404c-b30e-e206f09b5b3d",
                    "account": 123123106,
                    "duration": 20,
                    "date": "2025-05-30T03:00:30.001",
                    "used": 1908,
                    "losses": 0,
                    "requests": 2,
                    "handler": "CTG"
                },
                {
                    "protocolSessionId": "50a52feb-bf8c-46cd-ad20-fd6c526d3cae",
                    "account": 123123106,
                    "duration": 20,
                    "date": "2025-05-30T03:00:43.001",
                    "used": 2021784,
                    "losses": 0,
                    "requests": 2,
                    "handler": "CTG"
                },
                {
                    "protocolSessionId": "b55b2eed-6fc7-4ddf-b8d0-1bd39c870878",
                    "account": 123123106,
                    "duration": 20,
                    "date": "2025-05-30T07:02:49.001",
                    "used": 0,
                    "losses": 0,
                    "requests": 1,
                    "handler": "CTG"
                },
                {
                    "protocolSessionId": "2841994d-37e6-4b1a-99d3-07ce8242d209",
                    "account": 123123106,
                    "duration": 20,
                    "date": "2025-05-30T07:04:36.001",
                    "used": 288,
                    "losses": 0,
                    "requests": 2,
                    "handler": "CTG"
                },
                {
                    "protocolSessionId": "01ace455-982e-4e7b-8cf1-de7b8a52e3e4",
                    "account": 123123106,
                    "duration": 20,
                    "date": "2025-05-30T15:31:18.001",
                    "used": 42031382,
                    "losses": 0,
                    "requests": 3,
                    "handler": "CTG"
                },
                {
                    "protocolSessionId": "45e40309-31ca-4877-9e94-5c7d061040d7",
                    "account": 123123106,
                    "duration": 20,
                    "date": "2025-05-30T15:54:14.001",
                    "used": 11995984,
                    "losses": 0,
                    "requests": 2,
                    "handler": "CTG"
                },
                {
                    "protocolSessionId": "7bf12696-ea81-440f-8c70-a1ccc386bfe1",
                    "account": 123123106,
                    "duration": 20,
                    "date": "2025-05-30T22:55:07.001",
                    "used": 521532,
                    "losses": 0,
                    "requests": 2,
                    "handler": "CTG"
                },
                {
                    "protocolSessionId": "c02caa07-6d15-4ca3-9596-2a31d1349d2a",
                    "account": 123123106,
                    "duration": 20,
                    "date": "2025-05-31T07:20:09.001",
                    "used": 70051620,
                    "losses": 0,
                    "requests": 2,
                    "handler": "CTG"
                },
                {
                    "protocolSessionId": "cd7146fd-b6ee-4c80-bf8a-8743090c6992",
                    "account": 123123106,
                    "duration": 20,
                    "date": "2025-06-01T01:39:36.001",
                    "used": 453389010,
                    "losses": 0,
                    "requests": 6,
                    "handler": "CTG"
                },
                {
                    "protocolSessionId": "78d99efb-7b0c-4db5-92c1-fda01a74d835",
                    "account": 123123106,
                    "duration": 20,
                    "date": "2025-06-01T01:46:52.001",
                    "used": 1967350,
                    "losses": 0,
                    "requests": 2,
                    "handler": "CTG"
                },
                {
                    "protocolSessionId": "e13b74ea-fa0c-42e1-abe8-11ac599567d0",
                    "account": 123123106,
                    "duration": 20,
                    "date": "2025-06-01T07:25:35.001",
                    "used": 85149402,
                    "losses": 0,
                    "requests": 3,
                    "handler": "CTG"
                },
                {
                    "protocolSessionId": "e62ec171-dca6-4754-b4f7-ca0029600588",
                    "account": 123123106,
                    "duration": 20,
                    "date": "2025-06-01T17:37:02.001",
                    "used": 0,
                    "losses": 0,
                    "requests": 1,
                    "handler": "CTG"
                },
                {
                    "protocolSessionId": "4dd88b56-e453-416e-ae6a-2ec6ec31b8cd",
                    "account": 123123106,
                    "duration": 20,
                    "date": "2025-06-01T18:15:50.001",
                    "used": 2637336,
                    "losses": 0,
                    "requests": 2,
                    "handler": "CTG"
                },
                {
                    "protocolSessionId": "8efdaac3-b8cb-48b4-99d2-6ca33ed7f798",
                    "account": 123123106,
                    "duration": 20,
                    "date": "2025-06-02T12:15:28.001",
                    "used": 2338602,
                    "losses": 0,
                    "requests": 2,
                    "handler": "CTG"
                },
                {
                    "protocolSessionId": "9bc9595c-0653-4684-b892-220166e5a7f9",
                    "account": 123123106,
                    "duration": 20,
                    "date": "2025-06-03T00:31:39.001",
                    "used": 736001972,
                    "losses": 0,
                    "requests": 5,
                    "handler": "CTG"
                },
                {
                    "protocolSessionId": "eb0432c7-0792-418e-a3e6-53ba6a674c32",
                    "account": 123123106,
                    "duration": 20,
                    "date": "2025-06-03T01:31:24.001",
                    "used": 25140,
                    "losses": 0,
                    "requests": 2,
                    "handler": "CTG"
                },
                {
                    "protocolSessionId": "2d00b310-bf31-448d-a78c-12b72153ac3a",
                    "account": 123123106,
                    "duration": 20,
                    "date": "2025-06-04T16:18:02.001",
                    "used": 429543,
                    "losses": 0,
                    "requests": 2,
                    "handler": "CTG"
                },
                {
                    "protocolSessionId": "458333ad-b51c-4c8e-a781-0ca71efc4e21",
                    "account": 123123106,
                    "duration": 20,
                    "date": "2025-06-05T01:44:52.001",
                    "used": 370821702,
                    "losses": 0,
                    "requests": 4,
                    "handler": "CTG"
                },
                {
                    "protocolSessionId": "00b68e2f-e7c2-4e74-b8f2-bc0e6d6b0cb5",
                    "account": 123123106,
                    "duration": 20,
                    "date": "2025-06-05T05:56:39.001",
                    "used": 52535792,
                    "losses": 0,
                    "requests": 2,
                    "handler": "CTG"
                },
                {
                    "protocolSessionId": "9cff8e6c-a116-47ca-85c2-d650e2f0b417",
                    "account": 123123106,
                    "duration": 20,
                    "date": "2025-06-05T06:21:55.001",
                    "used": 2360,
                    "losses": 0,
                    "requests": 2,
                    "handler": "CTG"
                },
                {
                    "protocolSessionId": "d1e47d66-83a9-4087-b731-f3aa794bfb1a",
                    "account": 123123106,
                    "duration": 20,
                    "date": "2025-06-05T06:43:03.001",
                    "used": 4,
                    "losses": 0,
                    "requests": 2,
                    "handler": "CTG"
                },
                {
                    "protocolSessionId": "c0e25c2a-b9cc-49a6-9520-3dcabef4d8bb",
                    "account": 123123106,
                    "duration": 20,
                    "date": "2025-06-05T08:48:25.001",
                    "used": 64829076,
                    "losses": 0,
                    "requests": 2,
                    "handler": "CTG"
                },
                {
                    "protocolSessionId": "5be26967-82a4-4f80-b474-5eeea76fe5a6",
                    "account": 123123106,
                    "duration": 20,
                    "date": "2025-06-05T08:53:58.001",
                    "used": 607971,
                    "losses": 0,
                    "requests": 2,
                    "handler": "CTG"
                },
                {
                    "protocolSessionId": "4e1da933-6f0c-43f9-9fc4-6e9c436a28c7",
                    "account": 123123106,
                    "duration": 20,
                    "date": "2025-06-05T08:55:03.001",
                    "used": 0,
                    "losses": 0,
                    "requests": 1,
                    "handler": "CTG"
                },
                {
                    "protocolSessionId": "c5cfa40b-6a67-4382-8788-96a9bf10d998",
                    "account": 123123106,
                    "duration": 20,
                    "date": "2025-06-05T15:19:38.001",
                    "used": 113093457,
                    "losses": 0,
                    "requests": 2,
                    "handler": "CTG"
                },
                {
                    "protocolSessionId": "3083720d-9ac4-44ea-b742-2762179b3f0c",
                    "account": 123123106,
                    "duration": 20,
                    "date": "2025-06-05T15:26:48.001",
                    "used": 43420596,
                    "losses": 0,
                    "requests": 2,
                    "handler": "CTG"
                },
                {
                    "protocolSessionId": "bd87fb22-1462-45b2-90d3-75e0d6cc8099",
                    "account": 123123106,
                    "duration": 20,
                    "date": "2025-06-05T22:59:46.001",
                    "used": 469676,
                    "losses": 0,
                    "requests": 2,
                    "handler": "CTG"
                },
                {
                    "protocolSessionId": "57b55836-9da1-4239-bc2d-4e6da9491339",
                    "account": 123123106,
                    "duration": 20,
                    "date": "2025-06-06T13:26:48.001",
                    "used": 75692278,
                    "losses": 0,
                    "requests": 3,
                    "handler": "CTG"
                },
                {
                    "protocolSessionId": "151651d5-8ba0-4b03-903c-e27ee637960e",
                    "account": 123123106,
                    "duration": 20,
                    "date": "2025-06-06T13:27:53.001",
                    "used": 0,
                    "losses": 0,
                    "requests": 1,
                    "handler": "CTG"
                },
                {
                    "protocolSessionId": "10f0f230-6912-4946-97d0-f5e26e71be95",
                    "account": 123123106,
                    "duration": 20,
                    "date": "2025-06-06T13:41:39.001",
                    "used": 424826562,
                    "losses": 0,
                    "requests": 5,
                    "handler": "CTG"
                },
                {
                    "protocolSessionId": "c1e2fd2b-fdaf-4fe8-8f0e-4bc9df9f5ce6",
                    "account": 123123106,
                    "duration": 20,
                    "date": "2025-06-06T15:11:39.001",
                    "used": 884892,
                    "losses": 0,
                    "requests": 2,
                    "handler": "CTG"
                },
                {
                    "protocolSessionId": "01e91d5c-b724-49af-91b5-7b3d1ca7a3f8",
                    "account": 123123106,
                    "duration": 20,
                    "date": "2025-06-06T17:05:53.001",
                    "used": 909909,
                    "losses": 0,
                    "requests": 2,
                    "handler": "CTG"
                },
                {
                    "protocolSessionId": "39b150f6-8e39-40a8-b2bd-cdcbab05a1df",
                    "account": 123123106,
                    "duration": 20,
                    "date": "2025-06-06T23:35:01.001",
                    "used": 7768733,
                    "losses": 0,
                    "requests": 2,
                    "handler": "CTG"
                },
                {
                    "protocolSessionId": "2998bae3-8e08-43a8-81e5-67d551532922",
                    "account": 123123106,
                    "duration": 20,
                    "date": "2025-06-06T23:51:59.001",
                    "used": 247538431,
                    "losses": 0,
                    "requests": 4,
                    "handler": "CTG"
                },
                {
                    "protocolSessionId": "253c81ff-1ad1-43db-ad41-a7a0b8191670",
                    "account": 123123106,
                    "duration": 20,
                    "date": "2025-06-07T00:00:00.001",
                    "used": 74750,
                    "losses": 0,
                    "requests": 2,
                    "handler": "CTG"
                },
                {
                    "protocolSessionId": "f90bfe19-f34d-4286-8d7f-0f232884dab4",
                    "account": 123123106,
                    "duration": 20,
                    "date": "2025-06-07T03:59:43.001",
                    "used": 23125897,
                    "losses": 0,
                    "requests": 3,
                    "handler": "CTG"
                },
                {
                    "protocolSessionId": "6ae3d378-d32b-4603-b728-8495d3f3dd45",
                    "account": 123123106,
                    "duration": 20,
                    "date": "2025-06-07T06:28:54.001",
                    "used": 244635703,
                    "losses": 0,
                    "requests": 3,
                    "handler": "CTG"
                },
                {
                    "protocolSessionId": "a6a2ab57-67ce-44b1-997f-35022fb68b1f",
                    "account": 123123106,
                    "duration": 20,
                    "date": "2025-06-07T08:12:37.001",
                    "used": 52772476,
                    "losses": 0,
                    "requests": 2,
                    "handler": "CTG"
                },
                {
                    "protocolSessionId": "c807321a-c4ce-4057-a092-b72c773c4216",
                    "account": 123123106,
                    "duration": 20,
                    "date": "2025-06-07T08:33:34.001",
                    "used": 26359424,
                    "losses": 0,
                    "requests": 2,
                    "handler": "CTG"
                },
                {
                    "protocolSessionId": "6ce1ad8b-c86d-4932-8478-53f214013580",
                    "account": 123123106,
                    "duration": 20,
                    "date": "2025-06-07T23:15:11.001",
                    "used": 0,
                    "losses": 0,
                    "requests": 1,
                    "handler": "CTG"
                },
                {
                    "protocolSessionId": "3a08ddd4-0000-4128-b9de-f1385e597853",
                    "account": 123123106,
                    "duration": 20,
                    "date": "2025-06-07T23:47:27.001",
                    "used": 41968511,
                    "losses": 0,
                    "requests": 3,
                    "handler": "CTG"
                },
                {
                    "protocolSessionId": "a1bc3be9-5268-4615-953d-884849ba2624",
                    "account": 123123106,
                    "duration": 20,
                    "date": "2025-06-08T02:22:42.001",
                    "used": 46572749,
                    "losses": 0,
                    "requests": 2,
                    "handler": "CTG"
                },
                {
                    "protocolSessionId": "f4b1f431-d5e8-4ea2-95e6-d624e1fd8ca8",
                    "account": 123123106,
                    "duration": 20,
                    "date": "2025-06-08T19:14:48.001",
                    "used": 693713096,
                    "losses": 0,
                    "requests": 4,
                    "handler": "CTG"
                },
                {
                    "protocolSessionId": "af81ae8e-9403-44b9-9190-bfccb179fd20",
                    "account": 123123106,
                    "duration": 20,
                    "date": "2025-06-09T02:36:42.001",
                    "used": 4186824,
                    "losses": 0,
                    "requests": 2,
                    "handler": "CTG"
                },
                {
                    "protocolSessionId": "788d4dad-0c06-44ca-93a6-125cf590c40f",
                    "account": 123123106,
                    "duration": 20,
                    "date": "2025-06-09T18:42:44.001",
                    "used": 32167812,
                    "losses": 0,
                    "requests": 2,
                    "handler": "CTG"
                },
                {
                    "protocolSessionId": "4b7d0c3a-1035-4c0f-a2b3-b3e16ef0557d",
                    "account": 123123106,
                    "duration": 20,
                    "date": "2025-06-09T19:37:57.001",
                    "used": 1023014976,
                    "losses": 0,
                    "requests": 9,
                    "handler": "CTG"
                },
                {
                    "protocolSessionId": "824348d2-30fa-44a5-bfce-000f83912697",
                    "account": 123123106,
                    "duration": 20,
                    "date": "2025-06-09T19:54:18.001",
                    "used": 378984902,
                    "losses": 0,
                    "requests": 4,
                    "handler": "CTG"
                },
                {
                    "protocolSessionId": "e1a58ba8-e3a3-4b69-a4de-180abeaa2f25",
                    "account": 123123106,
                    "duration": 20,
                    "date": "2025-06-09T20:51:40.001",
                    "used": 145261088,
                    "losses": 0,
                    "requests": 3,
                    "handler": "CTG"
                },
                {
                    "protocolSessionId": "a80b0997-e122-4df9-a0ca-e0b07a99dcd1",
                    "account": 123123106,
                    "duration": 20,
                    "date": "2025-06-09T22:00:35.001",
                    "used": 57335652,
                    "losses": 0,
                    "requests": 2,
                    "handler": "CTG"
                },
                {
                    "protocolSessionId": "6d42a8f9-7f34-4877-8ba5-008bcdbb48e6",
                    "account": 123123106,
                    "duration": 20,
                    "date": "2025-06-09T22:24:58.001",
                    "used": 890600,
                    "losses": 0,
                    "requests": 2,
                    "handler": "CTG"
                },
                {
                    "protocolSessionId": "2d8149bb-6aea-46fa-ae73-79fb36778c21",
                    "account": 123123106,
                    "duration": 20,
                    "date": "2025-06-10T00:05:57.001",
                    "used": 1048034,
                    "losses": 0,
                    "requests": 2,
                    "handler": "CTG"
                },
                {
                    "protocolSessionId": "4689be91-3a3c-4a2d-8dba-c5d67152622f",
                    "account": 123123106,
                    "duration": 20,
                    "date": "2025-06-10T00:32:30.001",
                    "used": 177954894,
                    "losses": 0,
                    "requests": 2,
                    "handler": "CTG"
                },
                {
                    "protocolSessionId": "42b93a10-df36-450b-aa56-d92f51f9b377",
                    "account": 123123106,
                    "duration": 20,
                    "date": "2025-06-10T00:47:24.001",
                    "used": 136138057,
                    "losses": 0,
                    "requests": 3,
                    "handler": "CTG"
                },
                {
                    "protocolSessionId": "3c95e819-7759-4bc1-9f4c-135dda47b180",
                    "account": 123123106,
                    "duration": 20,
                    "date": "2025-06-10T02:25:28.001",
                    "used": 224408962,
                    "losses": 0,
                    "requests": 3,
                    "handler": "CTG"
                },
                {
                    "protocolSessionId": "ded15a55-74ee-4b2d-84ba-8efbb3858177",
                    "account": 123123106,
                    "duration": 20,
                    "date": "2025-06-10T20:37:31.001",
                    "used": 76543807,
                    "losses": 0,
                    "requests": 3,
                    "handler": "CTG"
                },
                {
                    "protocolSessionId": "a8201c83-8b96-4292-9909-541b7a19faf6",
                    "account": 123123106,
                    "duration": 20,
                    "date": "2025-06-11T07:01:23.001",
                    "used": 27698980,
                    "losses": 0,
                    "requests": 2,
                    "handler": "CTG"
                },
                {
                    "protocolSessionId": "bfde8fd4-501f-477c-a1c3-a6d4723ef3a6",
                    "account": 123123106,
                    "duration": 20,
                    "date": "2025-06-11T08:04:57.001",
                    "used": 13637888,
                    "losses": 0,
                    "requests": 2,
                    "handler": "CTG"
                },
                {
                    "protocolSessionId": "f8db8381-7281-4b58-ac00-476884cf9902",
                    "account": 123123106,
                    "duration": 20,
                    "date": "2025-06-11T08:36:31.001",
                    "used": 18036521,
                    "losses": 0,
                    "requests": 2,
                    "handler": "CTG"
                },
                {
                    "protocolSessionId": "cf638fd9-ace2-47fb-852d-4a7da2ddd6c1",
                    "account": 123123106,
                    "duration": 20,
                    "date": "2025-06-11T11:26:51.001",
                    "used": 9438,
                    "losses": 0,
                    "requests": 2,
                    "handler": "CTG"
                },
                {
                    "protocolSessionId": "a412e42f-3ceb-4296-8c6d-8e2fed6e44de",
                    "account": 123123106,
                    "duration": 20,
                    "date": "2025-06-11T11:44:52.001",
                    "used": 79164161,
                    "losses": 0,
                    "requests": 2,
                    "handler": "CTG"
                },
                {
                    "protocolSessionId": "45866666-8ae5-4114-ad27-36de4cebae42",
                    "account": 123123106,
                    "duration": 20,
                    "date": "2025-06-12T05:31:54.001",
                    "used": 1782781,
                    "losses": 0,
                    "requests": 2,
                    "handler": "CTG"
                },
                {
                    "protocolSessionId": "cb804d91-3fd8-48ea-acbf-1bff30e35346",
                    "account": 123123106,
                    "duration": 20,
                    "date": "2025-06-12T07:02:56.001",
                    "used": 244800,
                    "losses": 0,
                    "requests": 2,
                    "handler": "CTG"
                },
                {
                    "protocolSessionId": "e174870b-85d8-41ce-a804-1c03ac74c2db",
                    "account": 123123106,
                    "duration": 20,
                    "date": "2025-06-12T13:31:52.001",
                    "used": 657465447,
                    "losses": 0,
                    "requests": 4,
                    "handler": "CTG"
                },
                {
                    "protocolSessionId": "25b9852a-8d45-4117-9236-8c7cf512cd47",
                    "account": 123123106,
                    "duration": 20,
                    "date": "2025-06-12T13:34:39.001",
                    "used": 29942136,
                    "losses": 0,
                    "requests": 2,
                    "handler": "CTG"
                },
                {
                    "protocolSessionId": "0a4fd3d0-2949-4241-8e7b-e2874708c464",
                    "account": 123123106,
                    "duration": 20,
                    "date": "2025-06-12T13:58:39.001",
                    "used": 8728,
                    "losses": 0,
                    "requests": 2,
                    "handler": "CTG"
                },
                {
                    "protocolSessionId": "b5e1e7e5-1ea4-4b9d-9e64-c9541afef867",
                    "account": 123123106,
                    "duration": 20,
                    "date": "2025-06-12T15:59:31.001",
                    "used": 627,
                    "losses": 0,
                    "requests": 2,
                    "handler": "CTG"
                },
                {
                    "protocolSessionId": "3ccff4dd-e547-415d-a207-f42f92a93820",
                    "account": 123123106,
                    "duration": 20,
                    "date": "2025-06-12T18:23:49.001",
                    "used": 742653,
                    "losses": 0,
                    "requests": 2,
                    "handler": "CTG"
                },
                {
                    "protocolSessionId": "8a8de369-98fe-4497-b6a4-e8f83240901b",
                    "account": 123123106,
                    "duration": 20,
                    "date": "2025-06-13T02:41:26.001",
                    "used": 319935,
                    "losses": 0,
                    "requests": 2,
                    "handler": "CTG"
                },
                {
                    "protocolSessionId": "f51aea3b-8201-4b87-9e8b-a9c3b2fd9965",
                    "account": 123123106,
                    "duration": 20,
                    "date": "2025-06-13T03:30:00.001",
                    "used": 19828189,
                    "losses": 0,
                    "requests": 3,
                    "handler": "CTG"
                },
                {
                    "protocolSessionId": "28e3a735-bd88-4bf6-916a-33b65452bea3",
                    "account": 123123106,
                    "duration": 20,
                    "date": "2025-06-13T08:56:36.001",
                    "used": 1694810,
                    "losses": 0,
                    "requests": 2,
                    "handler": "CTG"
                },
                {
                    "protocolSessionId": "67c03c1d-71d4-4680-be6c-71f364b737ce",
                    "account": 123123106,
                    "duration": 20,
                    "date": "2025-06-13T08:57:48.001",
                    "used": 380453293,
                    "losses": 0,
                    "requests": 3,
                    "handler": "CTG"
                },
                {
                    "protocolSessionId": "e4b58491-c4a3-4c40-b415-02dd260db26c",
                    "account": 123123106,
                    "duration": 20,
                    "date": "2025-06-13T17:18:33.001",
                    "used": 1226779888,
                    "losses": 0,
                    "requests": 7,
                    "handler": "CTG"
                },
                {
                    "protocolSessionId": "7a9e072b-2dc6-4f88-89f1-299b63dc468d",
                    "account": 123123106,
                    "duration": 20,
                    "date": "2025-06-13T18:06:13.001",
                    "used": 0,
                    "losses": 0,
                    "requests": 1,
                    "handler": "CTG"
                },
                {
                    "protocolSessionId": "289a3f00-d21f-4bf2-a3fd-6be4c01b04d6",
                    "account": 123123106,
                    "duration": 20,
                    "date": "2025-06-13T18:06:14.001",
                    "used": 0,
                    "losses": 0,
                    "requests": 1,
                    "handler": "CTG"
                },
                {
                    "protocolSessionId": "02e885c7-23b3-4589-a46f-b427c88d2882",
                    "account": 123123106,
                    "duration": 20,
                    "date": "2025-06-13T23:43:17.001",
                    "used": 676690,
                    "losses": 0,
                    "requests": 2,
                    "handler": "CTG"
                },
                {
                    "protocolSessionId": "c1e5d383-1cf8-477d-930c-903a2d04275b",
                    "account": 123123106,
                    "duration": 20,
                    "date": "2025-06-13T23:51:29.001",
                    "used": 0,
                    "losses": 0,
                    "requests": 1,
                    "handler": "CTG"
                },
                {
                    "protocolSessionId": "7f460907-9958-4d3f-8bcd-1be10a81b93f",
                    "account": 123123106,
                    "duration": 20,
                    "date": "2025-06-13T23:52:34.001",
                    "used": 434,
                    "losses": 0,
                    "requests": 2,
                    "handler": "CTG"
                },
                {
                    "protocolSessionId": "81478adb-0985-4b00-9c72-4cd6b5405210",
                    "account": 123123106,
                    "duration": 20,
                    "date": "2025-06-13T23:58:41.001",
                    "used": 4959,
                    "losses": 0,
                    "requests": 2,
                    "handler": "CTG"
                },
                {
                    "protocolSessionId": "33593076-be4f-484a-98f7-e582cb38bb9e",
                    "account": 123123106,
                    "duration": 20,
                    "date": "2025-06-16T06:20:17.001",
                    "used": 171010325,
                    "losses": 0,
                    "requests": 3,
                    "handler": "CTG"
                },
                {
                    "protocolSessionId": "b764a1e4-2a31-4d56-9d8e-294361554ff9",
                    "account": 123123106,
                    "duration": 20,
                    "date": "2025-06-16T21:52:17.001",
                    "used": 56635204,
                    "losses": 0,
                    "requests": 2,
                    "handler": "CTG"
                },
                {
                    "protocolSessionId": "538c6779-9316-4d2b-90bd-f4bea263b25f",
                    "account": 123123106,
                    "duration": 20,
                    "date": "2025-06-16T22:47:07.001",
                    "used": 5139429,
                    "losses": 0,
                    "requests": 2,
                    "handler": "CTG"
                },
                {
                    "protocolSessionId": "3cbd2919-02c7-487c-8aa4-7211151f1039",
                    "account": 123123106,
                    "duration": 20,
                    "date": "2025-06-17T06:07:06.001",
                    "used": 255757306,
                    "losses": 0,
                    "requests": 2,
                    "handler": "CTG"
                },
                {
                    "protocolSessionId": "11b8c521-ae55-4e7d-adc9-9df22acc3d04",
                    "account": 123123106,
                    "duration": 20,
                    "date": "2025-06-17T21:44:32.001",
                    "used": 5253096,
                    "losses": 0,
                    "requests": 2,
                    "handler": "CTG"
                },
                {
                    "protocolSessionId": "d4b94b11-636f-4585-b850-5a0bbe1c807a",
                    "account": 123123106,
                    "duration": 20,
                    "date": "2025-06-17T22:39:23.001",
                    "used": 215008617,
                    "losses": 0,
                    "requests": 3,
                    "handler": "CTG"
                },
                {
                    "protocolSessionId": "d254369c-fbcf-4405-8618-6c1ceb112ca4",
                    "account": 123123106,
                    "duration": 20,
                    "date": "2025-06-17T22:44:06.001",
                    "used": 0,
                    "losses": 0,
                    "requests": 1,
                    "handler": "CTG"
                },
                {
                    "protocolSessionId": "d5cc8397-f59d-40d4-b2a2-e7d0d895fdf5",
                    "account": 123123106,
                    "duration": 20,
                    "date": "2025-06-17T22:46:17.001",
                    "used": 0,
                    "losses": 0,
                    "requests": 1,
                    "handler": "CTG"
                },
                {
                    "protocolSessionId": "9af9a53b-5038-48fe-a944-5cde6673e1c1",
                    "account": 123123106,
                    "duration": 20,
                    "date": "2025-06-17T23:24:54.001",
                    "used": 473724,
                    "losses": 0,
                    "requests": 2,
                    "handler": "CTG"
                },
                {
                    "protocolSessionId": "8a689f61-9230-4c24-ad6d-9b939353a8b9",
                    "account": 123123106,
                    "duration": 20,
                    "date": "2025-06-18T09:38:56.001",
                    "used": 5862336,
                    "losses": 0,
                    "requests": 2,
                    "handler": "CTG"
                },
                {
                    "protocolSessionId": "ecdb5216-e4f6-40f9-b741-f5a76ce39f8f",
                    "account": 123123106,
                    "duration": 20,
                    "date": "2025-06-18T09:40:36.001",
                    "used": 77289795,
                    "losses": 0,
                    "requests": 3,
                    "handler": "CTG"
                },
                {
                    "protocolSessionId": "03b0cd9f-21fe-47d5-a746-db9f96688123",
                    "account": 123123106,
                    "duration": 20,
                    "date": "2025-06-18T09:41:12.001",
                    "used": 33,
                    "losses": 0,
                    "requests": 2,
                    "handler": "CTG"
                },
                {
                    "protocolSessionId": "cbfe04cf-cad7-4d45-8ce2-28182fe7a57c",
                    "account": 123123106,
                    "duration": 20,
                    "date": "2025-06-18T10:39:18.001",
                    "used": 0,
                    "losses": 0,
                    "requests": 1,
                    "handler": "CTG"
                },
                {
                    "protocolSessionId": "d47a770c-f89c-4fd4-ad21-9325b725d62d",
                    "account": 123123106,
                    "duration": 20,
                    "date": "2025-06-18T12:40:53.001",
                    "used": 130652167,
                    "losses": 0,
                    "requests": 3,
                    "handler": "CTG"
                },
                {
                    "protocolSessionId": "6df65c81-5483-41a4-9188-367e024559b6",
                    "account": 123123106,
                    "duration": 20,
                    "date": "2025-06-18T14:43:13.001",
                    "used": 265442737,
                    "losses": 0,
                    "requests": 3,
                    "handler": "CTG"
                },
                {
                    "protocolSessionId": "1ed6a88d-b0a2-402c-98f0-6aebc9d2021e",
                    "account": 123123106,
                    "duration": 20,
                    "date": "2025-06-18T14:43:40.001",
                    "used": 0,
                    "losses": 0,
                    "requests": 1,
                    "handler": "CTG"
                },
                {
                    "protocolSessionId": "0e71d2a9-153a-41ad-aac8-4adf8ed1cc58",
                    "account": 123123106,
                    "duration": 20,
                    "date": "2025-06-18T17:11:55.001",
                    "used": 45320,
                    "losses": 0,
                    "requests": 2,
                    "handler": "CTG"
                },
                {
                    "protocolSessionId": "57219fa4-77b9-4bdb-8115-5ae90dd49a6f",
                    "account": 123123106,
                    "duration": 20,
                    "date": "2025-06-18T18:02:27.001",
                    "used": 207429125,
                    "losses": 0,
                    "requests": 3,
                    "handler": "CTG"
                },
                {
                    "protocolSessionId": "079ed071-800f-4917-874e-2e911c2be50a",
                    "account": 123123106,
                    "duration": 20,
                    "date": "2025-06-19T02:25:53.001",
                    "used": 899605580,
                    "losses": 0,
                    "requests": 3,
                    "handler": "CTG"
                },
                {
                    "protocolSessionId": "d3fe62b8-f1fd-46e8-8d2c-d11e048fccd1",
                    "account": 123123106,
                    "duration": 20,
                    "date": "2025-06-19T02:34:59.001",
                    "used": 0,
                    "losses": 0,
                    "requests": 1,
                    "handler": "CTG"
                },
                {
                    "protocolSessionId": "685660ef-03eb-44cc-8083-b8d4daf64bbc",
                    "account": 123123106,
                    "duration": 20,
                    "date": "2025-06-19T02:36:00.001",
                    "used": 0,
                    "losses": 0,
                    "requests": 1,
                    "handler": "CTG"
                },
                {
                    "protocolSessionId": "c9a59af5-efb0-46c1-9af4-17aeb35d953a",
                    "account": 123123106,
                    "duration": 20,
                    "date": "2025-06-19T04:25:12.001",
                    "used": 460914061,
                    "losses": 0,
                    "requests": 3,
                    "handler": "CTG"
                },
                {
                    "protocolSessionId": "797e60a9-85e1-4f62-a17a-cce06b909883",
                    "account": 123123106,
                    "duration": 20,
                    "date": "2025-06-19T04:51:01.001",
                    "used": 3941610,
                    "losses": 0,
                    "requests": 2,
                    "handler": "CTG"
                },
                {
                    "protocolSessionId": "4dcfa379-5de9-467d-b05b-114ec3d33407",
                    "account": 123123106,
                    "duration": 20,
                    "date": "2025-06-19T05:52:40.001",
                    "used": 22134,
                    "losses": 0,
                    "requests": 2,
                    "handler": "CTG"
                },
                {
                    "protocolSessionId": "c0b41c6b-b281-4b5c-bd34-db780ebcb92e",
                    "account": 123123106,
                    "duration": 20,
                    "date": "2025-06-19T12:50:24.001",
                    "used": 6906449,
                    "losses": 0,
                    "requests": 2,
                    "handler": "CTG"
                },
                {
                    "protocolSessionId": "e1754c35-dd5e-45ae-bc61-6d4d59d8fd85",
                    "account": 123123106,
                    "duration": 20,
                    "date": "2025-06-20T02:26:55.001",
                    "used": 352126954,
                    "losses": 0,
                    "requests": 3,
                    "handler": "CTG"
                },
                {
                    "protocolSessionId": "548ce6f1-eeac-4043-b009-c1797f708ba8",
                    "account": 123123106,
                    "duration": 20,
                    "date": "2025-06-20T03:40:33.001",
                    "used": 6718668,
                    "losses": 0,
                    "requests": 2,
                    "handler": "CTG"
                },
                {
                    "protocolSessionId": "458043c0-504d-490b-8666-50e530e22de7",
                    "account": 123123106,
                    "duration": 20,
                    "date": "2025-06-20T07:13:14.001",
                    "used": 12673947,
                    "losses": 0,
                    "requests": 2,
                    "handler": "CTG"
                },
                {
                    "protocolSessionId": "75496f84-1a25-4bff-a135-3b995a0bb58b",
                    "account": 123123106,
                    "duration": 20,
                    "date": "2025-06-20T10:10:04.001",
                    "used": 8464946,
                    "losses": 0,
                    "requests": 2,
                    "handler": "CTG"
                },
                {
                    "protocolSessionId": "6b856785-5924-48d7-8684-a0e0f7aacdfb",
                    "account": 123123106,
                    "duration": 20,
                    "date": "2025-06-20T10:10:05.001",
                    "used": 0,
                    "losses": 0,
                    "requests": 1,
                    "handler": "CTG"
                },
                {
                    "protocolSessionId": "82d23d6d-3efc-4081-9113-f059745b3eee",
                    "account": 123123106,
                    "duration": 20,
                    "date": "2025-06-20T11:56:16.001",
                    "used": 98661710,
                    "losses": 0,
                    "requests": 2,
                    "handler": "CTG"
                },
                {
                    "protocolSessionId": "4d29aa07-2c11-4f4e-9375-d68996b9d6bf",
                    "account": 123123106,
                    "duration": 20,
                    "date": "2025-06-20T14:40:45.001",
                    "used": 1461684,
                    "losses": 0,
                    "requests": 2,
                    "handler": "CTG"
                },
                {
                    "protocolSessionId": "4de5148e-5e14-4c4c-8078-0e931e8f1a50",
                    "account": 123123106,
                    "duration": 20,
                    "date": "2025-06-20T15:05:00.001",
                    "used": 49031292,
                    "losses": 0,
                    "requests": 3,
                    "handler": "CTG"
                },
                {
                    "protocolSessionId": "e3b1de43-ed86-46a1-ab75-07b5c86aab93",
                    "account": 123123106,
                    "duration": 20,
                    "date": "2025-06-20T15:05:11.001",
                    "used": 696174,
                    "losses": 0,
                    "requests": 2,
                    "handler": "CTG"
                },
                {
                    "protocolSessionId": "5d520c6e-471b-4d09-a2b8-63c75a1490a7",
                    "account": 123123106,
                    "duration": 20,
                    "date": "2025-06-21T08:45:57.001",
                    "used": 54378,
                    "losses": 0,
                    "requests": 2,
                    "handler": "CTG"
                },
                {
                    "protocolSessionId": "43a9778f-b4b8-44fa-aac5-81c97f4c1130",
                    "account": 123123106,
                    "duration": 20,
                    "date": "2025-06-21T23:40:16.001",
                    "used": 101903802,
                    "losses": 0,
                    "requests": 2,
                    "handler": "CTG"
                },
                {
                    "protocolSessionId": "216ceb25-1b50-417c-992c-00a6098b16fe",
                    "account": 123123106,
                    "duration": 20,
                    "date": "2025-06-22T02:31:46.001",
                    "used": 23448243,
                    "losses": 0,
                    "requests": 2,
                    "handler": "CTG"
                },
                {
                    "protocolSessionId": "e00e0b15-143f-415e-83a7-47c0eb21dabe",
                    "account": 123123106,
                    "duration": 20,
                    "date": "2025-06-22T11:49:57.001",
                    "used": 0,
                    "losses": 0,
                    "requests": 1,
                    "handler": "CTG"
                },
                {
                    "protocolSessionId": "a9ae0ad7-b4cf-4793-b579-a81d294311cd",
                    "account": 123123106,
                    "duration": 20,
                    "date": "2025-06-22T11:50:02.001",
                    "used": 1542396,
                    "losses": 0,
                    "requests": 2,
                    "handler": "CTG"
                },
                {
                    "protocolSessionId": "67c7f2fd-8e5f-46e2-a989-fe69c54194db",
                    "account": 123123106,
                    "duration": 20,
                    "date": "2025-06-22T18:27:20.001",
                    "used": 46803312,
                    "losses": 0,
                    "requests": 2,
                    "handler": "CTG"
                },
                {
                    "protocolSessionId": "a3ab0ae1-b8f8-415c-89f3-f970553139e7",
                    "account": 123123106,
                    "duration": 20,
                    "date": "2025-06-22T21:04:16.001",
                    "used": 29799144,
                    "losses": 0,
                    "requests": 2,
                    "handler": "CTG"
                },
                {
                    "protocolSessionId": "ff09fd88-c7b7-40ce-8010-694b269dde23",
                    "account": 123123106,
                    "duration": 20,
                    "date": "2025-06-22T22:16:33.001",
                    "used": 880992,
                    "losses": 0,
                    "requests": 2,
                    "handler": "CTG"
                },
                {
                    "protocolSessionId": "5d007dfd-79df-4a6f-ac40-ceafd7d87e27",
                    "account": 123123106,
                    "duration": 20,
                    "date": "2025-06-22T22:16:34.001",
                    "used": 0,
                    "losses": 0,
                    "requests": 1,
                    "handler": "CTG"
                },
                {
                    "protocolSessionId": "e8f03ef9-cdbe-47c9-af00-8e290330d728",
                    "account": 123123106,
                    "duration": 20,
                    "date": "2025-06-22T23:06:23.001",
                    "used": 12104466,
                    "losses": 0,
                    "requests": 2,
                    "handler": "CTG"
                },
                {
                    "protocolSessionId": "2ebe249b-d644-4808-aafc-b27e3d1be146",
                    "account": 123123106,
                    "duration": 20,
                    "date": "2025-06-23T00:00:51.001",
                    "used": 0,
                    "losses": 0,
                    "requests": 1,
                    "handler": "CTG"
                },
                {
                    "protocolSessionId": "6629a750-02d6-4f19-94f7-c02776410567",
                    "account": 123123106,
                    "duration": 20,
                    "date": "2025-06-23T09:38:52.001",
                    "used": 606184307,
                    "losses": 0,
                    "requests": 3,
                    "handler": "CTG"
                },
                {
                    "protocolSessionId": "6d36ef35-db16-416f-b528-785daf896e4a",
                    "account": 123123106,
                    "duration": 20,
                    "date": "2025-06-23T11:38:58.001",
                    "used": 82101030,
                    "losses": 0,
                    "requests": 2,
                    "handler": "CTG"
                },
                {
                    "protocolSessionId": "5d02bcfa-49e2-49b4-acb4-ddef742eb643",
                    "account": 123123106,
                    "duration": 20,
                    "date": "2025-06-23T11:49:56.001",
                    "used": 142803518,
                    "losses": 0,
                    "requests": 3,
                    "handler": "CTG"
                },
                {
                    "protocolSessionId": "d483716a-c410-4ae0-bbda-b926e5c7dc0b",
                    "account": 123123106,
                    "duration": 20,
                    "date": "2025-06-23T12:57:30.001",
                    "used": 341821873,
                    "losses": 0,
                    "requests": 3,
                    "handler": "CTG"
                },
                {
                    "protocolSessionId": "82a46047-0897-4fd2-8a98-c7d7c35b4fcb",
                    "account": 123123106,
                    "duration": 20,
                    "date": "2025-06-23T17:50:19.001",
                    "used": 609978374,
                    "losses": 0,
                    "requests": 7,
                    "handler": "CTG"
                },
                {
                    "protocolSessionId": "eeb1f2db-fbd2-4a00-b8d0-5d383a04d843",
                    "account": 123123106,
                    "duration": 20,
                    "date": "2025-06-23T19:11:40.001",
                    "used": 214654952,
                    "losses": 0,
                    "requests": 3,
                    "handler": "CTG"
                },
                {
                    "protocolSessionId": "5af30f1d-3d30-4f3f-8202-8344a6fa3ed8",
                    "account": 123123106,
                    "duration": 20,
                    "date": "2025-06-24T01:13:13.001",
                    "used": 280551766,
                    "losses": 0,
                    "requests": 6,
                    "handler": "CTG"
                },
                {
                    "protocolSessionId": "f3245bb4-f64b-42fc-b03e-3fdd528ae9a0",
                    "account": 123123106,
                    "duration": 20,
                    "date": "2025-06-24T01:13:14.001",
                    "used": 0,
                    "losses": 0,
                    "requests": 1,
                    "handler": "CTG"
                },
                {
                    "protocolSessionId": "55901d2f-b8fa-493b-a62f-cb2ebdb13496",
                    "account": 123123106,
                    "duration": 20,
                    "date": "2025-06-24T09:36:23.001",
                    "used": 0,
                    "losses": 0,
                    "requests": 1,
                    "handler": "CTG"
                },
                {
                    "protocolSessionId": "fabbe97e-0a92-4cbd-b9bb-e1b9e2f0d4c4",
                    "account": 123123106,
                    "duration": 20,
                    "date": "2025-06-24T10:30:46.001",
                    "used": 92550,
                    "losses": 0,
                    "requests": 2,
                    "handler": "CTG"
                },
                {
                    "protocolSessionId": "005e9332-17d9-49f9-9498-ebe4734890ed",
                    "account": 123123106,
                    "duration": 20,
                    "date": "2025-06-24T11:28:57.001",
                    "used": 380,
                    "losses": 0,
                    "requests": 2,
                    "handler": "CTG"
                },
                {
                    "protocolSessionId": "d594dac9-3d8a-449d-ac14-3681c6853024",
                    "account": 123123106,
                    "duration": 20,
                    "date": "2025-06-24T11:36:34.001",
                    "used": 69,
                    "losses": 0,
                    "requests": 2,
                    "handler": "CTG"
                },
                {
                    "protocolSessionId": "80f7c9a4-e96d-4c47-b709-2d73b96bd071",
                    "account": 123123106,
                    "duration": 20,
                    "date": "2025-06-24T12:12:34.001",
                    "used": 680,
                    "losses": 0,
                    "requests": 2,
                    "handler": "CTG"
                },
                {
                    "protocolSessionId": "d8a2c580-3961-4adb-a29e-a99b7c796e61",
                    "account": 123123106,
                    "duration": 20,
                    "date": "2025-06-24T12:14:05.001",
                    "used": 3402,
                    "losses": 0,
                    "requests": 2,
                    "handler": "CTG"
                },
                {
                    "protocolSessionId": "2b3df47a-183d-4657-8646-c8691a734fd4",
                    "account": 123123106,
                    "duration": 20,
                    "date": "2025-06-24T21:38:15.001",
                    "used": 292568416,
                    "losses": 0,
                    "requests": 3,
                    "handler": "CTG"
                },
                {
                    "protocolSessionId": "c329f31e-47a5-484c-b3a7-42ee236ecec7",
                    "account": 123123106,
                    "duration": 20,
                    "date": "2025-06-24T22:18:15.001",
                    "used": 1680,
                    "losses": 0,
                    "requests": 2,
                    "handler": "CTG"
                },
                {
                    "protocolSessionId": "15aca092-dd7a-4426-9105-7510fe21c0af",
                    "account": 123123106,
                    "duration": 20,
                    "date": "2025-06-24T23:54:09.001",
                    "used": 294281735,
                    "losses": 0,
                    "requests": 3,
                    "handler": "CTG"
                },
                {
                    "protocolSessionId": "a054c612-ca40-45f5-b237-78f7a193b59e",
                    "account": 123123106,
                    "duration": 20,
                    "date": "2025-06-24T23:55:20.001",
                    "used": 1395776,
                    "losses": 0,
                    "requests": 2,
                    "handler": "CTG"
                },
                {
                    "protocolSessionId": "8024123c-5d82-4eeb-b9d5-c607841e1b76",
                    "account": 123123106,
                    "duration": 20,
                    "date": "2025-06-25T04:32:20.001",
                    "used": 407672488,
                    "losses": 0,
                    "requests": 4,
                    "handler": "CTG"
                },
                {
                    "protocolSessionId": "ba2996cd-cd1a-4703-880e-ae7b463899f9",
                    "account": 123123106,
                    "duration": 20,
                    "date": "2025-06-25T04:33:24.001",
                    "used": 2899244,
                    "losses": 0,
                    "requests": 2,
                    "handler": "CTG"
                },
                {
                    "protocolSessionId": "90284298-61b8-4f83-b0ac-b9dd36f158b5",
                    "account": 123123106,
                    "duration": 20,
                    "date": "2025-06-25T06:20:24.001",
                    "used": 0,
                    "losses": 0,
                    "requests": 1,
                    "handler": "CTG"
                },
                {
                    "protocolSessionId": "d5a07086-cc2b-46d4-9e38-d583a3e8cf73",
                    "account": 123123106,
                    "duration": 20,
                    "date": "2025-06-25T10:29:17.001",
                    "used": 282874,
                    "losses": 0,
                    "requests": 2,
                    "handler": "CTG"
                },
                {
                    "protocolSessionId": "6485a309-dbd8-44a3-a414-d6b0717a04df",
                    "account": 123123106,
                    "duration": 20,
                    "date": "2025-06-25T11:18:52.001",
                    "used": 169489931,
                    "losses": 0,
                    "requests": 3,
                    "handler": "CTG"
                },
                {
                    "protocolSessionId": "e8e5740a-0773-4c12-9202-3f61e79d46d9",
                    "account": 123123106,
                    "duration": 20,
                    "date": "2025-06-25T14:22:43.001",
                    "used": 182013777,
                    "losses": 0,
                    "requests": 6,
                    "handler": "CTG"
                },
                {
                    "protocolSessionId": "97ac07e9-a75b-43bb-b5a8-e79a23012842",
                    "account": 123123106,
                    "duration": 20,
                    "date": "2025-06-25T14:22:56.001",
                    "used": 2313432,
                    "losses": 0,
                    "requests": 2,
                    "handler": "CTG"
                },
                {
                    "protocolSessionId": "679505cc-30c3-4f92-acac-6acc0e80512e",
                    "account": 123123106,
                    "duration": 20,
                    "date": "2025-06-25T14:24:11.001",
                    "used": 68593692,
                    "losses": 0,
                    "requests": 3,
                    "handler": "CTG"
                },
                {
                    "protocolSessionId": "8a2c962a-b35d-44f9-b0b3-014f758ea860",
                    "account": 123123106,
                    "duration": 20,
                    "date": "2025-06-25T14:30:00.001",
                    "used": 387537623,
                    "losses": 0,
                    "requests": 3,
                    "handler": "CTG"
                },
                {
                    "protocolSessionId": "58ad514e-7106-40b4-b2cf-5b36120bec76",
                    "account": 123123106,
                    "duration": 20,
                    "date": "2025-06-26T00:09:31.001",
                    "used": 207030918,
                    "losses": 0,
                    "requests": 3,
                    "handler": "CTG"
                },
                {
                    "protocolSessionId": "dfe4f899-aecc-45e0-869a-b1a23e64cc0b",
                    "account": 123123106,
                    "duration": 20,
                    "date": "2025-06-26T13:41:27.001",
                    "used": 32832,
                    "losses": 0,
                    "requests": 2,
                    "handler": "CTG"
                },
                {
                    "protocolSessionId": "9b67d663-cb8c-460a-9454-867e4a74d902",
                    "account": 123123106,
                    "duration": 20,
                    "date": "2025-06-26T13:41:28.001",
                    "used": 725777377,
                    "losses": 0,
                    "requests": 3,
                    "handler": "CTG"
                },
                {
                    "protocolSessionId": "a4cd9833-b081-460d-8d0b-c2687c1b35a6",
                    "account": 123123106,
                    "duration": 20,
                    "date": "2025-06-26T19:33:51.001",
                    "used": 54583168,
                    "losses": 0,
                    "requests": 2,
                    "handler": "CTG"
                },
                {
                    "protocolSessionId": "3614a292-c4ba-4fd5-a051-50514c6b0fa1",
                    "account": 123123106,
                    "duration": 20,
                    "date": "2025-06-26T20:10:53.001",
                    "used": 44219320,
                    "losses": 0,
                    "requests": 2,
                    "handler": "CTG"
                },
                {
                    "protocolSessionId": "5b0666f1-7f4a-445e-80bf-85ce5f9ec81d",
                    "account": 123123106,
                    "duration": 20,
                    "date": "2025-06-26T22:14:23.001",
                    "used": 134030,
                    "losses": 0,
                    "requests": 2,
                    "handler": "CTG"
                },
                {
                    "protocolSessionId": "c8771072-10a7-40df-aa9a-4d17bd35bd9d",
                    "account": 123123106,
                    "duration": 20,
                    "date": "2025-06-27T05:49:05.001",
                    "used": 779566248,
                    "losses": 0,
                    "requests": 4,
                    "handler": "CTG"
                },
                {
                    "protocolSessionId": "9fa89d65-3896-4bff-99d8-577d4834f9a9",
                    "account": 123123106,
                    "duration": 20,
                    "date": "2025-06-29T06:25:05.001",
                    "used": 13092376,
                    "losses": 0,
                    "requests": 2,
                    "handler": "CTG"
                },
                {
                    "protocolSessionId": "d577df03-df8e-42c9-8598-77599f51a3ff",
                    "account": 123123106,
                    "duration": 20,
                    "date": "2025-06-30T05:48:00.001",
                    "used": 3229842,
                    "losses": 0,
                    "requests": 2,
                    "handler": "CTG"
                },
                {
                    "protocolSessionId": "e92e250d-470a-4977-a01e-6f2f04a00a67",
                    "account": 123123106,
                    "duration": 20,
                    "date": "2025-06-30T08:34:15.001",
                    "used": 17581068,
                    "losses": 0,
                    "requests": 2,
                    "handler": "CTG"
                },
                {
                    "protocolSessionId": "1c197eff-14db-41d4-b8b0-0ffe0acbbb6b",
                    "account": 123123106,
                    "duration": 20,
                    "date": "2025-07-01T11:11:10.001",
                    "used": 127877682,
                    "losses": 0,
                    "requests": 2,
                    "handler": "CTG"
                },
                {
                    "protocolSessionId": "48e90944-bc30-4da8-9d32-0134cd77d2cd",
                    "account": 123123106,
                    "duration": 20,
                    "date": "2025-07-01T11:23:08.001",
                    "used": 1250760,
                    "losses": 0,
                    "requests": 2,
                    "handler": "CTG"
                },
                {
                    "protocolSessionId": "596f038e-702e-4e14-b0ae-c2a7e9d9bfac",
                    "account": 123123106,
                    "duration": 20,
                    "date": "2025-07-01T12:43:37.001",
                    "used": 60547256,
                    "losses": 0,
                    "requests": 2,
                    "handler": "CTG"
                },
                {
                    "protocolSessionId": "fbee2c5e-b66e-446a-9d91-bc36afec26a7",
                    "account": 123123106,
                    "duration": 20,
                    "date": "2025-07-01T12:50:19.001",
                    "used": 2948198,
                    "losses": 0,
                    "requests": 2,
                    "handler": "CTG"
                },
                {
                    "protocolSessionId": "c38d5e23-6d6e-412e-a9ef-c8982282317a",
                    "account": 123123106,
                    "duration": 20,
                    "date": "2025-07-01T17:01:22.001",
                    "used": 276203697,
                    "losses": 0,
                    "requests": 4,
                    "handler": "CTG"
                },
                {
                    "protocolSessionId": "37c08790-ea09-4146-b048-5585013c2391",
                    "account": 123123106,
                    "duration": 20,
                    "date": "2025-07-01T17:07:41.001",
                    "used": 618,
                    "losses": 0,
                    "requests": 2,
                    "handler": "CTG"
                },
                {
                    "protocolSessionId": "94961f92-7de4-4f85-a210-2b4f92a1f492",
                    "account": 123123106,
                    "duration": 20,
                    "date": "2025-07-01T18:01:27.001",
                    "used": 25920000,
                    "losses": 0,
                    "requests": 2,
                    "handler": "CTG"
                },
                {
                    "protocolSessionId": "4c5af0ff-b16b-4762-8a70-d803deb6dd24",
                    "account": 123123106,
                    "duration": 20,
                    "date": "2025-07-01T21:32:10.001",
                    "used": 24156,
                    "losses": 0,
                    "requests": 2,
                    "handler": "CTG"
                },
                {
                    "protocolSessionId": "509556c2-50b5-4bcb-b20c-4a356bc6c2f2",
                    "account": 123123106,
                    "duration": 20,
                    "date": "2025-07-02T01:26:12.001",
                    "used": 21146370,
                    "losses": 0,
                    "requests": 2,
                    "handler": "CTG"
                },
                {
                    "protocolSessionId": "33c9e1f2-9566-4ba4-8992-42f56a36126a",
                    "account": 123123106,
                    "duration": 20,
                    "date": "2025-07-02T01:26:56.001",
                    "used": 0,
                    "losses": 0,
                    "requests": 1,
                    "handler": "CTG"
                },
                {
                    "protocolSessionId": "636c9434-8184-41df-8b66-684cead8fa5f",
                    "account": 123123106,
                    "duration": 20,
                    "date": "2025-07-02T01:43:52.001",
                    "used": 64452,
                    "losses": 0,
                    "requests": 2,
                    "handler": "CTG"
                },
                {
                    "protocolSessionId": "9a11333a-ab69-48bb-a33a-89f772badc5d",
                    "account": 123123106,
                    "duration": 20,
                    "date": "2025-07-02T03:19:53.001",
                    "used": 0,
                    "losses": 0,
                    "requests": 1,
                    "handler": "CTG"
                },
                {
                    "protocolSessionId": "834bc900-ab3f-4d59-99ad-f39d4d0108c0",
                    "account": 123123106,
                    "duration": 20,
                    "date": "2025-07-02T07:12:56.001",
                    "used": 336721386,
                    "losses": 0,
                    "requests": 3,
                    "handler": "CTG"
                },
                {
                    "protocolSessionId": "e8b869c6-2144-45e4-8e4e-b59939c56a11",
                    "account": 123123106,
                    "duration": 20,
                    "date": "2025-07-02T08:40:15.001",
                    "used": 0,
                    "losses": 0,
                    "requests": 1,
                    "handler": "CTG"
                },
                {
                    "protocolSessionId": "a322095b-d2da-43c3-b930-683e334059f6",
                    "account": 123123106,
                    "duration": 20,
                    "date": "2025-07-02T09:50:15.001",
                    "used": 165087308,
                    "losses": 0,
                    "requests": 3,
                    "handler": "CTG"
                },
                {
                    "protocolSessionId": "95edb992-4eec-40ec-8a8e-be8e8af5cfbf",
                    "account": 123123106,
                    "duration": 20,
                    "date": "2025-07-02T10:15:41.001",
                    "used": 36277340,
                    "losses": 0,
                    "requests": 2,
                    "handler": "CTG"
                },
                {
                    "protocolSessionId": "ac73682f-b3d2-4bae-9e58-cb96a09a8954",
                    "account": 123123106,
                    "duration": 20,
                    "date": "2025-07-02T13:28:43.001",
                    "used": 5277356,
                    "losses": 0,
                    "requests": 2,
                    "handler": "CTG"
                },
                {
                    "protocolSessionId": "7e8442ea-577b-4c80-97a9-8a7596f12cb7",
                    "account": 123123106,
                    "duration": 20,
                    "date": "2025-07-02T13:29:44.001",
                    "used": 294,
                    "losses": 0,
                    "requests": 2,
                    "handler": "CTG"
                },
                {
                    "protocolSessionId": "9e2bc906-e976-4579-a98f-44d83ac285ab",
                    "account": 123123106,
                    "duration": 20,
                    "date": "2025-07-02T23:58:45.001",
                    "used": 0,
                    "losses": 0,
                    "requests": 1,
                    "handler": "CTG"
                },
                {
                    "protocolSessionId": "c54b2555-e280-40a7-b67b-5ef811fbbf79",
                    "account": 123123106,
                    "duration": 20,
                    "date": "2025-07-03T00:18:00.001",
                    "used": 0,
                    "losses": 0,
                    "requests": 1,
                    "handler": "CTG"
                },
                {
                    "protocolSessionId": "f7cdd5f8-9a72-437e-9aec-0ba41df51eb3",
                    "account": 123123106,
                    "duration": 20,
                    "date": "2025-07-03T04:26:41.001",
                    "used": 48505737,
                    "losses": 0,
                    "requests": 3,
                    "handler": "CTG"
                },
                {
                    "protocolSessionId": "f3a37f11-bd2a-462b-9dad-3a87421d4b31",
                    "account": 123123106,
                    "duration": 20,
                    "date": "2025-07-03T05:24:58.001",
                    "used": 210154189,
                    "losses": 0,
                    "requests": 3,
                    "handler": "CTG"
                },
                {
                    "protocolSessionId": "d87af9dc-bddf-4488-9612-01be328d7567",
                    "account": 123123106,
                    "duration": 20,
                    "date": "2025-07-03T08:25:00.001",
                    "used": 251542182,
                    "losses": 0,
                    "requests": 4,
                    "handler": "CTG"
                },
                {
                    "protocolSessionId": "39b9d8b2-18e6-4a2d-93af-c93bfee6b09b",
                    "account": 123123106,
                    "duration": 20,
                    "date": "2025-07-03T12:41:07.001",
                    "used": 2636584,
                    "losses": 0,
                    "requests": 2,
                    "handler": "CTG"
                },
                {
                    "protocolSessionId": "62122270-7e62-4206-98b9-7e41e27d60cf",
                    "account": 123123106,
                    "duration": 20,
                    "date": "2025-07-03T16:05:56.001",
                    "used": 270336,
                    "losses": 0,
                    "requests": 2,
                    "handler": "CTG"
                },
                {
                    "protocolSessionId": "1590b9f7-456d-4c6f-9510-8a1d291ad3e7",
                    "account": 123123106,
                    "duration": 20,
                    "date": "2025-07-03T16:47:53.001",
                    "used": 262473523,
                    "losses": 0,
                    "requests": 7,
                    "handler": "CTG"
                },
                {
                    "protocolSessionId": "aaaee356-08c6-4628-bf2f-9ce4347ee67b",
                    "account": 123123106,
                    "duration": 20,
                    "date": "2025-07-03T22:20:10.001",
                    "used": 24081,
                    "losses": 0,
                    "requests": 2,
                    "handler": "CTG"
                },
                {
                    "protocolSessionId": "e19799dd-eeec-4b8c-897b-ccf3dc4ee99e",
                    "account": 123123106,
                    "duration": 20,
                    "date": "2025-07-04T01:26:31.001",
                    "used": 1704112,
                    "losses": 0,
                    "requests": 2,
                    "handler": "CTG"
                },
                {
                    "protocolSessionId": "a912e38d-a3f0-4ecc-a052-b68f39ec408d",
                    "account": 123123106,
                    "duration": 20,
                    "date": "2025-07-04T10:11:21.001",
                    "used": 2377128,
                    "losses": 0,
                    "requests": 2,
                    "handler": "CTG"
                },
                {
                    "protocolSessionId": "d632b497-e0ad-49b2-8ae2-7d149afc65f0",
                    "account": 123123106,
                    "duration": 20,
                    "date": "2025-07-04T13:45:30.001",
                    "used": 1423124,
                    "losses": 0,
                    "requests": 2,
                    "handler": "CTG"
                },
                {
                    "protocolSessionId": "30804c84-c251-406b-a64d-78a677af63c2",
                    "account": 123123106,
                    "duration": 20,
                    "date": "2025-07-04T14:22:23.001",
                    "used": 0,
                    "losses": 0,
                    "requests": 1,
                    "handler": "CTG"
                },
                {
                    "protocolSessionId": "9fc195df-c9f3-4e99-9de9-aaf0373de78d",
                    "account": 123123106,
                    "duration": 20,
                    "date": "2025-07-05T22:25:05.001",
                    "used": 364277037,
                    "losses": 0,
                    "requests": 7,
                    "handler": "CTG"
                },
                {
                    "protocolSessionId": "90a359f5-72d7-43eb-a84e-098dfd385fee",
                    "account": 123123106,
                    "duration": 20,
                    "date": "2025-07-06T04:04:24.001",
                    "used": 0,
                    "losses": 0,
                    "requests": 1,
                    "handler": "CTG"
                }
            ]
        }
    }
}