{
    "observation": {
        "previous_period_summary": {
            "cnt_percentage": 50.0,
            "cnt_requests": 6,
            "losses_percentage": 0.0,
            "losses_volume": 0
        },
        "current_period": {
            "phase_one": [
                {
                    "protocolSessionId": "9ced70fb-29f0-4e7c-aaee-8059066e050c",
                    "account": 123123106,
                    "date": "2025-04-30T05:30:44.001",
                    "duration": 123.0,
                    "used": 7976181,
                    "losses": 0,
                    "requests": 3,
                    "handler": "CNT"
                },
                {
                    "protocolSessionId": "c6a00095-3450-41b3-83c3-2196910d71cc",
                    "account": 123123106,
                    "date": "2025-04-30T06:50:48.001",
                    "duration": 3264.0,
                    "used": 6528,
                    "losses": 0,
                    "requests": 3,
                    "handler": "CNT"
                },
                {
                    "protocolSessionId": "512f9f3a-3a18-44a4-9dd4-061114d8f886",
                    "account": 123123106,
                    "date": "2025-04-30T08:07:38.001",
                    "duration": 9.0,
                    "used": 63,
                    "losses": 0,
                    "requests": 3,
                    "handler": "CNT"
                },
                {
                    "protocolSessionId": "72775f35-3db4-4e24-8e31-feab5de736b8",
                    "account": 123123106,
                    "date": "2025-04-30T08:12:50.001",
                    "duration": 65.0,
                    "used": 12545,
                    "losses": 0,
                    "requests": 3,
                    "handler": "CNT"
                },
                {
                    "protocolSessionId": "142f2125-e9fa-4e7a-b6f3-fb44c546a931",
                    "account": 123123106,
                    "date": "2025-04-30T08:14:05.001",
                    "duration": 14.0,
                    "used": 14350,
                    "losses": 0,
                    "requests": 3,
                    "handler": "CNT"
                },
                {
                    "protocolSessionId": "de8b3938-d883-4c3f-ac5e-5bde28ea1e96",
                    "account": 123123106,
                    "date": "2025-04-30T08:27:45.001",
                    "duration": 247544.0,
                    "used": 210125342,
                    "losses": 0,
                    "requests": 10,
                    "handler": "CNT"
                }
            ],
            "phase_two": [
                {
                    "protocolSessionId": "eefb2ffb-4342-45ed-9b81-db51fb6653b9",
                    "account": 123123106,
                    "duration": 20,
                    "date": "2025-04-30T16:16:29.001",
                    "used": 318114,
                    "losses": 0,
                    "requests": 2,
                    "handler": "CTG"
                },
                {
                    "protocolSessionId": "9062a58a-ff8e-4b48-a63a-c05c6b28197a",
                    "account": 123123106,
                    "duration": 20,
                    "date": "2025-04-30T16:22:27.001",
                    "used": 194540,
                    "losses": 0,
                    "requests": 2,
                    "handler": "CTG"
                },
                {
                    "protocolSessionId": "4ea93499-9c06-4586-9f33-87d2ab29d702",
                    "account": 123123106,
                    "duration": 20,
                    "date": "2025-05-01T05:41:11.001",
                    "used": 60764496,
                    "losses": 0,
                    "requests": 2,
                    "handler": "CTG"
                },
                {
                    "protocolSessionId": "a64f04b4-b305-485f-ada2-c17416a765ae",
                    "account": 123123106,
                    "duration": 20,
                    "date": "2025-05-01T07:38:30.001",
                    "used": 59184466,
                    "losses": 0,
                    "requests": 2,
                    "handler": "CTG"
                },
                {
                    "protocolSessionId": "49062e31-5e14-4bbc-8adc-205b27888036",
                    "account": 123123106,
                    "duration": 20,
                    "date": "2025-05-01T22:23:56.001",
                    "used": 13023738,
                    "losses": 0,
                    "requests": 2,
                    "handler": "CTG"
                },
                {
                    "protocolSessionId": "a395eb00-85da-4ff9-9ab4-5ec8825da117",
                    "account": 123123106,
                    "duration": 20,
                    "date": "2025-05-02T04:43:06.001",
                    "used": 2297484,
                    "losses": 0,
                    "requests": 2,
                    "handler": "CTG"
                },
                {
                    "protocolSessionId": "1098729d-add8-4c0f-890d-e869d12fbfae",
                    "account": 123123106,
                    "duration": 20,
                    "date": "2025-05-02T06:33:26.001",
                    "used": 187771035,
                    "losses": 0,
                    "requests": 3,
                    "handler": "CTG"
                },
                {
                    "protocolSessionId": "57b522b0-f4a6-41e2-b66d-d4cbf95d8cda",
                    "account": 123123106,
                    "duration": 20,
                    "date": "2025-05-02T11:24:10.001",
                    "used": 7602825,
                    "losses": 0,
                    "requests": 2,
                    "handler": "CTG"
                },
                {
                    "protocolSessionId": "87707f20-8e09-48f3-9089-75ceec8e1800",
                    "account": 123123106,
                    "duration": 20,
                    "date": "2025-05-02T11:25:29.001",
                    "used": 109262923,
                    "losses": 0,
                    "requests": 3,
                    "handler": "CTG"
                },
                {
                    "protocolSessionId": "872750e9-8514-41c1-a058-43fbe449758a",
                    "account": 123123106,
                    "duration": 20,
                    "date": "2025-05-02T16:02:27.001",
                    "used": 180404,
                    "losses": 0,
                    "requests": 2,
                    "handler": "CTG"
                },
                {
                    "protocolSessionId": "0f59a553-9cbb-41cf-ab88-f4c79c305c36",
                    "account": 123123106,
                    "duration": 20,
                    "date": "2025-05-02T16:37:16.001",
                    "used": 119710,
                    "losses": 0,
                    "requests": 2,
                    "handler": "CTG"
                },
                {
                    "protocolSessionId": "36df1ab0-a6ba-4532-925f-f7f9968e288b",
                    "account": 123123106,
                    "duration": 20,
                    "date": "2025-05-02T18:59:49.001",
                    "used": 262171797,
                    "losses": 0,
                    "requests": 3,
                    "handler": "CTG"
                },
                {
                    "protocolSessionId": "298b4342-f2d5-4fdc-9bd4-c95af00cbc07",
                    "account": 123123106,
                    "duration": 20,
                    "date": "2025-05-03T02:06:25.001",
                    "used": 1486548,
                    "losses": 0,
                    "requests": 2,
                    "handler": "CTG"
                },
                {
                    "protocolSessionId": "88dfc451-ff65-4b9c-819d-7a4f3ca03ca9",
                    "account": 123123106,
                    "duration": 20,
                    "date": "2025-05-03T03:45:32.001",
                    "used": 961270,
                    "losses": 0,
                    "requests": 2,
                    "handler": "CTG"
                },
                {
                    "protocolSessionId": "a126577e-7faa-42bb-944f-2938ffc10084",
                    "account": 123123106,
                    "duration": 20,
                    "date": "2025-05-03T04:48:51.001",
                    "used": 17448,
                    "losses": 0,
                    "requests": 2,
                    "handler": "CTG"
                },
                {
                    "protocolSessionId": "ea14cb1f-9e9f-40cf-94d1-2d70ebd23341",
                    "account": 123123106,
                    "duration": 20,
                    "date": "2025-05-03T05:44:02.001",
                    "used": 32790,
                    "losses": 0,
                    "requests": 2,
                    "handler": "CTG"
                }
            ]
        }
    }
}