{
    "observation": {
        "previous_period_summary": {
            "cnt_percentage": 20.0,
            "cnt_requests": 10,
            "losses_percentage": 0.0,
            "losses_volume": 0
        },
        "current_period": {
            "phase_one": [
                {
                    "protocolSessionId": "a26b8204-742c-417f-8155-f1dfa3a5310b",
                    "account": 123123106,
                    "date": "2025-05-12T12:30:40.001",
                    "duration": 16956.0,
                    "used": 105634000,
                    "losses": 0,
                    "requests": 6,
                    "handler": "CNT"
                },
                {
                    "protocolSessionId": "f7c02547-c606-4597-8393-b0505705af7c",
                    "account": 123123106,
                    "date": "2025-05-12T17:56:09.001",
                    "duration": 5666.0,
                    "used": 611928,
                    "losses": 0,
                    "requests": 3,
                    "handler": "CNT"
                }
            ],
            "phase_two": [
                {
                    "protocolSessionId": "815ffdb4-706f-4151-ba72-2c81daa52fdb",
                    "account": 123123106,
                    "duration": 20,
                    "date": "2025-05-12T18:01:45.001",
                    "used": 305025625,
                    "losses": 0,
                    "requests": 4,
                    "handler": "CTG"
                }
            ]
        }
    }
}