{
    "observation": {
        "previous_period_summary": {
            "cnt_percentage": 86.21,
            "cnt_requests": 25,
            "losses_percentage": 0.0,
            "losses_volume": 0
        },
        "current_period": {
            "phase_one": [
                {
                    "protocolSessionId": "61511278-3bbd-4415-b954-67453bd22810",
                    "account": 123123106,
                    "date": "2025-04-24T00:38:19.001",
                    "duration": 648.0,
                    "used": 12960,
                    "losses": 0,
                    "requests": 3,
                    "handler": "CNT"
                }
            ],
            "phase_two": [
                {
                    "protocolSessionId": "486968a6-d458-4168-b626-060b937d7e3a",
                    "account": 123123106,
                    "duration": 20,
                    "date": "2025-04-24T03:32:40.001",
                    "used": 169900905,
                    "losses": 0,
                    "requests": 3,
                    "handler": "CTG"
                }
            ]
        }
    }
}