{
    "observation": {
        "previous_period_summary": {
            "cnt_percentage": 54.55,
            "cnt_requests": 6,
            "losses_percentage": 0.0,
            "losses_volume": 0
        },
        "current_period": {
            "phase_one": [
                {
                    "protocolSessionId": "10f56a99-c338-41c8-befd-5881ab9a68d1",
                    "account": 123123106,
                    "date": "2025-03-27T06:41:43.001",
                    "duration": 1.0,
                    "used": 21,
                    "losses": 0,
                    "requests": 3,
                    "handler": "CNT"
                },
                {
                    "protocolSessionId": "784081f2-0a4e-4daf-881d-c728804134f5",
                    "account": 123123106,
                    "date": "2025-03-27T08:00:22.001",
                    "duration": 1491.0,
                    "used": 0,
                    "losses": 0,
                    "requests": 3,
                    "handler": "CNT"
                }
            ],
            "phase_two": [
                {
                    "protocolSessionId": "e72c8268-226e-47d3-aa4f-071aa80d0332",
                    "account": 123123106,
                    "duration": 20,
                    "date": "2025-03-27T13:49:58.001",
                    "used": 190775,
                    "losses": 0,
                    "requests": 2,
                    "handler": "CTG"
                },
                {
                    "protocolSessionId": "ff54c73b-f64a-4db3-a761-7a9dfcd4cf31",
                    "account": 123123106,
                    "duration": 20,
                    "date": "2025-03-27T16:47:26.001",
                    "used": 220805916,
                    "losses": 0,
                    "requests": 2,
                    "handler": "CTG"
                },
                {
                    "protocolSessionId": "8c1567dc-6713-41a0-8656-f30f4bbec7bc",
                    "account": 123123106,
                    "duration": 20,
                    "date": "2025-03-27T17:16:42.001",
                    "used": 79422658,
                    "losses": 0,
                    "requests": 2,
                    "handler": "CTG"
                }
            ]
        }
    }
}