{
    "observation": {
        "previous_period_summary": {
            "cnt_percentage": 90.0,
            "cnt_requests": 18,
            "losses_percentage": 0.0,
            "losses_volume": 0
        },
        "current_period": {
            "phase_one": [
                {
                    "protocolSessionId": "457cb229-92c6-4c37-a0a5-231e9102fdfb",
                    "account": 123123106,
                    "date": "2025-05-23T22:46:28.001",
                    "duration": 1012.0,
                    "used": 1012,
                    "losses": 0,
                    "requests": 3,
                    "handler": "CNT"
                },
                {
                    "protocolSessionId": "d78ae60b-ca45-4e67-9ee8-df920c9aa96d",
                    "account": 123123106,
                    "date": "2025-05-23T23:03:21.001",
                    "duration": 19904.0,
                    "used": 179136,
                    "losses": 0,
                    "requests": 3,
                    "handler": "CNT"
                }
            ],
            "phase_two": [
                {
                    "protocolSessionId": "074a084a-6e45-4625-b15a-3ebac0c4556c",
                    "account": 123123106,
                    "duration": 20,
                    "date": "2025-05-24T02:14:23.001",
                    "used": 155046223,
                    "losses": 0,
                    "requests": 4,
                    "handler": "CTG"
                },
                {
                    "protocolSessionId": "c898ceb7-b389-4827-abec-f92a8b9877c0",
                    "account": 123123106,
                    "duration": 20,
                    "date": "2025-05-24T04:39:00.001",
                    "used": 17333600,
                    "losses": 0,
                    "requests": 2,
                    "handler": "CTG"
                }
            ]
        }
    }
}