{
    "observation": {
        "previous_period_summary": {
            "cnt_percentage": 81.82,
            "cnt_requests": 9,
            "losses_percentage": 0.0,
            "losses_volume": 0
        },
        "current_period": {
            "phase_one": [
                {
                    "protocolSessionId": "f58f6c74-8fb4-4b34-a0f8-3e12c60c5565",
                    "account": 123123106,
                    "date": "2025-04-08T09:09:31.001",
                    "duration": 58736.0,
                    "used": 5110032,
                    "losses": 0,
                    "requests": 3,
                    "handler": "CNT"
                }
            ],
            "phase_two": [
                {
                    "protocolSessionId": "f02c96f9-9bc1-48ac-894e-b2862f805f0d",
                    "account": 123123106,
                    "duration": 20,
                    "date": "2025-04-08T10:07:15.001",
                    "used": 8534344,
                    "losses": 0,
                    "requests": 2,
                    "handler": "CTG"
                }
            ]
        }
    }
}