{
    "observation": {
        "previous_period_summary": {
            "cnt_percentage": 30.0,
            "cnt_requests": 3,
            "losses_percentage": 0.0,
            "losses_volume": 0
        },
        "current_period": {
            "phase_one": [
                {
                    "protocolSessionId": "e7a35c15-c8a0-4a35-9883-da0b91cdc504",
                    "account": 123123106,
                    "date": "2025-04-06T00:05:30.001",
                    "duration": 2842.0,
                    "used": 0,
                    "losses": 0,
                    "requests": 3,
                    "handler": "CNT"
                }
            ],
            "phase_two": [
                {
                    "protocolSessionId": "06aeda31-543c-464d-80f5-2eaef22b5f6f",
                    "account": 123123106,
                    "duration": 20,
                    "date": "2025-04-06T00:57:02.001",
                    "used": 8812466,
                    "losses": 0,
                    "requests": 2,
                    "handler": "CTG"
                },
                {
                    "protocolSessionId": "d80fbd57-ed4f-4dcd-a1e1-56ee73fb5458",
                    "account": 123123106,
                    "duration": 20,
                    "date": "2025-04-06T01:18:24.001",
                    "used": 39277,
                    "losses": 0,
                    "requests": 2,
                    "handler": "CTG"
                },
                {
                    "protocolSessionId": "f7ed4323-12f7-45ae-a67c-8371a5a2471a",
                    "account": 123123106,
                    "duration": 20,
                    "date": "2025-04-06T01:23:39.001",
                    "used": 4674,
                    "losses": 0,
                    "requests": 2,
                    "handler": "CTG"
                },
                {
                    "protocolSessionId": "4065329e-177c-455f-a13e-f4a18907f9ee",
                    "account": 123123106,
                    "duration": 20,
                    "date": "2025-04-06T09:37:51.001",
                    "used": 81654489,
                    "losses": 0,
                    "requests": 2,
                    "handler": "CTG"
                },
                {
                    "protocolSessionId": "eec91bd4-85e9-4bbb-9998-e4bf8c441413",
                    "account": 123123106,
                    "duration": 20,
                    "date": "2025-04-06T09:43:57.001",
                    "used": 2881675,
                    "losses": 0,
                    "requests": 2,
                    "handler": "CTG"
                },
                {
                    "protocolSessionId": "318859d7-85f4-4c22-b578-62295589f0c3",
                    "account": 123123106,
                    "duration": 20,
                    "date": "2025-04-06T16:24:04.001",
                    "used": 9570,
                    "losses": 0,
                    "requests": 2,
                    "handler": "CTG"
                },
                {
                    "protocolSessionId": "542704d0-94e6-40c9-b728-4fdc45ef96e3",
                    "account": 123123106,
                    "duration": 20,
                    "date": "2025-04-06T19:22:23.001",
                    "used": 165223,
                    "losses": 0,
                    "requests": 2,
                    "handler": "CTG"
                }
            ]
        }
    }
}