{
    "observation": {
        "previous_period_summary": {
            "cnt_percentage": 50.0,
            "cnt_requests": 3,
            "losses_percentage": 0.0,
            "losses_volume": 0
        },
        "current_period": {
            "phase_one": [
                {
                    "protocolSessionId": "0d04b7a4-c241-4291-bda0-31cce262b6ab",
                    "account": 123123106,
                    "date": "2025-03-15T07:09:18.001",
                    "duration": 50836.0,
                    "used": 20741088,
                    "losses": 0,
                    "requests": 3,
                    "handler": "CNT"
                }
            ],
            "phase_two": [
                {
                    "protocolSessionId": "d9842e88-23c4-4c4a-b723-dcb08cee507f",
                    "account": 123123106,
                    "duration": 20,
                    "date": "2025-03-15T09:08:26.001",
                    "used": 760257710,
                    "losses": 0,
                    "requests": 3,
                    "handler": "CTG"
                },
                {
                    "protocolSessionId": "0d981476-2651-407f-b8c8-cbf56b2e9d68",
                    "account": 123123106,
                    "duration": 20,
                    "date": "2025-03-15T20:41:32.001",
                    "used": 560042933,
                    "losses": 0,
                    "requests": 3,
                    "handler": "CTG"
                },
                {
                    "protocolSessionId": "7c06ce56-81cc-4217-86ea-c6d6712c5aae",
                    "account": 123123106,
                    "duration": 20,
                    "date": "2025-03-16T04:40:46.001",
                    "used": 257020,
                    "losses": 0,
                    "requests": 2,
                    "handler": "CTG"
                },
                {
                    "protocolSessionId": "2e5ae4fa-07c6-417c-a874-11580f5995c9",
                    "account": 123123106,
                    "duration": 20,
                    "date": "2025-03-16T04:48:18.001",
                    "used": 3557322,
                    "losses": 0,
                    "requests": 2,
                    "handler": "CTG"
                },
                {
                    "protocolSessionId": "e1d7a61b-bd4a-4e91-8db8-1e841c130e43",
                    "account": 123123106,
                    "duration": 20,
                    "date": "2025-03-16T20:54:16.001",
                    "used": 375132,
                    "losses": 0,
                    "requests": 2,
                    "handler": "CTG"
                },
                {
                    "protocolSessionId": "d8061968-7d10-42e4-a84e-e781651fd23c",
                    "account": 123123106,
                    "duration": 20,
                    "date": "2025-03-17T07:22:31.001",
                    "used": 1720104750,
                    "losses": 0,
                    "requests": 5,
                    "handler": "CTG"
                },
                {
                    "protocolSessionId": "50661eba-db3d-4c5e-bcd2-2d1c3a4ff1ac",
                    "account": 123123106,
                    "duration": 20,
                    "date": "2025-03-17T19:55:42.001",
                    "used": 42031382,
                    "losses": 0,
                    "requests": 2,
                    "handler": "CTG"
                },
                {
                    "protocolSessionId": "6e71516e-b974-4d53-bf81-39dbd5ea7101",
                    "account": 123123106,
                    "duration": 20,
                    "date": "2025-03-17T19:56:03.001",
                    "used": 3159358,
                    "losses": 0,
                    "requests": 2,
                    "handler": "CTG"
                },
                {
                    "protocolSessionId": "c701fec5-54e1-4444-a992-4c04a2451216",
                    "account": 123123106,
                    "duration": 20,
                    "date": "2025-03-18T08:32:34.001",
                    "used": 2533513697,
                    "losses": 0,
                    "requests": 6,
                    "handler": "CTG"
                },
                {
                    "protocolSessionId": "a10c8ff8-34f3-4b4c-8bd3-f43e715fe7ae",
                    "account": 123123106,
                    "duration": 20,
                    "date": "2025-03-18T13:22:45.001",
                    "used": 2162754,
                    "losses": 0,
                    "requests": 2,
                    "handler": "CTG"
                },
                {
                    "protocolSessionId": "a5626a41-f7a9-4f42-befd-d3caaa469a7b",
                    "account": 123123106,
                    "duration": 20,
                    "date": "2025-03-18T17:11:45.001",
                    "used": 1244962884,
                    "losses": 0,
                    "requests": 4,
                    "handler": "CTG"
                },
                {
                    "protocolSessionId": "356f1d23-160c-400c-94c7-98be90a41e05",
                    "account": 123123106,
                    "duration": 20,
                    "date": "2025-03-18T20:08:40.001",
                    "used": 485625,
                    "losses": 0,
                    "requests": 2,
                    "handler": "CTG"
                },
                {
                    "protocolSessionId": "893ecb86-8e23-473f-9d20-41fcd3dd65a1",
                    "account": 123123106,
                    "duration": 20,
                    "date": "2025-03-18T20:09:27.001",
                    "used": 24880,
                    "losses": 0,
                    "requests": 2,
                    "handler": "CTG"
                },
                {
                    "protocolSessionId": "a9c26b18-269a-4260-8b9d-3fd2be9a9206",
                    "account": 123123106,
                    "duration": 20,
                    "date": "2025-03-18T23:29:27.001",
                    "used": 1145610,
                    "losses": 0,
                    "requests": 2,
                    "handler": "CTG"
                },
                {
                    "protocolSessionId": "e0228fa0-f793-4a8b-a030-cc71a6d60818",
                    "account": 123123106,
                    "duration": 20,
                    "date": "2025-03-19T05:21:16.001",
                    "used": 1996951021,
                    "losses": 0,
                    "requests": 6,
                    "handler": "CTG"
                },
                {
                    "protocolSessionId": "0f03d55b-2be3-4d6d-8f65-d5c039be10e2",
                    "account": 123123106,
                    "duration": 20,
                    "date": "2025-03-19T06:36:28.001",
                    "used": 24400722,
                    "losses": 0,
                    "requests": 2,
                    "handler": "CTG"
                },
                {
                    "protocolSessionId": "cb1a9568-c876-477a-a65b-9852933345a5",
                    "account": 123123106,
                    "duration": 20,
                    "date": "2025-03-19T12:23:22.001",
                    "used": 684362189,
                    "losses": 0,
                    "requests": 3,
                    "handler": "CTG"
                }
            ]
        }
    }
}