{
    "observation": {
        "previous_period_summary": {
            "cnt_percentage": 50.0,
            "cnt_requests": 6,
            "losses_percentage": 0.0,
            "losses_volume": 0
        },
        "current_period": {
            "phase_one": [
                {
                    "protocolSessionId": "1b059b76-e932-4eac-a856-643501a37f27",
                    "account": 123123106,
                    "date": "2025-03-27T17:17:04.001",
                    "duration": 137.0,
                    "used": 0,
                    "losses": 0,
                    "requests": 3,
                    "handler": "CNT"
                }
            ],
            "phase_two": [
                {
                    "protocolSessionId": "4460ffbb-155b-4be0-af35-96b1b0796af1",
                    "account": 123123106,
                    "duration": 20,
                    "date": "2025-03-27T18:42:07.001",
                    "used": 18,
                    "losses": 0,
                    "requests": 2,
                    "handler": "CTG"
                },
                {
                    "protocolSessionId": "a84a6324-8cae-4d04-a85d-7415a620c002",
                    "account": 123123106,
                    "duration": 20,
                    "date": "2025-03-28T19:45:09.001",
                    "used": 187286715,
                    "losses": 0,
                    "requests": 2,
                    "handler": "CTG"
                },
                {
                    "protocolSessionId": "ece48fd3-cca0-4d10-80e9-45afc49cce7d",
                    "account": 123123106,
                    "duration": 20,
                    "date": "2025-03-28T21:30:29.001",
                    "used": 75895438,
                    "losses": 0,
                    "requests": 2,
                    "handler": "CTG"
                },
                {
                    "protocolSessionId": "c75d58d1-584a-4818-9f0b-3fe301b4d239",
                    "account": 123123106,
                    "duration": 20,
                    "date": "2025-03-29T15:36:48.001",
                    "used": 109884,
                    "losses": 0,
                    "requests": 2,
                    "handler": "CTG"
                },
                {
                    "protocolSessionId": "a32b77b7-af5a-4d1c-8b4f-7a57f489c92e",
                    "account": 123123106,
                    "duration": 20,
                    "date": "2025-03-29T17:29:28.001",
                    "used": 502599654,
                    "losses": 0,
                    "requests": 3,
                    "handler": "CTG"
                }
            ]
        }
    }
}