{
    "observation": {
        "previous_period_summary": {
            "cnt_percentage": 69.23,
            "cnt_requests": 9,
            "losses_percentage": 0.0,
            "losses_volume": 0
        },
        "current_period": {
            "phase_one": [
                {
                    "protocolSessionId": "48821be3-23f3-47bb-89b7-b5f0d767a2cd",
                    "account": 123123106,
                    "date": "2025-05-10T21:22:11.001",
                    "duration": 14927268.314,
                    "used": 105446482,
                    "losses": 0,
                    "requests": 10,
                    "handler": "CNT"
                }
            ],
            "phase_two": [
                {
                    "protocolSessionId": "d7e71a45-b3cb-44c3-bee9-e832e7447c7b",
                    "account": 123123106,
                    "duration": 20,
                    "date": "2025-05-10T21:39:05.001",
                    "used": 58280850,
                    "losses": 0,
                    "requests": 2,
                    "handler": "CTG"
                }
            ]
        }
    }
}