{
    "observation": {
        "previous_period_summary": {
            "cnt_percentage": 85.71,
            "cnt_requests": 6,
            "losses_percentage": 0.0,
            "losses_volume": 0
        },
        "current_period": {
            "phase_one": [
                {
                    "protocolSessionId": "11d90a52-7d07-475b-a248-9d2ea3ab6643",
                    "account": 123123106,
                    "date": "2025-05-10T18:37:08.001",
                    "duration": 244.0,
                    "used": 96430020,
                    "losses": 0,
                    "requests": 3,
                    "handler": "CNT"
                },
                {
                    "protocolSessionId": "efcd4170-0577-4a04-9afb-b2f04058b9cf",
                    "account": 123123106,
                    "date": "2025-05-10T19:39:30.001",
                    "duration": 1096.0,
                    "used": 104858602,
                    "losses": 0,
                    "requests": 6,
                    "handler": "CNT"
                }
            ],
            "phase_two": [
                {
                    "protocolSessionId": "7ad1d170-0a9e-4f7a-a262-bec60635ca02",
                    "account": 123123106,
                    "duration": 20,
                    "date": "2025-05-10T20:59:24.001",
                    "used": 288067797,
                    "losses": 0,
                    "requests": 4,
                    "handler": "CTG"
                }
            ]
        }
    }
}