{
    "observation": {
        "previous_period_summary": {
            "cnt_percentage": 50.0,
            "cnt_requests": 3,
            "losses_percentage": 0.0,
            "losses_volume": 0
        },
        "current_period": {
            "phase_one": [
                {
                    "protocolSessionId": "b0ab0465-d1f6-4ab0-8def-3ef33b4e3aeb",
                    "account": 123123106,
                    "date": "2025-03-22T06:07:47.001",
                    "duration": 1257.0,
                    "used": 27654,
                    "losses": 0,
                    "requests": 3,
                    "handler": "CNT"
                }
            ],
            "phase_two": [
                {
                    "protocolSessionId": "189f3ff6-1a43-4551-bc28-3282b23e84e7",
                    "account": 123123106,
                    "duration": 20,
                    "date": "2025-03-23T02:34:18.001",
                    "used": 132565,
                    "losses": 0,
                    "requests": 2,
                    "handler": "CTG"
                }
            ]
        }
    }
}