{
    "observation": {
        "previous_period_summary": {
            "cnt_percentage": 75.0,
            "cnt_requests": 3,
            "losses_percentage": 0,
            "losses_volume": 0
        },
        "current_period": {
            "phase_one": [
                {
                    "protocolSessionId": "c47d0aeb-609b-4a52-a2eb-0c5579990212",
                    "account": 123123106,
                    "date": "2025-05-24T13:30:54.001",
                    "duration": 66164.0,
                    "used": 66693312,
                    "losses": 0,
                    "requests": 3,
                    "handler": "CNT"
                }
            ],
            "phase_two": [
                {
                    "protocolSessionId": "3ffc8bb0-a393-4902-89e8-274749c59158",
                    "account": 123123106,
                    "duration": 20,
                    "date": "2025-05-25T01:01:07.001",
                    "used": 0,
                    "losses": 0,
                    "requests": 1,
                    "handler": "CTG"
                }
            ]
        }
    }
}