{
    "observation": {
        "previous_period_summary": {
            "cnt_percentage": 64.29,
            "cnt_requests": 9,
            "losses_percentage": 0.0,
            "losses_volume": 0
        },
        "current_period": {
            "phase_one": [
                {
                    "protocolSessionId": "c40a7d66-8550-4e8a-8fd1-0ed6f720a5db",
                    "account": 123123106,
                    "date": "2025-03-31T04:19:31.001",
                    "duration": 194628.0,
                    "used": 63837984,
                    "losses": 0,
                    "requests": 3,
                    "handler": "CNT"
                }
            ],
            "phase_two": [
                {
                    "protocolSessionId": "5f336f9f-903d-4880-94d8-dd3d0f9f39b7",
                    "account": 123123106,
                    "duration": 20,
                    "date": "2025-04-01T01:02:07.001",
                    "used": 29937,
                    "losses": 0,
                    "requests": 2,
                    "handler": "CTG"
                },
                {
                    "protocolSessionId": "74de008c-5966-46c4-acef-9de5e40ed240",
                    "account": 123123106,
                    "duration": 20,
                    "date": "2025-04-01T20:18:43.001",
                    "used": 266311928,
                    "losses": 0,
                    "requests": 3,
                    "handler": "CTG"
                },
                {
                    "protocolSessionId": "4ad0d884-4a33-4dbe-866d-2f0b840c0687",
                    "account": 123123106,
                    "duration": 20,
                    "date": "2025-04-02T00:17:31.001",
                    "used": 67927205,
                    "losses": 0,
                    "requests": 3,
                    "handler": "CTG"
                },
                {
                    "protocolSessionId": "b1df16a3-34d0-4e57-a508-6270c4ae8f21",
                    "account": 123123106,
                    "duration": 20,
                    "date": "2025-04-02T05:56:56.001",
                    "used": 585818984,
                    "losses": 0,
                    "requests": 4,
                    "handler": "CTG"
                },
                {
                    "protocolSessionId": "3668e8a7-5aca-4f97-b6ab-50d498cef66d",
                    "account": 123123106,
                    "duration": 20,
                    "date": "2025-04-02T06:56:32.001",
                    "used": 1375640489,
                    "losses": 0,
                    "requests": 5,
                    "handler": "CTG"
                },
                {
                    "protocolSessionId": "0b4774fd-89d9-44d2-9331-df63296581b5",
                    "account": 123123106,
                    "duration": 20,
                    "date": "2025-04-02T10:25:36.001",
                    "used": 41638,
                    "losses": 0,
                    "requests": 2,
                    "handler": "CTG"
                },
                {
                    "protocolSessionId": "dede2ed3-f708-40b3-96b1-f889f6474cfb",
                    "account": 123123106,
                    "duration": 20,
                    "date": "2025-04-02T10:44:15.001",
                    "used": 6497,
                    "losses": 0,
                    "requests": 2,
                    "handler": "CTG"
                }
            ]
        }
    }
}