{
    "observation": {
        "previous_period_summary": {
            "cnt_percentage": 60.0,
            "cnt_requests": 3,
            "losses_percentage": 0.0,
            "losses_volume": 0
        },
        "current_period": {
            "phase_one": [
                {
                    "protocolSessionId": "b7fcdef0-068a-46bc-8317-cb72e97876fc",
                    "account": 123123106,
                    "date": "2025-03-15T00:37:15.001",
                    "duration": 17084.0,
                    "used": 3023868,
                    "losses": 0,
                    "requests": 3,
                    "handler": "CNT"
                }
            ],
            "phase_two": [
                {
                    "protocolSessionId": "4cc7a2ff-d9b0-49cd-b998-43a1eb085b8e",
                    "account": 123123106,
                    "duration": 20,
                    "date": "2025-03-15T07:01:54.001",
                    "used": 330198484,
                    "losses": 0,
                    "requests": 3,
                    "handler": "CTG"
                }
            ]
        }
    }
}