{
    "observation": {
        "previous_period_summary": {
            "cnt_percentage": 90.48,
            "cnt_requests": 38,
            "losses_percentage": 0.0,
            "losses_volume": 0
        },
        "current_period": {
            "phase_one": [
                {
                    "protocolSessionId": "bcd8c744-9db8-48cf-b0aa-3d40625b100e",
                    "account": 123123106,
                    "date": "2025-04-09T19:59:36.001",
                    "duration": 96.0,
                    "used": 0,
                    "losses": 0,
                    "requests": 3,
                    "handler": "CNT"
                }
            ],
            "phase_two": [
                {
                    "protocolSessionId": "046a8bf2-d54c-42e1-9e8e-1ffd39a7a280",
                    "account": 123123106,
                    "duration": 20,
                    "date": "2025-04-09T22:55:55.001",
                    "used": 506807,
                    "losses": 0,
                    "requests": 2,
                    "handler": "CTG"
                }
            ]
        }
    }
}