{
    "observation": {
        "previous_period_summary": {
            "cnt_percentage": 84.51,
            "cnt_requests": 60,
            "losses_percentage": 0.0,
            "losses_volume": 0
        },
        "current_period": {
            "phase_one": [
                {
                    "protocolSessionId": "d7060bda-8ff6-42e4-a6de-ef4477641ea8",
                    "account": 123123106,
                    "date": "2025-05-17T07:50:33.001",
                    "duration": 19714.0,
                    "used": 119102144,
                    "losses": 0,
                    "requests": 6,
                    "handler": "CNT"
                }
            ],
            "phase_two": [
                {
                    "protocolSessionId": "79aef34e-d0ad-44b5-8243-b2f3544d067a",
                    "account": 123123106,
                    "duration": 20,
                    "date": "2025-05-17T08:42:45.001",
                    "used": 10220441,
                    "losses": 0,
                    "requests": 2,
                    "handler": "CTG"
                },
                {
                    "protocolSessionId": "3292e56b-bdf9-40f4-8a21-2731466513f5",
                    "account": 123123106,
                    "duration": 20,
                    "date": "2025-05-17T09:04:52.001",
                    "used": 140464710,
                    "losses": 0,
                    "requests": 2,
                    "handler": "CTG"
                }
            ]
        }
    }
}