{
    "observation": {
        "previous_period_summary": {
            "cnt_percentage": 33.33,
            "cnt_requests": 3,
            "losses_percentage": 0.0,
            "losses_volume": 0
        },
        "current_period": {
            "phase_one": [
                {
                    "protocolSessionId": "ceeee467-8d49-48fa-8d17-aba39945695e",
                    "account": 123123106,
                    "date": "2025-03-21T19:29:16.001",
                    "duration": 82.0,
                    "used": 82,
                    "losses": 0,
                    "requests": 3,
                    "handler": "CNT"
                }
            ],
            "phase_two": [
                {
                    "protocolSessionId": "88273310-ba20-4e7d-9438-5b8e84c0da72",
                    "account": 123123106,
                    "duration": 20,
                    "date": "2025-03-21T22:24:29.001",
                    "used": 244817012,
                    "losses": 0,
                    "requests": 3,
                    "handler": "CTG"
                }
            ]
        }
    }
}