{
    "observation": {
        "previous_period_summary": {
            "cnt_percentage": 54.55,
            "cnt_requests": 6,
            "losses_percentage": 0.0,
            "losses_volume": 0
        },
        "current_period": {
            "phase_one": [
                {
                    "protocolSessionId": "4c92fe05-ee51-4df8-895d-4a9a42e2fb60",
                    "account": 123123106,
                    "date": "2025-05-10T15:33:03.001",
                    "duration": 14074.0,
                    "used": 172701782,
                    "losses": 0,
                    "requests": 6,
                    "handler": "CNT"
                }
            ],
            "phase_two": [
                {
                    "protocolSessionId": "3de03f25-dffb-4aae-aade-7abf3e5829df",
                    "account": 123123106,
                    "duration": 20,
                    "date": "2025-05-10T18:36:03.001",
                    "used": 0,
                    "losses": 0,
                    "requests": 1,
                    "handler": "CTG"
                }
            ]
        }
    }
}