{
    "observation": {
        "previous_period_summary": {
            "cnt_percentage": 25.0,
            "cnt_requests": 3,
            "losses_percentage": 0.0,
            "losses_volume": 0
        },
        "current_period": {
            "phase_one": [
                {
                    "protocolSessionId": "0f693cf1-e95d-4753-a850-49ea4142532c",
                    "account": 123123106,
                    "date": "2025-04-28T05:17:31.001",
                    "duration": 44.0,
                    "used": 7617104,
                    "losses": 0,
                    "requests": 3,
                    "handler": "CNT"
                },
                {
                    "protocolSessionId": "8c370a3a-e216-4338-9275-0fbddc5fc66a",
                    "account": 123123106,
                    "date": "2025-04-28T05:20:58.001",
                    "duration": 9848.0,
                    "used": 29544,
                    "losses": 0,
                    "requests": 3,
                    "handler": "CNT"
                },
                {
                    "protocolSessionId": "4f11392d-dc1d-498e-a2f5-38ec0c5c0133",
                    "account": 123123106,
                    "date": "2025-04-28T08:05:12.001",
                    "duration": 7.0,
                    "used": 1225,
                    "losses": 0,
                    "requests": 3,
                    "handler": "CNT"
                },
                {
                    "protocolSessionId": "50b2a493-332f-4b10-b576-fac5751305ae",
                    "account": 123123106,
                    "date": "2025-04-28T08:08:42.001",
                    "duration": 1706.0,
                    "used": 210123440,
                    "losses": 0,
                    "requests": 10,
                    "handler": "CNT"
                }
            ],
            "phase_two": [
                {
                    "protocolSessionId": "9c6d1f21-12c9-4440-a70a-b98523290842",
                    "account": 123123106,
                    "duration": 20,
                    "date": "2025-04-28T10:11:13.001",
                    "used": 197526512,
                    "losses": 0,
                    "requests": 4,
                    "handler": "CTG"
                }
            ]
        }
    }
}