{
    "observation": {
        "previous_period_summary": {
            "cnt_percentage": 7.79,
            "cnt_requests": 6,
            "losses_percentage": 0.0,
            "losses_volume": 0
        },
        "current_period": {
            "phase_one": [
                {
                    "protocolSessionId": "a77042c7-92e6-47e9-a116-58ade6a0efb0",
                    "account": 123123106,
                    "date": "2025-03-08T03:16:00.001",
                    "duration": 50.0,
                    "used": 0,
                    "losses": 0,
                    "requests": 3,
                    "handler": "CNT"
                }
            ],
            "phase_two": [
                {
                    "protocolSessionId": "73ef2a72-6fe9-49a0-8fbd-e934a5e8bd5e",
                    "account": 123123106,
                    "duration": 20,
                    "date": "2025-03-08T18:59:39.001",
                    "used": 1141427132,
                    "losses": 0,
                    "requests": 4,
                    "handler": "CTG"
                },
                {
                    "protocolSessionId": "44ecd454-040c-448f-be90-c6036a9f01cf",
                    "account": 123123106,
                    "duration": 20,
                    "date": "2025-03-08T19:15:49.001",
                    "used": 2741,
                    "losses": 0,
                    "requests": 2,
                    "handler": "CTG"
                },
                {
                    "protocolSessionId": "00e68fd7-94af-441a-a921-00f93a2ac90b",
                    "account": 123123106,
                    "duration": 20,
                    "date": "2025-03-08T19:28:00.001",
                    "used": 88630983,
                    "losses": 0,
                    "requests": 2,
                    "handler": "CTG"
                },
                {
                    "protocolSessionId": "391fd140-fee0-4151-bffe-5808f9647e56",
                    "account": 123123106,
                    "duration": 20,
                    "date": "2025-03-08T21:50:12.001",
                    "used": 67158,
                    "losses": 0,
                    "requests": 2,
                    "handler": "CTG"
                },
                {
                    "protocolSessionId": "5891f954-395e-4f5c-bcae-4802b8e9a8c2",
                    "account": 123123106,
                    "duration": 20,
                    "date": "2025-03-09T08:27:02.001",
                    "used": 347638277,
                    "losses": 0,
                    "requests": 3,
                    "handler": "CTG"
                },
                {
                    "protocolSessionId": "f22d37d1-466a-453a-8564-871bf9c2a58f",
                    "account": 123123106,
                    "duration": 20,
                    "date": "2025-03-09T15:58:37.001",
                    "used": 487386,
                    "losses": 0,
                    "requests": 2,
                    "handler": "CTG"
                },
                {
                    "protocolSessionId": "95e6bdeb-b2be-4b2b-b609-d6faac4c75c9",
                    "account": 123123106,
                    "duration": 20,
                    "date": "2025-03-09T16:06:13.001",
                    "used": 910,
                    "losses": 0,
                    "requests": 2,
                    "handler": "CTG"
                },
                {
                    "protocolSessionId": "8ea7bbc7-b0f5-44d8-848b-903a88cb0c38",
                    "account": 123123106,
                    "duration": 20,
                    "date": "2025-03-09T18:07:55.001",
                    "used": 32340,
                    "losses": 0,
                    "requests": 2,
                    "handler": "CTG"
                }
            ]
        }
    }
}