{
    "observation": {
        "previous_period_summary": {
            "cnt_percentage": 60.0,
            "cnt_requests": 3,
            "losses_percentage": 0.0,
            "losses_volume": 0
        },
        "current_period": {
            "phase_one": [
                {
                    "protocolSessionId": "be819fc1-2941-48ae-88de-9ce221bea2f6",
                    "account": 123123106,
                    "date": "2025-03-14T13:41:20.001",
                    "duration": 12281.0,
                    "used": 34853478,
                    "losses": 0,
                    "requests": 3,
                    "handler": "CNT"
                }
            ],
            "phase_two": [
                {
                    "protocolSessionId": "35b5903f-77f6-4157-81a5-666c713037c5",
                    "account": 123123106,
                    "duration": 20,
                    "date": "2025-03-14T16:48:04.001",
                    "used": 64180,
                    "losses": 0,
                    "requests": 2,
                    "handler": "CTG"
                }
            ]
        }
    }
}