{
    "observation": {
        "previous_period_summary": {
            "cnt_percentage": 7.14,
            "cnt_requests": 3,
            "losses_percentage": 0.0,
            "losses_volume": 0
        },
        "current_period": {
            "phase_one": [
                {
                    "protocolSessionId": "44fdeab5-7efe-41a4-b4db-a9d2cb0ac306",
                    "account": 123123106,
                    "date": "2025-03-14T06:45:40.001",
                    "duration": 1501.0,
                    "used": 70994298,
                    "losses": 0,
                    "requests": 3,
                    "handler": "CNT"
                }
            ],
            "phase_two": [
                {
                    "protocolSessionId": "1769db1b-9b9b-4a61-baa0-1b31770de475",
                    "account": 123123106,
                    "duration": 20,
                    "date": "2025-03-14T13:16:51.001",
                    "used": 1282000,
                    "losses": 0,
                    "requests": 2,
                    "handler": "CTG"
                }
            ]
        }
    }
}