{
    "observation": {
        "previous_period_summary": {
            "cnt_percentage": 60.0,
            "cnt_requests": 3,
            "losses_percentage": 0.0,
            "losses_volume": 0
        },
        "current_period": {
            "phase_one": [
                {
                    "protocolSessionId": "a4780bcf-ac70-44f6-9cc5-f1fe213d8cf6",
                    "account": 123123106,
                    "date": "2025-03-14T17:53:56.001",
                    "duration": 2110.0,
                    "used": 74440800,
                    "losses": 0,
                    "requests": 3,
                    "handler": "CNT"
                }
            ],
            "phase_two": [
                {
                    "protocolSessionId": "32a103bb-d36a-4558-975f-1b6e5a8d6865",
                    "account": 123123106,
                    "duration": 20,
                    "date": "2025-03-14T22:26:53.001",
                    "used": 77235930,
                    "losses": 0,
                    "requests": 2,
                    "handler": "CTG"
                }
            ]
        }
    }
}