{
    "observation": {
        "previous_period_summary": {
            "cnt_percentage": 88.24,
            "cnt_requests": 15,
            "losses_percentage": 0.0,
            "losses_volume": 0
        },
        "current_period": {
            "phase_one": [
                {
                    "protocolSessionId": "04a9176b-65cf-487d-a4b8-144e84ff06ff",
                    "account": 123123106,
                    "date": "2025-05-12T22:48:47.001",
                    "duration": 14749272.314,
                    "used": 2102280,
                    "losses": 0,
                    "requests": 6,
                    "handler": "CNT"
                },
                {
                    "protocolSessionId": "54736cdf-5d6a-4f12-ba2f-05ed3ee30344",
                    "account": 123123106,
                    "date": "2025-05-13T02:11:30.001",
                    "duration": 27869.0,
                    "used": 26865716,
                    "losses": 0,
                    "requests": 3,
                    "handler": "CNT"
                },
                {
                    "protocolSessionId": "d9e83325-c67f-45c9-af1d-fede358e6e37",
                    "account": 123123106,
                    "date": "2025-05-13T14:13:17.001",
                    "duration": 3192.0,
                    "used": 13361712,
                    "losses": 0,
                    "requests": 3,
                    "handler": "CNT"
                },
                {
                    "protocolSessionId": "1f004340-a7c8-4de7-83ea-279385f8b9c2",
                    "account": 123123106,
                    "date": "2025-05-13T15:06:34.001",
                    "duration": 52904.0,
                    "used": 517665728,
                    "losses": 0,
                    "requests": 21,
                    "handler": "CNT"
                },
                {
                    "protocolSessionId": "d507e2de-530c-47c7-9e04-eda027d3f372",
                    "account": 123123106,
                    "date": "2025-05-14T00:45:39.001",
                    "duration": 1127.0,
                    "used": 63087206,
                    "losses": 0,
                    "requests": 3,
                    "handler": "CNT"
                }
            ],
            "phase_two": [
                {
                    "protocolSessionId": "5b911d55-8d50-48d6-a3d5-07ba12260bba",
                    "account": 123123106,
                    "duration": 20,
                    "date": "2025-05-14T04:32:59.001",
                    "used": 148273100,
                    "losses": 0,
                    "requests": 2,
                    "handler": "CTG"
                }
            ]
        }
    }
}