{
    "observation": {
        "previous_period_summary": {
            "cnt_percentage": 27.27,
            "cnt_requests": 3,
            "losses_percentage": 0.0,
            "losses_volume": 0
        },
        "current_period": {
            "phase_one": [
                {
                    "protocolSessionId": "dc5efb9b-c5d2-4c3a-a098-fc05aed38137",
                    "account": 123123106,
                    "date": "2025-04-07T07:01:32.001",
                    "duration": 838.0,
                    "used": 26246998,
                    "losses": 0,
                    "requests": 3,
                    "handler": "CNT"
                }
            ],
            "phase_two": [
                {
                    "protocolSessionId": "d926ac05-d2e5-4672-8736-4403e5371031",
                    "account": 123123106,
                    "duration": 20,
                    "date": "2025-04-07T07:33:56.001",
                    "used": 36348,
                    "losses": 0,
                    "requests": 2,
                    "handler": "CTG"
                },
                {
                    "protocolSessionId": "c82dd4d9-158f-42c9-8fec-eb07ab2d0272",
                    "account": 123123106,
                    "duration": 20,
                    "date": "2025-04-07T09:38:49.001",
                    "used": 209563462,
                    "losses": 0,
                    "requests": 3,
                    "handler": "CTG"
                }
            ]
        }
    }
}