{
    "observation": {
        "previous_period_summary": {
            "cnt_percentage": 37.5,
            "cnt_requests": 3,
            "losses_percentage": 0.0,
            "losses_volume": 0
        },
        "current_period": {
            "phase_one": [
                {
                    "protocolSessionId": "fb738a04-4525-4143-99f8-0cb0c51d5b17",
                    "account": 123123106,
                    "date": "2025-04-07T09:39:39.001",
                    "duration": 19.0,
                    "used": 19,
                    "losses": 0,
                    "requests": 3,
                    "handler": "CNT"
                }
            ],
            "phase_two": [
                {
                    "protocolSessionId": "41dcf499-d145-43ae-bd93-5f5bba2db875",
                    "account": 123123106,
                    "duration": 20,
                    "date": "2025-04-07T13:13:35.001",
                    "used": 11092466,
                    "losses": 0,
                    "requests": 2,
                    "handler": "CTG"
                },
                {
                    "protocolSessionId": "c43845ab-7410-4aaa-8109-6aab3a0f5719",
                    "account": 123123106,
                    "duration": 20,
                    "date": "2025-04-07T13:43:19.001",
                    "used": 78795,
                    "losses": 0,
                    "requests": 2,
                    "handler": "CTG"
                }
            ]
        }
    }
}