{
    "observation": {
        "previous_period_summary": {
            "cnt_percentage": 50.0,
            "cnt_requests": 3,
            "losses_percentage": 0.0,
            "losses_volume": 0
        },
        "current_period": {
            "phase_one": [
                {
                    "protocolSessionId": "39a3ddf2-0f6d-4f9c-a340-7d0ff2b3b8c8",
                    "account": 123123106,
                    "date": "2025-04-24T04:40:22.001",
                    "duration": 1615.0,
                    "used": 1133730,
                    "losses": 0,
                    "requests": 3,
                    "handler": "CNT"
                },
                {
                    "protocolSessionId": "d6e9293a-3be0-4d92-9a0f-6e25ec35387f",
                    "account": 123123106,
                    "date": "2025-04-24T06:47:34.001",
                    "duration": 100621.0,
                    "used": 209893958,
                    "losses": 0,
                    "requests": 10,
                    "handler": "CNT"
                },
                {
                    "protocolSessionId": "5b80a411-e2f8-4efa-b7ec-e3ffafd4d52b",
                    "account": 123123106,
                    "date": "2025-04-24T22:49:03.001",
                    "duration": 48996.0,
                    "used": 104903716,
                    "losses": 0,
                    "requests": 6,
                    "handler": "CNT"
                },
                {
                    "protocolSessionId": "28ef93a7-7a90-4aa7-b663-86c5155a087c",
                    "account": 123123106,
                    "date": "2025-04-25T12:26:11.001",
                    "duration": 63.0,
                    "used": 18081,
                    "losses": 0,
                    "requests": 3,
                    "handler": "CNT"
                },
                {
                    "protocolSessionId": "f45e4474-ba5a-472a-9c2a-bb16cc2d5a6c",
                    "account": 123123106,
                    "date": "2025-04-25T14:34:54.001",
                    "duration": 4561.0,
                    "used": 2950967,
                    "losses": 0,
                    "requests": 3,
                    "handler": "CNT"
                },
                {
                    "protocolSessionId": "3d6e4bf0-7b60-42b0-a042-1c730533d49c",
                    "account": 123123106,
                    "date": "2025-04-25T15:51:55.001",
                    "duration": 8569.0,
                    "used": 1808059,
                    "losses": 0,
                    "requests": 3,
                    "handler": "CNT"
                },
                {
                    "protocolSessionId": "c2959849-9e88-4d32-ade6-78013eb8e6bb",
                    "account": 123123106,
                    "date": "2025-04-26T03:36:14.001",
                    "duration": 152.0,
                    "used": 68248,
                    "losses": 0,
                    "requests": 3,
                    "handler": "CNT"
                },
                {
                    "protocolSessionId": "e9c19d6a-f651-4326-a69b-6739084bc390",
                    "account": 123123106,
                    "date": "2025-04-26T14:45:36.001",
                    "duration": 91753.0,
                    "used": 739173482,
                    "losses": 0,
                    "requests": 45,
                    "handler": "CNT"
                },
                {
                    "protocolSessionId": "70396f72-3348-4e96-838f-940eaa02ffac",
                    "account": 123123106,
                    "date": "2025-04-26T21:18:57.001",
                    "duration": 1841.0,
                    "used": 1493051,
                    "losses": 0,
                    "requests": 3,
                    "handler": "CNT"
                },
                {
                    "protocolSessionId": "07595716-49d9-4622-b735-71abc124a562",
                    "account": 123123106,
                    "date": "2025-04-26T21:49:39.001",
                    "duration": 552.0,
                    "used": 552,
                    "losses": 0,
                    "requests": 3,
                    "handler": "CNT"
                },
                {
                    "protocolSessionId": "8416bfd0-ad6f-474a-aa63-cf21a94b2a41",
                    "account": 123123106,
                    "date": "2025-04-26T22:08:48.001",
                    "duration": 267.0,
                    "used": 11000400,
                    "losses": 0,
                    "requests": 3,
                    "handler": "CNT"
                },
                {
                    "protocolSessionId": "49864707-4f15-4c79-9c34-06745c5d1203",
                    "account": 123123106,
                    "date": "2025-04-26T22:13:16.001",
                    "duration": 23170.0,
                    "used": 23170,
                    "losses": 0,
                    "requests": 3,
                    "handler": "CNT"
                },
                {
                    "protocolSessionId": "b23eb970-b55f-45f2-8bf2-7dc8ed4e50d1",
                    "account": 123123106,
                    "date": "2025-04-27T04:40:35.001",
                    "duration": 29620.0,
                    "used": 0,
                    "losses": 0,
                    "requests": 3,
                    "handler": "CNT"
                }
            ],
            "phase_two": [
                {
                    "protocolSessionId": "523b2431-aff8-45b7-a54d-843747e8788b",
                    "account": 123123106,
                    "duration": 20,
                    "date": "2025-04-27T13:32:00.001",
                    "used": 0,
                    "losses": 0,
                    "requests": 1,
                    "handler": "CTG"
                },
                {
                    "protocolSessionId": "a7f48c0a-61e0-4b6c-917d-0f81a27fbf9c",
                    "account": 123123106,
                    "duration": 20,
                    "date": "2025-04-27T14:19:19.001",
                    "used": 0,
                    "losses": 0,
                    "requests": 1,
                    "handler": "CTG"
                }
            ]
        }
    }
}