{
    "observation": {
        "previous_period_summary": {
            "cnt_percentage": 28.57,
            "cnt_requests": 6,
            "losses_percentage": 0.0,
            "losses_volume": 0
        },
        "current_period": {
            "phase_one": [
                {
                    "protocolSessionId": "e3a8b91d-d307-4ada-afff-d29e6edec4f6",
                    "account": 123123106,
                    "date": "2025-03-26T09:16:16.001",
                    "duration": 81507.0,
                    "used": 124752658,
                    "losses": 0,
                    "requests": 6,
                    "handler": "CNT"
                }
            ],
            "phase_two": [
                {
                    "protocolSessionId": "24e718d4-6ed2-45be-bc5d-87a1907c1c9f",
                    "account": 123123106,
                    "duration": 20,
                    "date": "2025-03-26T22:27:12.001",
                    "used": 47855,
                    "losses": 0,
                    "requests": 2,
                    "handler": "CTG"
                },
                {
                    "protocolSessionId": "15ce615f-0722-4e5e-93ba-e51a45a30dbe",
                    "account": 123123106,
                    "duration": 20,
                    "date": "2025-03-26T22:32:33.001",
                    "used": 0,
                    "losses": 0,
                    "requests": 1,
                    "handler": "CTG"
                },
                {
                    "protocolSessionId": "c57f5bcb-ad9c-4576-b7e9-8173a47e115b",
                    "account": 123123106,
                    "duration": 20,
                    "date": "2025-03-27T05:05:18.001",
                    "used": 10032,
                    "losses": 0,
                    "requests": 2,
                    "handler": "CTG"
                }
            ]
        }
    }
}