{
    "observation": {
        "previous_period_summary": {
            "cnt_percentage": 6.98,
            "cnt_requests": 3,
            "losses_percentage": 0.0,
            "losses_volume": 0
        },
        "current_period": {
            "phase_one": [
                {
                    "protocolSessionId": "dc5c6aee-8d21-4011-b2b4-7ebd5a7bde4a",
                    "account": 123123106,
                    "date": "2025-05-19T20:18:32.001",
                    "duration": 37217.0,
                    "used": 1042076,
                    "losses": 0,
                    "requests": 3,
                    "handler": "CNT"
                }
            ],
            "phase_two": [
                {
                    "protocolSessionId": "cd3a18d7-a211-4093-82b7-1f9cb02596f4",
                    "account": 123123106,
                    "duration": 20,
                    "date": "2025-05-19T20:40:17.001",
                    "used": 3759810,
                    "losses": 0,
                    "requests": 2,
                    "handler": "CTG"
                }
            ]
        }
    }
}