{
    "observation": {
        "previous_period_summary": {
            "cnt_percentage": 7.32,
            "cnt_requests": 6,
            "losses_percentage": 0.0005,
            "losses_volume": 10469
        },
        "current_period": {
            "phase_one": [
                {
                    "protocolSessionId": "e2802c7b-4939-4ab6-ae18-5106b4dc5742",
                    "account": 123123106,
                    "date": "2025-05-10T09:10:00.001",
                    "duration": 14971211.129,
                    "used": 26370,
                    "losses": 0,
                    "requests": 6,
                    "handler": "CNT"
                }
            ],
            "phase_two": [
                {
                    "protocolSessionId": "c12933d2-312d-498a-ab0f-30abb3d37999",
                    "account": 123123106,
                    "duration": 20,
                    "date": "2025-05-10T10:40:10.001",
                    "used": 81566313,
                    "losses": 0,
                    "requests": 3,
                    "handler": "CTG"
                },
                {
                    "protocolSessionId": "2f9096bf-d8f0-4bdb-bbd0-9ffea4e23089",
                    "account": 123123106,
                    "duration": 20,
                    "date": "2025-05-10T14:29:01.001",
                    "used": 181293530,
                    "losses": 0,
                    "requests": 2,
                    "handler": "CTG"
                }
            ]
        }
    }
}