{
    "observation": {
        "previous_period_summary": {
            "cnt_percentage": 0.21,
            "cnt_requests": 2,
            "losses_percentage": 0.0,
            "losses_volume": 0
        },
        "current_period": {
            "phase_one": [
                {
                    "protocolSessionId": "9123fc3b-d949-4afb-911d-c7c6c31e25ba",
                    "account": 123123106,
                    "date": "2025-10-04T15:44:05.001",
                    "duration": 0.0,
                    "used": 1665660,
                    "losses": 0,
                    "requests": 4,
                    "handler": "CNT"
                }
            ],
            "phase_two": [
                {
                    "protocolSessionId": "c8f46efb-7734-47fc-81fa-98cddaf93f56",
                    "account": 123123106,
                    "duration": 20,
                    "date": "2025-10-04T15:44:28.001",
                    "used": 924,
                    "losses": 0,
                    "requests": 2,
                    "handler": "CTG"
                },
                {
                    "protocolSessionId": "53cffe32-e5b5-4946-8d58-988d14374f21",
                    "account": 123123106,
                    "duration": 20,
                    "date": "2025-10-04T15:50:17.001",
                    "used": 689814,
                    "losses": 0,
                    "requests": 2,
                    "handler": "CTG"
                },
                {
                    "protocolSessionId": "b997f8f8-7925-4103-94f2-63209a08875b",
                    "account": 123123106,
                    "duration": 20,
                    "date": "2025-10-06T04:54:54.001",
                    "used": 22446589,
                    "losses": 0,
                    "requests": 2,
                    "handler": "CTG"
                },
                {
                    "protocolSessionId": "f431b73b-8bc0-4889-8fd3-f6a024b473fe",
                    "account": 123123106,
                    "duration": 20,
                    "date": "2025-10-06T05:14:14.001",
                    "used": 202657624,
                    "losses": 0,
                    "requests": 2,
                    "handler": "CTG"
                },
                {
                    "protocolSessionId": "24e38ed3-1e6e-41f4-a21b-10f1e05ba6fc",
                    "account": 123123106,
                    "duration": 20,
                    "date": "2025-10-06T05:19:10.001",
                    "used": 445181030,
                    "losses": 0,
                    "requests": 3,
                    "handler": "CTG"
                },
                {
                    "protocolSessionId": "3a4f6025-dbf7-417f-9e0a-6f4505c9baf1",
                    "account": 123123106,
                    "duration": 20,
                    "date": "2025-10-06T05:19:11.001",
                    "used": 0,
                    "losses": 0,
                    "requests": 1,
                    "handler": "CTG"
                },
                {
                    "protocolSessionId": "144c80c5-520f-4e10-a831-45375fdc55d7",
                    "account": 123123106,
                    "duration": 20,
                    "date": "2025-10-06T10:34:27.001",
                    "used": 286525662,
                    "losses": 0,
                    "requests": 3,
                    "handler": "CTG"
                },
                {
                    "protocolSessionId": "f02e26ec-0818-44c2-94b4-b3806a1e4c66",
                    "account": 123123106,
                    "duration": 20,
                    "date": "2025-10-06T15:23:55.001",
                    "used": 1002183,
                    "losses": 0,
                    "requests": 2,
                    "handler": "CTG"
                },
                {
                    "protocolSessionId": "a082c87c-482a-4fa2-8da7-091747e34160",
                    "account": 123123106,
                    "duration": 20,
                    "date": "2025-10-07T00:36:34.001",
                    "used": 29773104,
                    "losses": 0,
                    "requests": 2,
                    "handler": "CTG"
                },
                {
                    "protocolSessionId": "8193d380-0678-418d-930f-7026815c9582",
                    "account": 123123106,
                    "duration": 20,
                    "date": "2025-10-07T00:37:50.001",
                    "used": 6402,
                    "losses": 0,
                    "requests": 2,
                    "handler": "CTG"
                },
                {
                    "protocolSessionId": "9200bbff-9bb4-48e0-b552-1ab668acfb44",
                    "account": 123123106,
                    "duration": 20,
                    "date": "2025-10-07T01:28:37.001",
                    "used": 112,
                    "losses": 0,
                    "requests": 2,
                    "handler": "CTG"
                },
                {
                    "protocolSessionId": "2e36ff01-1389-4bfd-81d4-97c6bbbcf7d1",
                    "account": 123123106,
                    "duration": 20,
                    "date": "2025-10-07T04:28:21.001",
                    "used": 65380340,
                    "losses": 0,
                    "requests": 3,
                    "handler": "CTG"
                },
                {
                    "protocolSessionId": "bfecf61d-eb8c-44e6-a9eb-247468935977",
                    "account": 123123106,
                    "duration": 20,
                    "date": "2025-10-07T15:20:27.001",
                    "used": 104415283,
                    "losses": 0,
                    "requests": 3,
                    "handler": "CTG"
                },
                {
                    "protocolSessionId": "883199b7-f59d-4ab5-909d-3e64e85bc906",
                    "account": 123123106,
                    "duration": 20,
                    "date": "2025-10-07T19:13:58.001",
                    "used": 1401610,
                    "losses": 0,
                    "requests": 2,
                    "handler": "CTG"
                },
                {
                    "protocolSessionId": "1df3cda6-204b-4764-ae16-d6713a9f06a5",
                    "account": 123123106,
                    "duration": 20,
                    "date": "2025-10-07T22:25:39.001",
                    "used": 4408,
                    "losses": 0,
                    "requests": 2,
                    "handler": "CTG"
                },
                {
                    "protocolSessionId": "42b6763e-46a8-4502-a24b-feb9c0abc8e1",
                    "account": 123123106,
                    "duration": 20,
                    "date": "2025-10-07T23:10:45.001",
                    "used": 124984851,
                    "losses": 0,
                    "requests": 4,
                    "handler": "CTG"
                },
                {
                    "protocolSessionId": "19fe2994-070a-4b48-9052-403a56c5683e",
                    "account": 123123106,
                    "duration": 20,
                    "date": "2025-10-08T01:26:04.001",
                    "used": 92700011,
                    "losses": 0,
                    "requests": 3,
                    "handler": "CTG"
                },
                {
                    "protocolSessionId": "d895fa7b-2241-4adb-85d9-463b8e08cc77",
                    "account": 123123106,
                    "duration": 20,
                    "date": "2025-10-08T03:01:22.001",
                    "used": 71529,
                    "losses": 0,
                    "requests": 2,
                    "handler": "CTG"
                },
                {
                    "protocolSessionId": "f9714778-2329-4646-8f74-bcd43d3f879e",
                    "account": 123123106,
                    "duration": 20,
                    "date": "2025-10-08T03:14:00.001",
                    "used": 0,
                    "losses": 0,
                    "requests": 1,
                    "handler": "CTG"
                },
                {
                    "protocolSessionId": "725af006-e03f-4007-a107-45d013bfffde",
                    "account": 123123106,
                    "duration": 20,
                    "date": "2025-10-08T03:32:51.001",
                    "used": 375778513,
                    "losses": 0,
                    "requests": 5,
                    "handler": "CTG"
                },
                {
                    "protocolSessionId": "3173c02d-fadf-43d9-ac1e-c62358304729",
                    "account": 123123106,
                    "duration": 20,
                    "date": "2025-10-08T03:33:49.001",
                    "used": 0,
                    "losses": 0,
                    "requests": 1,
                    "handler": "CTG"
                },
                {
                    "protocolSessionId": "08fde6f9-f03c-4475-a7fa-73e4ddcae91f",
                    "account": 123123106,
                    "duration": 20,
                    "date": "2025-10-08T03:48:11.001",
                    "used": 0,
                    "losses": 0,
                    "requests": 1,
                    "handler": "CTG"
                },
                {
                    "protocolSessionId": "eb280c5d-174b-45ef-bcda-5c0f5f63a192",
                    "account": 123123106,
                    "duration": 20,
                    "date": "2025-10-08T03:49:44.001",
                    "used": 470660,
                    "losses": 0,
                    "requests": 2,
                    "handler": "CTG"
                },
                {
                    "protocolSessionId": "57cec975-271a-4edd-b58f-7eb610ed0730",
                    "account": 123123106,
                    "duration": 20,
                    "date": "2025-10-08T06:27:22.001",
                    "used": 80550,
                    "losses": 0,
                    "requests": 2,
                    "handler": "CTG"
                },
                {
                    "protocolSessionId": "02dd4c18-ae70-4685-8c9c-66f95a50f34d",
                    "account": 123123106,
                    "duration": 20,
                    "date": "2025-10-08T06:32:47.001",
                    "used": 117363854,
                    "losses": 0,
                    "requests": 3,
                    "handler": "CTG"
                },
                {
                    "protocolSessionId": "2c7f85c3-4199-4bc2-aeca-742f9a70bd00",
                    "account": 123123106,
                    "duration": 20,
                    "date": "2025-10-08T06:33:05.001",
                    "used": 1241684,
                    "losses": 0,
                    "requests": 2,
                    "handler": "CTG"
                },
                {
                    "protocolSessionId": "374bfeac-a489-4a02-89e4-dd744b24d6a6",
                    "account": 123123106,
                    "duration": 20,
                    "date": "2025-10-08T06:43:57.001",
                    "used": 232560,
                    "losses": 0,
                    "requests": 2,
                    "handler": "CTG"
                },
                {
                    "protocolSessionId": "65ca6f23-9627-4a08-83b5-aed1e32095e7",
                    "account": 123123106,
                    "duration": 20,
                    "date": "2025-10-08T16:49:54.001",
                    "used": 411710,
                    "losses": 0,
                    "requests": 2,
                    "handler": "CTG"
                },
                {
                    "protocolSessionId": "98a86de4-4632-4966-8057-072a9773d725",
                    "account": 123123106,
                    "duration": 20,
                    "date": "2025-10-08T20:18:29.001",
                    "used": 345455386,
                    "losses": 0,
                    "requests": 5,
                    "handler": "CTG"
                },
                {
                    "protocolSessionId": "74766fee-b223-45b1-ace4-347055f3d885",
                    "account": 123123106,
                    "duration": 20,
                    "date": "2025-10-08T20:56:50.001",
                    "used": 178004729,
                    "losses": 0,
                    "requests": 3,
                    "handler": "CTG"
                },
                {
                    "protocolSessionId": "bc819b78-7756-4fc1-a72f-67c3bf6ae280",
                    "account": 123123106,
                    "duration": 20,
                    "date": "2025-10-09T03:07:15.001",
                    "used": 238768850,
                    "losses": 0,
                    "requests": 4,
                    "handler": "CTG"
                },
                {
                    "protocolSessionId": "424c0035-d0eb-4d58-b083-dcca866ff765",
                    "account": 123123106,
                    "duration": 20,
                    "date": "2025-10-09T04:48:59.001",
                    "used": 5001725,
                    "losses": 0,
                    "requests": 2,
                    "handler": "CTG"
                },
                {
                    "protocolSessionId": "638f737e-10b0-4af2-b391-e19a2bf68fb6",
                    "account": 123123106,
                    "duration": 20,
                    "date": "2025-10-09T04:56:42.001",
                    "used": 242088,
                    "losses": 0,
                    "requests": 2,
                    "handler": "CTG"
                },
                {
                    "protocolSessionId": "b40fdfd0-9fa3-4b45-9cf5-70a02ec5b786",
                    "account": 123123106,
                    "duration": 20,
                    "date": "2025-10-09T18:34:27.001",
                    "used": 1377,
                    "losses": 0,
                    "requests": 2,
                    "handler": "CTG"
                },
                {
                    "protocolSessionId": "0b6cebce-984c-456e-b964-dfa7e7ead105",
                    "account": 123123106,
                    "duration": 20,
                    "date": "2025-10-10T09:55:11.001",
                    "used": 53304195,
                    "losses": 0,
                    "requests": 2,
                    "handler": "CTG"
                },
                {
                    "protocolSessionId": "aac09724-43af-4965-9bdf-6ac57657be5c",
                    "account": 123123106,
                    "duration": 20,
                    "date": "2025-10-10T09:55:13.001",
                    "used": 0,
                    "losses": 0,
                    "requests": 1,
                    "handler": "CTG"
                },
                {
                    "protocolSessionId": "8bd26ed3-96db-473e-90e8-56ebdb1ebfe0",
                    "account": 123123106,
                    "duration": 20,
                    "date": "2025-10-10T15:38:02.001",
                    "used": 398601,
                    "losses": 0,
                    "requests": 2,
                    "handler": "CTG"
                },
                {
                    "protocolSessionId": "2c3102ef-5c5a-4a7c-888e-5056cc92ce15",
                    "account": 123123106,
                    "duration": 20,
                    "date": "2025-10-10T15:39:57.001",
                    "used": 23142,
                    "losses": 0,
                    "requests": 2,
                    "handler": "CTG"
                },
                {
                    "protocolSessionId": "56ec8bce-5a2f-4c68-99a4-02a8cc0a461c",
                    "account": 123123106,
                    "duration": 20,
                    "date": "2025-10-10T17:52:42.001",
                    "used": 754830,
                    "losses": 0,
                    "requests": 2,
                    "handler": "CTG"
                },
                {
                    "protocolSessionId": "d9e7e6ec-836c-4152-9b69-388ef8e87839",
                    "account": 123123106,
                    "duration": 20,
                    "date": "2025-10-10T22:03:10.001",
                    "used": 167903403,
                    "losses": 0,
                    "requests": 3,
                    "handler": "CTG"
                },
                {
                    "protocolSessionId": "d7952eda-fd7c-4158-9354-3b0adb9437ac",
                    "account": 123123106,
                    "duration": 20,
                    "date": "2025-10-10T23:39:42.001",
                    "used": 0,
                    "losses": 0,
                    "requests": 1,
                    "handler": "CTG"
                },
                {
                    "protocolSessionId": "65bd5eed-4e09-404c-bc58-f29fffd61a91",
                    "account": 123123106,
                    "duration": 20,
                    "date": "2025-10-11T03:09:35.001",
                    "used": 800072,
                    "losses": 0,
                    "requests": 2,
                    "handler": "CTG"
                },
                {
                    "protocolSessionId": "9cc0b7cf-a087-4cf4-a5b2-810449d52bfc",
                    "account": 123123106,
                    "duration": 20,
                    "date": "2025-10-11T06:16:41.001",
                    "used": 13657574,
                    "losses": 0,
                    "requests": 2,
                    "handler": "CTG"
                },
                {
                    "protocolSessionId": "21b4843c-dfc3-4dc1-a754-318a9bb65df8",
                    "account": 123123106,
                    "duration": 20,
                    "date": "2025-10-11T15:01:47.001",
                    "used": 4640,
                    "losses": 0,
                    "requests": 2,
                    "handler": "CTG"
                },
                {
                    "protocolSessionId": "84cd9cda-eff5-465d-8995-ea0747fb2dc4",
                    "account": 123123106,
                    "duration": 20,
                    "date": "2025-10-11T15:34:48.001",
                    "used": 0,
                    "losses": 0,
                    "requests": 1,
                    "handler": "CTG"
                },
                {
                    "protocolSessionId": "4230a878-8f91-4d6a-97cb-0a869b02e3fa",
                    "account": 123123106,
                    "duration": 20,
                    "date": "2025-10-11T15:43:15.001",
                    "used": 2592645,
                    "losses": 0,
                    "requests": 2,
                    "handler": "CTG"
                },
                {
                    "protocolSessionId": "bf38d403-7949-4f43-82be-d61f35c4fec8",
                    "account": 123123106,
                    "duration": 20,
                    "date": "2025-10-12T02:23:35.001",
                    "used": 23536630,
                    "losses": 0,
                    "requests": 2,
                    "handler": "CTG"
                },
                {
                    "protocolSessionId": "27934b9f-7109-420d-bb76-7693106048b6",
                    "account": 123123106,
                    "duration": 20,
                    "date": "2025-10-12T11:20:17.001",
                    "used": 115557189,
                    "losses": 0,
                    "requests": 3,
                    "handler": "CTG"
                },
                {
                    "protocolSessionId": "a128c922-fd7d-42af-9f94-b7e99610ba62",
                    "account": 123123106,
                    "duration": 20,
                    "date": "2025-10-12T11:32:33.001",
                    "used": 19520865,
                    "losses": 0,
                    "requests": 2,
                    "handler": "CTG"
                },
                {
                    "protocolSessionId": "da944c11-d473-47b9-babb-ba78b1afa4a3",
                    "account": 123123106,
                    "duration": 20,
                    "date": "2025-10-12T14:59:26.001",
                    "used": 2621712,
                    "losses": 0,
                    "requests": 2,
                    "handler": "CTG"
                },
                {
                    "protocolSessionId": "325f452b-10c7-488d-9158-a5dd423a1a50",
                    "account": 123123106,
                    "duration": 20,
                    "date": "2025-10-12T19:55:59.001",
                    "used": 106752,
                    "losses": 0,
                    "requests": 2,
                    "handler": "CTG"
                },
                {
                    "protocolSessionId": "9c8e304a-7214-4c28-bc89-d32a7a463a52",
                    "account": 123123106,
                    "duration": 20,
                    "date": "2025-10-13T05:04:29.001",
                    "used": 37667814,
                    "losses": 0,
                    "requests": 3,
                    "handler": "CTG"
                },
                {
                    "protocolSessionId": "c44d3bfd-24a1-4508-a96b-04d6d21e324c",
                    "account": 123123106,
                    "duration": 20,
                    "date": "2025-10-13T05:20:18.001",
                    "used": 3762339,
                    "losses": 0,
                    "requests": 2,
                    "handler": "CTG"
                },
                {
                    "protocolSessionId": "8a856adf-8267-437f-b5ad-c4141650616c",
                    "account": 123123106,
                    "duration": 20,
                    "date": "2025-10-13T08:44:02.001",
                    "used": 55197191,
                    "losses": 0,
                    "requests": 4,
                    "handler": "CTG"
                },
                {
                    "protocolSessionId": "96c45ac6-6cac-4440-8f7f-80c147d0d542",
                    "account": 123123106,
                    "duration": 20,
                    "date": "2025-10-13T08:48:28.001",
                    "used": 0,
                    "losses": 0,
                    "requests": 1,
                    "handler": "CTG"
                },
                {
                    "protocolSessionId": "26d156b9-a8b8-42cb-b91e-db0389eaf9ed",
                    "account": 123123106,
                    "duration": 20,
                    "date": "2025-10-14T23:31:01.001",
                    "used": 25212242,
                    "losses": 0,
                    "requests": 2,
                    "handler": "CTG"
                },
                {
                    "protocolSessionId": "2a2aede0-7603-4812-8c54-b64300941075",
                    "account": 123123106,
                    "duration": 20,
                    "date": "2025-10-15T00:26:42.001",
                    "used": 65676728,
                    "losses": 0,
                    "requests": 3,
                    "handler": "CTG"
                },
                {
                    "protocolSessionId": "fa303766-b8dd-4d08-a42a-fc501b2f5328",
                    "account": 123123106,
                    "duration": 20,
                    "date": "2025-10-15T00:27:07.001",
                    "used": 0,
                    "losses": 0,
                    "requests": 1,
                    "handler": "CTG"
                },
                {
                    "protocolSessionId": "c1acf8db-07ea-47c8-a362-8fd8504bf017",
                    "account": 123123106,
                    "duration": 20,
                    "date": "2025-10-15T00:30:43.001",
                    "used": 0,
                    "losses": 0,
                    "requests": 1,
                    "handler": "CTG"
                },
                {
                    "protocolSessionId": "0a4b5e33-dde1-4e91-bf94-5a8a2b80b8cf",
                    "account": 123123106,
                    "duration": 20,
                    "date": "2025-10-15T07:23:33.001",
                    "used": 4071500,
                    "losses": 0,
                    "requests": 2,
                    "handler": "CTG"
                },
                {
                    "protocolSessionId": "4dcada18-da06-4ced-ac4d-326f047e9de4",
                    "account": 123123106,
                    "duration": 20,
                    "date": "2025-10-15T08:00:06.001",
                    "used": 1262700,
                    "losses": 0,
                    "requests": 2,
                    "handler": "CTG"
                },
                {
                    "protocolSessionId": "09f0cdfb-d2b0-4965-8653-cc9410e43774",
                    "account": 123123106,
                    "duration": 20,
                    "date": "2025-10-15T09:24:54.001",
                    "used": 169754737,
                    "losses": 0,
                    "requests": 7,
                    "handler": "CTG"
                },
                {
                    "protocolSessionId": "819984b0-17a4-43f3-8e6b-4692c57817a2",
                    "account": 123123106,
                    "duration": 20,
                    "date": "2025-10-16T02:34:06.001",
                    "used": 25642608,
                    "losses": 0,
                    "requests": 2,
                    "handler": "CTG"
                },
                {
                    "protocolSessionId": "594fe15d-565c-4066-99cc-5b0673377358",
                    "account": 123123106,
                    "duration": 20,
                    "date": "2025-10-16T03:53:16.001",
                    "used": 25074,
                    "losses": 0,
                    "requests": 2,
                    "handler": "CTG"
                },
                {
                    "protocolSessionId": "c598a898-e4ff-4b8f-8b6b-8c1be4a9dcbd",
                    "account": 123123106,
                    "duration": 20,
                    "date": "2025-10-16T04:06:53.001",
                    "used": 720,
                    "losses": 0,
                    "requests": 2,
                    "handler": "CTG"
                },
                {
                    "protocolSessionId": "de1486db-16f5-4abf-8cc9-5579ac8f429a",
                    "account": 123123106,
                    "duration": 20,
                    "date": "2025-10-16T17:30:15.001",
                    "used": 386437330,
                    "losses": 0,
                    "requests": 3,
                    "handler": "CTG"
                },
                {
                    "protocolSessionId": "cf915d0a-7a14-4acc-a50f-0563dff78e73",
                    "account": 123123106,
                    "duration": 20,
                    "date": "2025-10-16T17:54:49.001",
                    "used": 29028875,
                    "losses": 0,
                    "requests": 2,
                    "handler": "CTG"
                },
                {
                    "protocolSessionId": "4fcb614a-9209-44fd-a73f-4f0910685b7c",
                    "account": 123123106,
                    "duration": 20,
                    "date": "2025-10-16T18:22:11.001",
                    "used": 22293887,
                    "losses": 0,
                    "requests": 3,
                    "handler": "CTG"
                },
                {
                    "protocolSessionId": "dadeb9a4-7474-469b-90fe-68d87be35227",
                    "account": 123123106,
                    "duration": 20,
                    "date": "2025-10-16T18:53:43.001",
                    "used": 0,
                    "losses": 0,
                    "requests": 1,
                    "handler": "CTG"
                },
                {
                    "protocolSessionId": "f45161c3-e944-4042-93ca-a7f6ca40dade",
                    "account": 123123106,
                    "duration": 20,
                    "date": "2025-10-16T21:24:42.001",
                    "used": 0,
                    "losses": 0,
                    "requests": 1,
                    "handler": "CTG"
                },
                {
                    "protocolSessionId": "09f08fde-5dad-4f8f-9119-d532c4324ab9",
                    "account": 123123106,
                    "duration": 20,
                    "date": "2025-10-16T23:40:09.001",
                    "used": 40180,
                    "losses": 0,
                    "requests": 2,
                    "handler": "CTG"
                },
                {
                    "protocolSessionId": "61f52e12-e7aa-44bb-99a8-b8777f9e0a9b",
                    "account": 123123106,
                    "duration": 20,
                    "date": "2025-10-16T23:40:14.001",
                    "used": 0,
                    "losses": 0,
                    "requests": 1,
                    "handler": "CTG"
                },
                {
                    "protocolSessionId": "05cb1fc1-2459-428f-b84c-5f58d77b4f5d",
                    "account": 123123106,
                    "duration": 20,
                    "date": "2025-10-17T05:02:12.001",
                    "used": 6759,
                    "losses": 0,
                    "requests": 2,
                    "handler": "CTG"
                },
                {
                    "protocolSessionId": "ac7229a6-f211-456a-b5f3-4bdfbee736e5",
                    "account": 123123106,
                    "duration": 20,
                    "date": "2025-10-17T05:22:56.001",
                    "used": 14254875,
                    "losses": 0,
                    "requests": 2,
                    "handler": "CTG"
                },
                {
                    "protocolSessionId": "059ace62-18b3-4c9c-a74b-abf586f8d733",
                    "account": 123123106,
                    "duration": 20,
                    "date": "2025-10-17T13:13:15.001",
                    "used": 10553361,
                    "losses": 0,
                    "requests": 2,
                    "handler": "CTG"
                },
                {
                    "protocolSessionId": "863b7ee9-11dd-4e96-905c-d445fec7e278",
                    "account": 123123106,
                    "duration": 20,
                    "date": "2025-10-17T15:46:43.001",
                    "used": 282086070,
                    "losses": 0,
                    "requests": 2,
                    "handler": "CTG"
                },
                {
                    "protocolSessionId": "236e4dcc-5a21-4e70-a50a-c5d9fdd7b1f0",
                    "account": 123123106,
                    "duration": 20,
                    "date": "2025-10-17T15:46:47.001",
                    "used": 0,
                    "losses": 0,
                    "requests": 1,
                    "handler": "CTG"
                },
                {
                    "protocolSessionId": "ea65a40a-9aae-496a-a497-ecb3a61a88df",
                    "account": 123123106,
                    "duration": 20,
                    "date": "2025-10-18T13:50:31.001",
                    "used": 0,
                    "losses": 0,
                    "requests": 1,
                    "handler": "CTG"
                },
                {
                    "protocolSessionId": "0232be5e-0703-43d4-b6c8-a865316e6089",
                    "account": 123123106,
                    "duration": 20,
                    "date": "2025-10-18T22:10:40.001",
                    "used": 785200010,
                    "losses": 0,
                    "requests": 6,
                    "handler": "CTG"
                },
                {
                    "protocolSessionId": "bdc11cf2-73e2-40c1-85cc-5b5a60308239",
                    "account": 123123106,
                    "duration": 20,
                    "date": "2025-10-19T11:37:31.001",
                    "used": 68922763,
                    "losses": 0,
                    "requests": 2,
                    "handler": "CTG"
                },
                {
                    "protocolSessionId": "ad97cbb1-39a9-4386-9fef-5b4bfd3ff4e6",
                    "account": 123123106,
                    "duration": 20,
                    "date": "2025-10-20T01:35:28.001",
                    "used": 16208463,
                    "losses": 0,
                    "requests": 2,
                    "handler": "CTG"
                },
                {
                    "protocolSessionId": "71edafc9-6387-446f-b97d-c5b6e21f28b9",
                    "account": 123123106,
                    "duration": 20,
                    "date": "2025-10-20T10:02:43.001",
                    "used": 129352,
                    "losses": 0,
                    "requests": 2,
                    "handler": "CTG"
                },
                {
                    "protocolSessionId": "25a5a454-0144-4095-950c-f301aaeba299",
                    "account": 123123106,
                    "duration": 20,
                    "date": "2025-10-20T21:42:55.001",
                    "used": 990118905,
                    "losses": 0,
                    "requests": 5,
                    "handler": "CTG"
                },
                {
                    "protocolSessionId": "2f8f141e-da47-4c3c-a78f-44c5f1de6c57",
                    "account": 123123106,
                    "duration": 20,
                    "date": "2025-10-20T21:55:54.001",
                    "used": 109197932,
                    "losses": 0,
                    "requests": 3,
                    "handler": "CTG"
                },
                {
                    "protocolSessionId": "076497fc-1c85-4bf5-af44-09caf5242b54",
                    "account": 123123106,
                    "duration": 20,
                    "date": "2025-10-21T08:54:25.001",
                    "used": 318361847,
                    "losses": 0,
                    "requests": 3,
                    "handler": "CTG"
                },
                {
                    "protocolSessionId": "42440ae5-bfeb-4f50-b3fe-2bce592fb76a",
                    "account": 123123106,
                    "duration": 20,
                    "date": "2025-10-21T09:39:18.001",
                    "used": 286592932,
                    "losses": 0,
                    "requests": 3,
                    "handler": "CTG"
                },
                {
                    "protocolSessionId": "4ace1262-9c54-4764-90a4-33f67b989945",
                    "account": 123123106,
                    "duration": 20,
                    "date": "2025-10-21T14:29:00.001",
                    "used": 458654212,
                    "losses": 0,
                    "requests": 5,
                    "handler": "CTG"
                },
                {
                    "protocolSessionId": "3887af73-f214-46c5-9ab3-36103f1954c2",
                    "account": 123123106,
                    "duration": 20,
                    "date": "2025-10-21T17:26:09.001",
                    "used": 0,
                    "losses": 0,
                    "requests": 1,
                    "handler": "CTG"
                },
                {
                    "protocolSessionId": "ec5fa799-3485-433d-9f04-a92c1c52d7f1",
                    "account": 123123106,
                    "duration": 20,
                    "date": "2025-10-21T17:28:29.001",
                    "used": 1016229,
                    "losses": 0,
                    "requests": 2,
                    "handler": "CTG"
                },
                {
                    "protocolSessionId": "c3057467-4cb4-464c-abb2-5093430dc9e5",
                    "account": 123123106,
                    "duration": 20,
                    "date": "2025-10-21T23:33:15.001",
                    "used": 56112054,
                    "losses": 0,
                    "requests": 2,
                    "handler": "CTG"
                },
                {
                    "protocolSessionId": "cfb9a5b9-4d17-4acc-bfe7-4659a219f086",
                    "account": 123123106,
                    "duration": 20,
                    "date": "2025-10-22T01:18:51.001",
                    "used": 12134478,
                    "losses": 0,
                    "requests": 2,
                    "handler": "CTG"
                },
                {
                    "protocolSessionId": "9d8a9149-b168-4052-9651-b50931b21d92",
                    "account": 123123106,
                    "duration": 20,
                    "date": "2025-10-22T02:18:53.001",
                    "used": 0,
                    "losses": 0,
                    "requests": 1,
                    "handler": "CTG"
                },
                {
                    "protocolSessionId": "8cf8c61d-7c91-431f-aae8-d6a06f447ced",
                    "account": 123123106,
                    "duration": 20,
                    "date": "2025-10-22T02:18:55.001",
                    "used": 0,
                    "losses": 0,
                    "requests": 1,
                    "handler": "CTG"
                },
                {
                    "protocolSessionId": "10a220c2-8db8-4c7f-a951-38d6ca434466",
                    "account": 123123106,
                    "duration": 20,
                    "date": "2025-10-22T07:40:35.001",
                    "used": 67938,
                    "losses": 0,
                    "requests": 2,
                    "handler": "CTG"
                },
                {
                    "protocolSessionId": "93e56d26-1cf1-4c86-b388-fe1ec83ed0ae",
                    "account": 123123106,
                    "duration": 20,
                    "date": "2025-10-22T22:53:49.001",
                    "used": 172517873,
                    "losses": 0,
                    "requests": 3,
                    "handler": "CTG"
                },
                {
                    "protocolSessionId": "4097a52a-6e4a-4677-b184-2d796be11aff",
                    "account": 123123106,
                    "duration": 20,
                    "date": "2025-10-22T22:53:50.001",
                    "used": 0,
                    "losses": 0,
                    "requests": 1,
                    "handler": "CTG"
                },
                {
                    "protocolSessionId": "8d841a51-53ea-4807-945f-a56642e59f89",
                    "account": 123123106,
                    "duration": 20,
                    "date": "2025-10-22T23:03:42.001",
                    "used": 59976,
                    "losses": 0,
                    "requests": 2,
                    "handler": "CTG"
                },
                {
                    "protocolSessionId": "fa2738bf-760b-43ea-91e5-074fded79b2d",
                    "account": 123123106,
                    "duration": 20,
                    "date": "2025-10-23T14:47:14.001",
                    "used": 106356,
                    "losses": 0,
                    "requests": 2,
                    "handler": "CTG"
                },
                {
                    "protocolSessionId": "16d88550-39bb-4472-8e4a-13a8089d2e29",
                    "account": 123123106,
                    "duration": 20,
                    "date": "2025-10-23T14:48:03.001",
                    "used": 145208,
                    "losses": 0,
                    "requests": 2,
                    "handler": "CTG"
                },
                {
                    "protocolSessionId": "a7ee745d-0f5a-4b3a-ba8d-62759ba69d79",
                    "account": 123123106,
                    "duration": 20,
                    "date": "2025-10-23T14:50:40.001",
                    "used": 86698,
                    "losses": 0,
                    "requests": 2,
                    "handler": "CTG"
                },
                {
                    "protocolSessionId": "8fc493d5-c0ff-4627-b058-aa8d026ce2f7",
                    "account": 123123106,
                    "duration": 20,
                    "date": "2025-10-23T17:42:42.001",
                    "used": 250294745,
                    "losses": 0,
                    "requests": 4,
                    "handler": "CTG"
                },
                {
                    "protocolSessionId": "c88aec98-6a5d-46d2-999a-00f2a5991499",
                    "account": 123123106,
                    "duration": 20,
                    "date": "2025-10-23T18:59:21.001",
                    "used": 85912621,
                    "losses": 0,
                    "requests": 3,
                    "handler": "CTG"
                },
                {
                    "protocolSessionId": "f30a0f5a-3274-4616-81e6-d6749c3b4c00",
                    "account": 123123106,
                    "duration": 20,
                    "date": "2025-10-23T23:41:43.001",
                    "used": 117992889,
                    "losses": 0,
                    "requests": 2,
                    "handler": "CTG"
                },
                {
                    "protocolSessionId": "072eea13-9619-4038-9bc6-1677d5eda640",
                    "account": 123123106,
                    "duration": 20,
                    "date": "2025-10-24T08:11:23.001",
                    "used": 24831322,
                    "losses": 0,
                    "requests": 2,
                    "handler": "CTG"
                },
                {
                    "protocolSessionId": "6c834da0-710a-4851-892b-9c8cf483d7a2",
                    "account": 123123106,
                    "duration": 20,
                    "date": "2025-10-24T13:06:13.001",
                    "used": 119702094,
                    "losses": 0,
                    "requests": 2,
                    "handler": "CTG"
                },
                {
                    "protocolSessionId": "51d3df93-56dc-4526-ae18-9b0bf24091ad",
                    "account": 123123106,
                    "duration": 20,
                    "date": "2025-10-24T14:47:30.001",
                    "used": 258,
                    "losses": 0,
                    "requests": 2,
                    "handler": "CTG"
                },
                {
                    "protocolSessionId": "4369dfb2-8336-4b4d-9589-62695778145a",
                    "account": 123123106,
                    "duration": 20,
                    "date": "2025-10-24T14:49:28.001",
                    "used": 0,
                    "losses": 0,
                    "requests": 1,
                    "handler": "CTG"
                },
                {
                    "protocolSessionId": "aa823897-bb4c-4a2e-a0ac-75a5996bf27d",
                    "account": 123123106,
                    "duration": 20,
                    "date": "2025-10-24T15:36:37.001",
                    "used": 1994898,
                    "losses": 0,
                    "requests": 2,
                    "handler": "CTG"
                },
                {
                    "protocolSessionId": "27868102-5aab-4250-ae4d-1de80ad2c588",
                    "account": 123123106,
                    "duration": 20,
                    "date": "2025-10-24T17:03:15.001",
                    "used": 0,
                    "losses": 0,
                    "requests": 1,
                    "handler": "CTG"
                },
                {
                    "protocolSessionId": "bec65494-ac7e-40a5-901b-6caa41c61a53",
                    "account": 123123106,
                    "duration": 20,
                    "date": "2025-10-24T19:06:41.001",
                    "used": 1012,
                    "losses": 0,
                    "requests": 2,
                    "handler": "CTG"
                },
                {
                    "protocolSessionId": "7376f26c-a43d-4405-a3da-23efbba5123a",
                    "account": 123123106,
                    "duration": 20,
                    "date": "2025-10-24T21:38:30.001",
                    "used": 4925427,
                    "losses": 0,
                    "requests": 2,
                    "handler": "CTG"
                },
                {
                    "protocolSessionId": "0d902c17-4aa3-4ee7-bcc5-b778cd9b61b4",
                    "account": 123123106,
                    "duration": 20,
                    "date": "2025-10-25T17:03:51.001",
                    "used": 20539776,
                    "losses": 0,
                    "requests": 2,
                    "handler": "CTG"
                },
                {
                    "protocolSessionId": "8455f790-78cc-4a10-ad80-d0878f7ebb9b",
                    "account": 123123106,
                    "duration": 20,
                    "date": "2025-10-25T17:48:38.001",
                    "used": 280504781,
                    "losses": 0,
                    "requests": 3,
                    "handler": "CTG"
                },
                {
                    "protocolSessionId": "c6832085-2c0a-4ac1-8d0d-17a9a3180e11",
                    "account": 123123106,
                    "duration": 20,
                    "date": "2025-10-25T20:54:22.001",
                    "used": 386327861,
                    "losses": 0,
                    "requests": 5,
                    "handler": "CTG"
                },
                {
                    "protocolSessionId": "3d88ea01-2427-43ce-b848-9280ca2110cc",
                    "account": 123123106,
                    "duration": 20,
                    "date": "2025-10-25T22:14:13.001",
                    "used": 111534,
                    "losses": 0,
                    "requests": 2,
                    "handler": "CTG"
                },
                {
                    "protocolSessionId": "d11d32cf-77f0-4b30-adcb-ef5066653c8e",
                    "account": 123123106,
                    "duration": 20,
                    "date": "2025-10-26T00:34:59.001",
                    "used": 213692533,
                    "losses": 0,
                    "requests": 4,
                    "handler": "CTG"
                },
                {
                    "protocolSessionId": "c68afdc5-7a62-4d97-9f08-30535b528133",
                    "account": 123123106,
                    "duration": 20,
                    "date": "2025-10-26T04:19:04.001",
                    "used": 114976594,
                    "losses": 0,
                    "requests": 3,
                    "handler": "CTG"
                },
                {
                    "protocolSessionId": "9fcbe640-5cd6-4719-995e-5dd0921a39c3",
                    "account": 123123106,
                    "duration": 20,
                    "date": "2025-10-26T14:10:30.001",
                    "used": 3367683,
                    "losses": 0,
                    "requests": 2,
                    "handler": "CTG"
                }
            ]
        }
    }
}