{
    "observation": {
        "previous_period_summary": {
            "cnt_percentage": 60.0,
            "cnt_requests": 3,
            "losses_percentage": 0.0,
            "losses_volume": 0
        },
        "current_period": {
            "phase_one": [
                {
                    "protocolSessionId": "d83877b1-ba95-413a-956b-87f81879ccd7",
                    "account": 123123106,
                    "date": "2025-03-23T02:34:20.001",
                    "duration": 218672.0,
                    "used": 874688,
                    "losses": 0,
                    "requests": 3,
                    "handler": "CNT"
                },
                {
                    "protocolSessionId": "6bf0da66-d764-41c9-b878-f2bbf6c226df",
                    "account": 123123106,
                    "date": "2025-03-23T15:23:28.001",
                    "duration": 333389.0,
                    "used": 1333556,
                    "losses": 0,
                    "requests": 3,
                    "handler": "CNT"
                }
            ],
            "phase_two": [
                {
                    "protocolSessionId": "07027f14-ac2e-495f-956f-1d3cc94f4c73",
                    "account": 123123106,
                    "duration": 20,
                    "date": "2025-03-25T17:49:57.001",
                    "used": 45806925,
                    "losses": 0,
                    "requests": 2,
                    "handler": "CTG"
                },
                {
                    "protocolSessionId": "25590c03-6862-4566-8c93-6eeb4355faec",
                    "account": 123123106,
                    "duration": 20,
                    "date": "2025-03-26T04:48:27.001",
                    "used": 1304844920,
                    "losses": 0,
                    "requests": 5,
                    "handler": "CTG"
                },
                {
                    "protocolSessionId": "044976de-5c93-4ae8-bddb-23e591bf34b7",
                    "account": 123123106,
                    "duration": 20,
                    "date": "2025-03-26T04:52:26.001",
                    "used": 15587,
                    "losses": 0,
                    "requests": 2,
                    "handler": "CTG"
                },
                {
                    "protocolSessionId": "2e92f211-ca39-4209-a524-8b5bd76040a8",
                    "account": 123123106,
                    "duration": 20,
                    "date": "2025-03-26T06:12:52.001",
                    "used": 429438750,
                    "losses": 0,
                    "requests": 3,
                    "handler": "CTG"
                },
                {
                    "protocolSessionId": "ec9ac1cc-e55b-4a0a-8050-615379581be6",
                    "account": 123123106,
                    "duration": 20,
                    "date": "2025-03-26T08:10:59.001",
                    "used": 269240319,
                    "losses": 0,
                    "requests": 3,
                    "handler": "CTG"
                }
            ]
        }
    }
}