{
    "observation": {
        "previous_period_summary": {
            "cnt_percentage": 60.0,
            "cnt_requests": 15,
            "losses_percentage": 0.0,
            "losses_volume": 0
        },
        "current_period": {
            "phase_one": [
                {
                    "protocolSessionId": "efb8f554-e745-4791-8bed-4a945bc67216",
                    "account": 123123106,
                    "date": "2025-05-21T16:04:54.001",
                    "duration": 80759.0,
                    "used": 807590,
                    "losses": 0,
                    "requests": 3,
                    "handler": "CNT"
                }
            ],
            "phase_two": [
                {
                    "protocolSessionId": "2d92ba61-948d-46ff-b9d1-7b733182336f",
                    "account": 123123106,
                    "duration": 20,
                    "date": "2025-05-21T17:46:50.001",
                    "used": 0,
                    "losses": 0,
                    "requests": 1,
                    "handler": "CTG"
                }
            ]
        }
    }
}