{
    "observation": {
        "previous_period_summary": {
            "cnt_percentage": 79.07,
            "cnt_requests": 34,
            "losses_percentage": 0.0,
            "losses_volume": 0
        },
        "current_period": {
            "phase_one": [
                {
                    "protocolSessionId": "c83b669a-2406-4339-8825-ee3806a943a2",
                    "account": 123123106,
                    "date": "2025-05-17T16:21:02.001",
                    "duration": 38381.0,
                    "used": 0,
                    "losses": 0,
                    "requests": 3,
                    "handler": "CNT"
                }
            ],
            "phase_two": [
                {
                    "protocolSessionId": "b8e429b0-1887-44ff-b69e-28d09f5da800",
                    "account": 123123106,
                    "duration": 20,
                    "date": "2025-05-18T03:48:38.001",
                    "used": 6048,
                    "losses": 0,
                    "requests": 2,
                    "handler": "CTG"
                },
                {
                    "protocolSessionId": "3eea74ae-fc24-4f2a-961b-c7d42c8220e7",
                    "account": 123123106,
                    "duration": 20,
                    "date": "2025-05-18T07:56:50.001",
                    "used": 29856455,
                    "losses": 0,
                    "requests": 2,
                    "handler": "CTG"
                },
                {
                    "protocolSessionId": "4bf13ae7-096d-4257-b095-c92c1201112d",
                    "account": 123123106,
                    "duration": 20,
                    "date": "2025-05-18T08:41:42.001",
                    "used": 66973830,
                    "losses": 0,
                    "requests": 2,
                    "handler": "CTG"
                },
                {
                    "protocolSessionId": "7db838a5-3c19-4c12-9e44-a7080153dd39",
                    "account": 123123106,
                    "duration": 20,
                    "date": "2025-05-18T08:44:09.001",
                    "used": 3,
                    "losses": 0,
                    "requests": 2,
                    "handler": "CTG"
                },
                {
                    "protocolSessionId": "41aa1234-e1d8-429e-bb28-d9b995574722",
                    "account": 123123106,
                    "duration": 20,
                    "date": "2025-05-18T09:13:33.001",
                    "used": 10559944,
                    "losses": 0,
                    "requests": 2,
                    "handler": "CTG"
                },
                {
                    "protocolSessionId": "0f0ce119-a70d-4a65-be78-d6076ee71cab",
                    "account": 123123106,
                    "duration": 20,
                    "date": "2025-05-18T11:51:34.001",
                    "used": 12546,
                    "losses": 0,
                    "requests": 2,
                    "handler": "CTG"
                },
                {
                    "protocolSessionId": "ff394192-5fbb-4080-9ad6-b7d93a8ec6e9",
                    "account": 123123106,
                    "duration": 20,
                    "date": "2025-05-18T21:48:49.001",
                    "used": 158828647,
                    "losses": 0,
                    "requests": 3,
                    "handler": "CTG"
                },
                {
                    "protocolSessionId": "f6f182a8-39f2-4a5d-801c-74d35dcc110b",
                    "account": 123123106,
                    "duration": 20,
                    "date": "2025-05-18T23:40:02.001",
                    "used": 10656,
                    "losses": 0,
                    "requests": 2,
                    "handler": "CTG"
                },
                {
                    "protocolSessionId": "480bcd9f-6375-4f71-abd6-dbd6d0e30c28",
                    "account": 123123106,
                    "duration": 20,
                    "date": "2025-05-18T23:40:38.001",
                    "used": 404652,
                    "losses": 0,
                    "requests": 2,
                    "handler": "CTG"
                },
                {
                    "protocolSessionId": "f52ee4b4-d9e7-4d30-99fb-dc5cd7d458dc",
                    "account": 123123106,
                    "duration": 20,
                    "date": "2025-05-19T09:23:38.001",
                    "used": 42153844,
                    "losses": 0,
                    "requests": 3,
                    "handler": "CTG"
                },
                {
                    "protocolSessionId": "5cb361a8-6d1e-46a8-8924-6a1b341b7531",
                    "account": 123123106,
                    "duration": 20,
                    "date": "2025-05-19T12:01:33.001",
                    "used": 79808,
                    "losses": 0,
                    "requests": 2,
                    "handler": "CTG"
                },
                {
                    "protocolSessionId": "5cc2b13f-18b1-453e-b764-8ac0f7e92319",
                    "account": 123123106,
                    "duration": 20,
                    "date": "2025-05-19T12:14:12.001",
                    "used": 141838828,
                    "losses": 0,
                    "requests": 4,
                    "handler": "CTG"
                },
                {
                    "protocolSessionId": "551cd496-3c41-4e60-9b1f-fe8747c6b0ba",
                    "account": 123123106,
                    "duration": 20,
                    "date": "2025-05-19T12:24:59.001",
                    "used": 1248263729,
                    "losses": 0,
                    "requests": 12,
                    "handler": "CTG"
                }
            ]
        }
    }
}