{
    "observation": {
        "previous_period_summary": {
            "cnt_percentage": 37.5,
            "cnt_requests": 3,
            "losses_percentage": 0.0,
            "losses_volume": 0
        },
        "current_period": {
            "phase_one": [
                {
                    "protocolSessionId": "743f510c-86c0-4eea-b4d9-70421b7e06c4",
                    "account": 123123106,
                    "date": "2025-05-05T07:45:13.001",
                    "duration": 15408286.314,
                    "used": 3031450,
                    "losses": 0,
                    "requests": 6,
                    "handler": "CNT"
                }
            ],
            "phase_two": [
                {
                    "protocolSessionId": "a7edf9f5-4a0a-482c-bf4d-ccb555e7ef28",
                    "account": 123123106,
                    "duration": 20,
                    "date": "2025-05-05T14:23:54.001",
                    "used": 14954520,
                    "losses": 0,
                    "requests": 2,
                    "handler": "CTG"
                },
                {
                    "protocolSessionId": "401be9f0-d200-4850-bd44-4ed0b8c709d7",
                    "account": 123123106,
                    "duration": 20,
                    "date": "2025-05-05T15:41:01.001",
                    "used": 0,
                    "losses": 0,
                    "requests": 1,
                    "handler": "CTG"
                },
                {
                    "protocolSessionId": "35430c16-4c23-4e3d-b487-51d5fcd04f84",
                    "account": 123123106,
                    "duration": 20,
                    "date": "2025-05-05T16:02:19.001",
                    "used": 0,
                    "losses": 0,
                    "requests": 1,
                    "handler": "CTG"
                },
                {
                    "protocolSessionId": "87843f92-8fa5-435c-9897-6dd6b5070547",
                    "account": 123123106,
                    "duration": 20,
                    "date": "2025-05-05T17:03:50.001",
                    "used": 85680,
                    "losses": 0,
                    "requests": 2,
                    "handler": "CTG"
                },
                {
                    "protocolSessionId": "6136344f-cdd7-4b52-912e-170c96e452eb",
                    "account": 123123106,
                    "duration": 20,
                    "date": "2025-05-05T17:06:35.001",
                    "used": 1933125,
                    "losses": 0,
                    "requests": 2,
                    "handler": "CTG"
                },
                {
                    "protocolSessionId": "1d0e35ca-97b7-4a7d-9669-dd273c81f168",
                    "account": 123123106,
                    "duration": 20,
                    "date": "2025-05-05T17:50:46.001",
                    "used": 111436882,
                    "losses": 0,
                    "requests": 2,
                    "handler": "CTG"
                },
                {
                    "protocolSessionId": "70d04a9f-6ec3-483b-a81f-339da7debe6a",
                    "account": 123123106,
                    "duration": 20,
                    "date": "2025-05-05T18:02:10.001",
                    "used": 36648,
                    "losses": 0,
                    "requests": 2,
                    "handler": "CTG"
                },
                {
                    "protocolSessionId": "1cc6213c-7efa-4a34-81ad-e252a08f2332",
                    "account": 123123106,
                    "duration": 20,
                    "date": "2025-05-05T23:49:27.001",
                    "used": 281010,
                    "losses": 0,
                    "requests": 2,
                    "handler": "CTG"
                },
                {
                    "protocolSessionId": "8270c845-b741-4c9b-bd34-3845a382debc",
                    "account": 123123106,
                    "duration": 20,
                    "date": "2025-05-06T02:56:20.001",
                    "used": 5761,
                    "losses": 0,
                    "requests": 2,
                    "handler": "CTG"
                },
                {
                    "protocolSessionId": "9ccd3790-5ef7-406c-ab62-6c5979b62537",
                    "account": 123123106,
                    "duration": 20,
                    "date": "2025-05-06T02:56:35.001",
                    "used": 0,
                    "losses": 0,
                    "requests": 1,
                    "handler": "CTG"
                },
                {
                    "protocolSessionId": "f65b070c-e6db-434b-9cbd-36f829ceb876",
                    "account": 123123106,
                    "duration": 20,
                    "date": "2025-05-06T07:39:17.001",
                    "used": 47662661,
                    "losses": 0,
                    "requests": 3,
                    "handler": "CTG"
                },
                {
                    "protocolSessionId": "bb862813-2606-4efe-867f-62f0dbb72cdd",
                    "account": 123123106,
                    "duration": 20,
                    "date": "2025-05-06T07:39:23.001",
                    "used": 0,
                    "losses": 0,
                    "requests": 1,
                    "handler": "CTG"
                },
                {
                    "protocolSessionId": "4a229abc-7eac-416a-bd51-5a8da4300e2c",
                    "account": 123123106,
                    "duration": 20,
                    "date": "2025-05-06T09:40:54.001",
                    "used": 44,
                    "losses": 0,
                    "requests": 2,
                    "handler": "CTG"
                },
                {
                    "protocolSessionId": "eac993b2-283d-4214-8ae5-17ea7891f5f7",
                    "account": 123123106,
                    "duration": 20,
                    "date": "2025-05-06T18:53:13.001",
                    "used": 354444028,
                    "losses": 0,
                    "requests": 3,
                    "handler": "CTG"
                },
                {
                    "protocolSessionId": "2bbdc14b-6fad-432c-8f0f-804d5c52e1cb",
                    "account": 123123106,
                    "duration": 20,
                    "date": "2025-05-06T22:40:51.001",
                    "used": 12,
                    "losses": 0,
                    "requests": 2,
                    "handler": "CTG"
                },
                {
                    "protocolSessionId": "e5e8bd6b-6fc2-4eef-83f4-96b2cd2194ae",
                    "account": 123123106,
                    "duration": 20,
                    "date": "2025-05-07T06:37:57.001",
                    "used": 307355148,
                    "losses": 0,
                    "requests": 6,
                    "handler": "CTG"
                },
                {
                    "protocolSessionId": "749035ea-0c6b-4c65-b677-d74f1503d327",
                    "account": 123123106,
                    "duration": 20,
                    "date": "2025-05-07T09:20:06.001",
                    "used": 307011872,
                    "losses": 0,
                    "requests": 2,
                    "handler": "CTG"
                },
                {
                    "protocolSessionId": "fbe90bb0-8639-43f6-b9d1-9f1825ec3a44",
                    "account": 123123106,
                    "duration": 20,
                    "date": "2025-05-07T09:50:45.001",
                    "used": 6966114,
                    "losses": 0,
                    "requests": 2,
                    "handler": "CTG"
                },
                {
                    "protocolSessionId": "63947f13-1768-4fc7-b6e3-c443874edbe1",
                    "account": 123123106,
                    "duration": 20,
                    "date": "2025-05-07T11:20:10.001",
                    "used": 143076930,
                    "losses": 0,
                    "requests": 2,
                    "handler": "CTG"
                },
                {
                    "protocolSessionId": "ee09e592-3120-4152-9613-02f979de1bb9",
                    "account": 123123106,
                    "duration": 20,
                    "date": "2025-05-07T12:34:44.001",
                    "used": 38935910,
                    "losses": 0,
                    "requests": 2,
                    "handler": "CTG"
                },
                {
                    "protocolSessionId": "a70cb3ef-b125-40c5-af17-01df16e83a69",
                    "account": 123123106,
                    "duration": 20,
                    "date": "2025-05-07T12:35:09.001",
                    "used": 0,
                    "losses": 0,
                    "requests": 1,
                    "handler": "CTG"
                },
                {
                    "protocolSessionId": "160513ce-a392-4e3e-a6e9-04a9a6e62d91",
                    "account": 123123106,
                    "duration": 20,
                    "date": "2025-05-07T12:36:33.001",
                    "used": 8,
                    "losses": 0,
                    "requests": 2,
                    "handler": "CTG"
                },
                {
                    "protocolSessionId": "7527dee0-1735-4a95-a9e4-9634a79770dc",
                    "account": 123123106,
                    "duration": 20,
                    "date": "2025-05-08T15:08:46.001",
                    "used": 114034797,
                    "losses": 0,
                    "requests": 4,
                    "handler": "CTG"
                },
                {
                    "protocolSessionId": "bbbae1f8-34c5-43f3-8ec0-e87da67a9eee",
                    "account": 123123106,
                    "duration": 20,
                    "date": "2025-05-08T18:42:11.001",
                    "used": 14081990,
                    "losses": 0,
                    "requests": 2,
                    "handler": "CTG"
                },
                {
                    "protocolSessionId": "9a6925ac-9b7d-4aaf-a608-70cc15324ce2",
                    "account": 123123106,
                    "duration": 20,
                    "date": "2025-05-08T19:07:39.001",
                    "used": 6710732,
                    "losses": 0,
                    "requests": 2,
                    "handler": "CTG"
                },
                {
                    "protocolSessionId": "0e8fdb56-fd3e-4a81-ab74-3e035e432fff",
                    "account": 123123106,
                    "duration": 20,
                    "date": "2025-05-08T23:35:31.001",
                    "used": 13345290,
                    "losses": 0,
                    "requests": 2,
                    "handler": "CTG"
                },
                {
                    "protocolSessionId": "fb9dfa5e-0a89-40b5-9859-ef06dbcc9dd7",
                    "account": 123123106,
                    "duration": 20,
                    "date": "2025-05-09T03:35:52.001",
                    "used": 225098301,
                    "losses": 0,
                    "requests": 3,
                    "handler": "CTG"
                },
                {
                    "protocolSessionId": "2129319a-317a-4747-b88e-e5a6d6d17fe9",
                    "account": 123123106,
                    "duration": 20,
                    "date": "2025-05-09T10:09:54.001",
                    "used": 7048,
                    "losses": 0,
                    "requests": 2,
                    "handler": "CTG"
                },
                {
                    "protocolSessionId": "799dd295-6514-4237-8318-2fbed28f7a65",
                    "account": 123123106,
                    "duration": 20,
                    "date": "2025-05-09T11:06:35.001",
                    "used": 221334311,
                    "losses": 0,
                    "requests": 3,
                    "handler": "CTG"
                },
                {
                    "protocolSessionId": "27ab6ea2-16a1-4259-80ba-d73ffcb6d9c1",
                    "account": 123123106,
                    "duration": 20,
                    "date": "2025-05-09T11:08:18.001",
                    "used": 133302,
                    "losses": 0,
                    "requests": 2,
                    "handler": "CTG"
                },
                {
                    "protocolSessionId": "80961783-10df-4c00-a61e-80d1ad63e423",
                    "account": 123123106,
                    "duration": 20,
                    "date": "2025-05-09T11:24:50.001",
                    "used": 133834194,
                    "losses": 0,
                    "requests": 3,
                    "handler": "CTG"
                },
                {
                    "protocolSessionId": "7c975e98-d54b-4b80-903f-bc93f4a30df7",
                    "account": 123123106,
                    "duration": 20,
                    "date": "2025-05-09T13:18:24.001",
                    "used": 10469,
                    "losses": 10469,
                    "requests": 2,
                    "handler": "CTG"
                },
                {
                    "protocolSessionId": "513b8317-4185-4b09-ab8b-2685afafa344",
                    "account": 123123106,
                    "duration": 20,
                    "date": "2025-05-09T13:29:40.001",
                    "used": 0,
                    "losses": 0,
                    "requests": 1,
                    "handler": "CTG"
                },
                {
                    "protocolSessionId": "6900f56b-1e86-41eb-8adb-ab02aab9b2f9",
                    "account": 123123106,
                    "duration": 20,
                    "date": "2025-05-10T03:21:49.001",
                    "used": 240696250,
                    "losses": 0,
                    "requests": 5,
                    "handler": "CTG"
                }
            ]
        }
    }
}