{
    "observation": {
        "previous_period_summary": {
            "cnt_percentage": 65.22,
            "cnt_requests": 15,
            "losses_percentage": 0.0,
            "losses_volume": 0
        },
        "current_period": {
            "phase_one": [
                {
                    "protocolSessionId": "3425e979-5d85-49bb-85ea-a62c5a141e3c",
                    "account": 123123106,
                    "date": "2025-05-21T06:47:02.001",
                    "duration": 2035.0,
                    "used": 2035,
                    "losses": 0,
                    "requests": 3,
                    "handler": "CNT"
                },
                {
                    "protocolSessionId": "8bd8085b-b35c-432f-adff-28cdc5ae0611",
                    "account": 123123106,
                    "date": "2025-05-21T07:22:24.001",
                    "duration": 7481.0,
                    "used": 104959702,
                    "losses": 0,
                    "requests": 6,
                    "handler": "CNT"
                }
            ],
            "phase_two": [
                {
                    "protocolSessionId": "2183e97e-78e8-498b-803e-dc296c8083bd",
                    "account": 123123106,
                    "duration": 20,
                    "date": "2025-05-21T09:38:53.001",
                    "used": 850688,
                    "losses": 0,
                    "requests": 2,
                    "handler": "CTG"
                },
                {
                    "protocolSessionId": "7c7e7d0b-5e45-45f7-bb15-fe804f82ca69",
                    "account": 123123106,
                    "duration": 20,
                    "date": "2025-05-21T11:22:54.001",
                    "used": 797808,
                    "losses": 0,
                    "requests": 2,
                    "handler": "CTG"
                }
            ]
        }
    }
}