{
    "observation": {
        "previous_period_summary": {
            "cnt_percentage": 56.25,
            "cnt_requests": 9,
            "losses_percentage": 0.0,
            "losses_volume": 0
        },
        "current_period": {
            "phase_one": [
                {
                    "protocolSessionId": "7bf9cc12-7bf0-4576-a467-ab8aaeccc447",
                    "account": 123123109,
                    "date": "2025-04-21T09:08:26.001",
                    "duration": 741.0,
                    "used": 15561,
                    "losses": 0,
                    "requests": 3,
                    "handler": "CNT"
                },
                {
                    "protocolSessionId": "e8f01984-ba75-44cb-b066-12252c081fa3",
                    "account": 123123109,
                    "date": "2025-04-21T13:13:35.001",
                    "duration": 705.0,
                    "used": 21150,
                    "losses": 0,
                    "requests": 3,
                    "handler": "CNT"
                },
                {
                    "protocolSessionId": "a025c95f-8396-4b77-9eba-c4ad4d6f1354",
                    "account": 123123109,
                    "date": "2025-04-21T13:38:28.001",
                    "duration": 45037.0,
                    "used": 105364852,
                    "losses": 0,
                    "requests": 6,
                    "handler": "CNT"
                }
            ],
            "phase_two": [
                {
                    "protocolSessionId": "f97b096c-6481-4e4f-8caf-8af006a0ac96",
                    "account": 123123109,
                    "duration": 20,
                    "date": "2025-04-21T14:08:55.001",
                    "used": 33133,
                    "losses": 0,
                    "requests": 2,
                    "handler": "CTG"
                },
                {
                    "protocolSessionId": "ff7039d1-d332-4bd2-a08c-9cd681f5f205",
                    "account": 123123109,
                    "duration": 20,
                    "date": "2025-04-22T01:45:01.001",
                    "used": 156464,
                    "losses": 0,
                    "requests": 2,
                    "handler": "CTG"
                }
            ]
        }
    }
}