{
    "observation": {
        "previous_period_summary": {
            "cnt_percentage": 75.0,
            "cnt_requests": 6,
            "losses_percentage": 0.0,
            "losses_volume": 0
        },
        "current_period": {
            "phase_one": [
                {
                    "protocolSessionId": "e5e7558c-f19a-4a63-9a7b-698b22e75fd6",
                    "account": 123123109,
                    "date": "2025-04-09T05:06:32.001",
                    "duration": 72276.0,
                    "used": 104929699,
                    "losses": 0,
                    "requests": 6,
                    "handler": "CNT"
                },
                {
                    "protocolSessionId": "0b208d44-80b7-4ee8-ab90-143f50416e49",
                    "account": 123123109,
                    "date": "2025-04-09T05:52:15.001",
                    "duration": 7573.0,
                    "used": 105651724,
                    "losses": 0,
                    "requests": 6,
                    "handler": "CNT"
                },
                {
                    "protocolSessionId": "c3d45050-cccd-48e0-847f-dbb3c5e338b1",
                    "account": 123123109,
                    "date": "2025-04-09T20:39:44.001",
                    "duration": 432253.0,
                    "used": 319287059,
                    "losses": 0,
                    "requests": 15,
                    "handler": "CNT"
                },
                {
                    "protocolSessionId": "b4525112-b6ae-476c-ab8c-c135249456a4",
                    "account": 123123109,
                    "date": "2025-04-10T07:17:01.001",
                    "duration": 543.0,
                    "used": 106531248,
                    "losses": 0,
                    "requests": 6,
                    "handler": "CNT"
                }
            ],
            "phase_two": [
                {
                    "protocolSessionId": "be713d45-deaf-4553-bea7-f114d9bb76e6",
                    "account": 123123109,
                    "duration": 20,
                    "date": "2025-04-10T08:07:26.001",
                    "used": 1496705868,
                    "losses": 0,
                    "requests": 4,
                    "handler": "CTG"
                },
                {
                    "protocolSessionId": "7b5c98cd-358b-4480-988b-8dbeb32d076f",
                    "account": 123123109,
                    "duration": 20,
                    "date": "2025-04-10T09:42:24.001",
                    "used": 540337871,
                    "losses": 0,
                    "requests": 3,
                    "handler": "CTG"
                }
            ]
        }
    }
}