{
    "observation": {
        "previous_period_summary": {
            "cnt_percentage": 45.45,
            "cnt_requests": 45,
            "losses_percentage": 0.0,
            "losses_volume": 0
        },
        "current_period": {
            "phase_one": [
                {
                    "protocolSessionId": "6e8e9a5b-7620-4b59-a78b-8c16e8abf288",
                    "account": 123123109,
                    "date": "2025-04-27T05:28:54.001",
                    "duration": 780.0,
                    "used": 104921144,
                    "losses": 0,
                    "requests": 6,
                    "handler": "CNT"
                }
            ],
            "phase_two": [
                {
                    "protocolSessionId": "e70f36c3-dc5e-4e2f-8fba-5593865c4beb",
                    "account": 123123109,
                    "duration": 20,
                    "date": "2025-04-27T09:18:00.001",
                    "used": 207690,
                    "losses": 0,
                    "requests": 2,
                    "handler": "CTG"
                },
                {
                    "protocolSessionId": "dcf5351f-a9cc-4ae1-8cf7-86c81a098f22",
                    "account": 123123109,
                    "duration": 20,
                    "date": "2025-04-27T17:28:22.001",
                    "used": 0,
                    "losses": 0,
                    "requests": 1,
                    "handler": "CTG"
                },
                {
                    "protocolSessionId": "54278c3d-b1cb-4166-b7ff-b76e48059002",
                    "account": 123123109,
                    "duration": 20,
                    "date": "2025-04-27T21:04:08.001",
                    "used": 230285,
                    "losses": 0,
                    "requests": 2,
                    "handler": "CTG"
                }
            ]
        }
    }
}