{
    "observation": {
        "previous_period_summary": {
            "cnt_percentage": 60.0,
            "cnt_requests": 3,
            "losses_percentage": 0.0,
            "losses_volume": 0
        },
        "current_period": {
            "phase_one": [
                {
                    "protocolSessionId": "6ff945a8-4492-400c-81a5-b89efe6dffaf",
                    "account": 123123109,
                    "date": "2025-03-09T22:29:36.001",
                    "duration": 51801.0,
                    "used": 121345753,
                    "losses": 0,
                    "requests": 6,
                    "handler": "CNT"
                },
                {
                    "protocolSessionId": "1344ac8b-7d5c-40e7-89ba-f81a8495547c",
                    "account": 123123109,
                    "date": "2025-03-10T08:36:27.001",
                    "duration": 3143.0,
                    "used": 807751,
                    "losses": 0,
                    "requests": 3,
                    "handler": "CNT"
                }
            ],
            "phase_two": [
                {
                    "protocolSessionId": "5c588487-ca27-4fd8-8e70-e929dd8d75a6",
                    "account": 123123109,
                    "duration": 20,
                    "date": "2025-03-10T10:32:11.001",
                    "used": 8313678,
                    "losses": 0,
                    "requests": 2,
                    "handler": "CTG"
                },
                {
                    "protocolSessionId": "6926fe0a-3d28-40bf-9a45-a8652fa46cb4",
                    "account": 123123109,
                    "duration": 20,
                    "date": "2025-03-10T10:34:53.001",
                    "used": 240549862,
                    "losses": 0,
                    "requests": 3,
                    "handler": "CTG"
                }
            ]
        }
    }
}