{
    "observation": {
        "previous_period_summary": {
            "cnt_percentage": 33.33,
            "cnt_requests": 3,
            "losses_percentage": 0.0,
            "losses_volume": 0
        },
        "current_period": {
            "phase_one": [
                {
                    "protocolSessionId": "fddfa783-1bc8-4504-ae6c-9915e4c90aba",
                    "account": 123123109,
                    "date": "2025-03-01T22:09:32.001",
                    "duration": 72698.0,
                    "used": 104857600,
                    "losses": 0,
                    "requests": 6,
                    "handler": "CNT"
                },
                {
                    "protocolSessionId": "7aa8d019-c997-4a75-b6c7-a7c1f98e262d",
                    "account": 123123109,
                    "date": "2025-03-02T04:46:21.001",
                    "duration": 48247.0,
                    "used": 295857131,
                    "losses": 0,
                    "requests": 10,
                    "handler": "CNT"
                },
                {
                    "protocolSessionId": "0cbfb7ad-6b8c-48cc-ac72-9550069e250a",
                    "account": 123123109,
                    "date": "2025-03-02T11:13:48.001",
                    "duration": 11.0,
                    "used": 3499551,
                    "losses": 0,
                    "requests": 3,
                    "handler": "CNT"
                },
                {
                    "protocolSessionId": "98bfd31d-af78-4189-bb00-00a5df177ef1",
                    "account": 123123109,
                    "date": "2025-03-03T03:32:55.001",
                    "duration": 9564.0,
                    "used": 76512,
                    "losses": 0,
                    "requests": 3,
                    "handler": "CNT"
                }
            ],
            "phase_two": [
                {
                    "protocolSessionId": "6b19f301-48d6-407e-9831-789ccdaa5c0e",
                    "account": 123123109,
                    "duration": 20,
                    "date": "2025-03-03T06:45:08.001",
                    "used": 114689271,
                    "losses": 0,
                    "requests": 2,
                    "handler": "CTG"
                },
                {
                    "protocolSessionId": "d9945daa-46da-4ec0-8128-11a6a4dee6ed",
                    "account": 123123109,
                    "duration": 20,
                    "date": "2025-03-03T16:16:03.001",
                    "used": 258572720,
                    "losses": 0,
                    "requests": 2,
                    "handler": "CTG"
                },
                {
                    "protocolSessionId": "6e4bd208-8cd6-4b0e-b4e8-bed510185fb7",
                    "account": 123123109,
                    "duration": 20,
                    "date": "2025-03-03T17:56:24.001",
                    "used": 471706688,
                    "losses": 0,
                    "requests": 3,
                    "handler": "CTG"
                },
                {
                    "protocolSessionId": "76e6af50-4417-4335-83cb-955d9eff5f73",
                    "account": 123123109,
                    "duration": 20,
                    "date": "2025-03-04T04:17:10.001",
                    "used": 27768840,
                    "losses": 0,
                    "requests": 2,
                    "handler": "CTG"
                },
                {
                    "protocolSessionId": "708e0dcc-4924-47de-b84f-3c082c3da187",
                    "account": 123123109,
                    "duration": 20,
                    "date": "2025-03-04T04:28:24.001",
                    "used": 167,
                    "losses": 0,
                    "requests": 2,
                    "handler": "CTG"
                },
                {
                    "protocolSessionId": "0a907487-7e09-4acf-8623-0241986a2e9e",
                    "account": 123123109,
                    "duration": 20,
                    "date": "2025-03-04T07:07:11.001",
                    "used": 12069442,
                    "losses": 0,
                    "requests": 2,
                    "handler": "CTG"
                },
                {
                    "protocolSessionId": "71ad2e08-0db3-4458-906b-d5b8a39f35b5",
                    "account": 123123109,
                    "duration": 20,
                    "date": "2025-03-04T09:48:59.001",
                    "used": 890286989,
                    "losses": 0,
                    "requests": 4,
                    "handler": "CTG"
                },
                {
                    "protocolSessionId": "35b51645-a0ba-49d0-a7d6-93a03b6aff73",
                    "account": 123123109,
                    "duration": 20,
                    "date": "2025-03-04T17:31:14.001",
                    "used": 336549288,
                    "losses": 0,
                    "requests": 3,
                    "handler": "CTG"
                },
                {
                    "protocolSessionId": "6a64e6d4-47a1-4b97-b9a9-eff57ccda7d6",
                    "account": 123123109,
                    "duration": 20,
                    "date": "2025-03-04T21:18:41.001",
                    "used": 90763829,
                    "losses": 0,
                    "requests": 2,
                    "handler": "CTG"
                },
                {
                    "protocolSessionId": "b432f73c-bf66-4574-964d-1a7c5fbdcf1e",
                    "account": 123123109,
                    "duration": 20,
                    "date": "2025-03-04T22:59:14.001",
                    "used": 177981,
                    "losses": 0,
                    "requests": 2,
                    "handler": "CTG"
                }
            ]
        }
    }
}