{
    "observation": {
        "previous_period_summary": {
            "cnt_percentage": 72.06,
            "cnt_requests": 49,
            "losses_percentage": 0.0,
            "losses_volume": 0
        },
        "current_period": {
            "phase_one": [
                {
                    "protocolSessionId": "b9f9067b-a17b-4fb0-b965-81135026c01f",
                    "account": 123123109,
                    "date": "2025-04-09T02:03:21.001",
                    "duration": 11497.0,
                    "used": 104880414,
                    "losses": 0,
                    "requests": 6,
                    "handler": "CNT"
                }
            ],
            "phase_two": [
                {
                    "protocolSessionId": "3bbf102b-8dc9-494e-8553-10f782340174",
                    "account": 123123109,
                    "duration": 20,
                    "date": "2025-04-09T03:17:29.001",
                    "used": 121403205,
                    "losses": 0,
                    "requests": 2,
                    "handler": "CTG"
                }
            ]
        }
    }
}