{
    "observation": {
        "previous_period_summary": {
            "cnt_percentage": 55.56,
            "cnt_requests": 10,
            "losses_percentage": 0.0,
            "losses_volume": 0
        },
        "current_period": {
            "phase_one": [
                {
                    "protocolSessionId": "74a0421b-3654-4887-bac2-28f7dd281dfa",
                    "account": 123123109,
                    "date": "2025-04-29T21:44:20.001",
                    "duration": 223.0,
                    "used": 7582,
                    "losses": 0,
                    "requests": 3,
                    "handler": "CNT"
                },
                {
                    "protocolSessionId": "d7732e7e-959f-48b3-a50c-79d56aa1948d",
                    "account": 123123109,
                    "date": "2025-04-29T22:32:55.001",
                    "duration": 2.0,
                    "used": 1233782,
                    "losses": 0,
                    "requests": 3,
                    "handler": "CNT"
                },
                {
                    "protocolSessionId": "bb22175d-ba49-4d3c-8070-620ae930af7b",
                    "account": 123123109,
                    "date": "2025-04-29T22:33:06.001",
                    "duration": 1.0,
                    "used": 631910,
                    "losses": 0,
                    "requests": 3,
                    "handler": "CNT"
                },
                {
                    "protocolSessionId": "45a50294-d8d1-4dba-9949-c292ed633fdb",
                    "account": 123123109,
                    "date": "2025-04-29T23:21:58.001",
                    "duration": 7241.0,
                    "used": 21809892,
                    "losses": 0,
                    "requests": 3,
                    "handler": "CNT"
                },
                {
                    "protocolSessionId": "b55d8dd3-1e45-46da-8b5b-626bd95a4f1f",
                    "account": 123123109,
                    "date": "2025-04-30T04:18:59.001",
                    "duration": 4546.0,
                    "used": 73658838,
                    "losses": 0,
                    "requests": 3,
                    "handler": "CNT"
                },
                {
                    "protocolSessionId": "62c61780-6e84-4070-a4e6-e172655008da",
                    "account": 123123109,
                    "date": "2025-04-30T05:36:58.001",
                    "duration": 7589.0,
                    "used": 212496866,
                    "losses": 0,
                    "requests": 10,
                    "handler": "CNT"
                },
                {
                    "protocolSessionId": "4f2e6991-8db4-4f15-8b18-6b3dd5a94b26",
                    "account": 123123109,
                    "date": "2025-04-30T06:11:53.001",
                    "duration": 2979.0,
                    "used": 640485,
                    "losses": 0,
                    "requests": 3,
                    "handler": "CNT"
                }
            ],
            "phase_two": [
                {
                    "protocolSessionId": "3f538946-4cda-4ac1-ac95-2708f7d0084a",
                    "account": 123123109,
                    "duration": 20,
                    "date": "2025-04-30T06:33:29.001",
                    "used": 337312126,
                    "losses": 0,
                    "requests": 4,
                    "handler": "CTG"
                },
                {
                    "protocolSessionId": "468787c0-7ead-4903-ae76-a498f248e4a2",
                    "account": 123123109,
                    "duration": 20,
                    "date": "2025-04-30T07:04:25.001",
                    "used": 150186432,
                    "losses": 0,
                    "requests": 2,
                    "handler": "CTG"
                },
                {
                    "protocolSessionId": "0e0843b4-ae40-42b9-9fc8-d4cfe799513d",
                    "account": 123123109,
                    "duration": 20,
                    "date": "2025-04-30T11:25:41.001",
                    "used": 2216052,
                    "losses": 0,
                    "requests": 2,
                    "handler": "CTG"
                }
            ]
        }
    }
}