{
    "observation": {
        "previous_period_summary": {
            "cnt_percentage": 69.23,
            "cnt_requests": 9,
            "losses_percentage": 0.0,
            "losses_volume": 0
        },
        "current_period": {
            "phase_one": [
                {
                    "protocolSessionId": "9233fa50-de7e-44d8-b252-9461fe8c842a",
                    "account": 123123109,
                    "date": "2025-03-23T08:45:08.001",
                    "duration": 54286.0,
                    "used": 203376238,
                    "losses": 0,
                    "requests": 6,
                    "handler": "CNT"
                },
                {
                    "protocolSessionId": "b52282d2-884b-4c6c-9cc3-a341bc24c70e",
                    "account": 123123109,
                    "date": "2025-03-23T22:50:29.001",
                    "duration": 3.0,
                    "used": 8371410,
                    "losses": 0,
                    "requests": 3,
                    "handler": "CNT"
                },
                {
                    "protocolSessionId": "1afdc7d1-a3c7-4e65-9710-94ea80640cec",
                    "account": 123123109,
                    "date": "2025-03-23T22:51:32.001",
                    "duration": 6667.0,
                    "used": 104988079,
                    "losses": 0,
                    "requests": 6,
                    "handler": "CNT"
                },
                {
                    "protocolSessionId": "33ce0c61-57dc-42f1-b5a6-6324f16a8acd",
                    "account": 123123109,
                    "date": "2025-03-24T02:13:47.001",
                    "duration": 225.0,
                    "used": 868500,
                    "losses": 0,
                    "requests": 3,
                    "handler": "CNT"
                },
                {
                    "protocolSessionId": "ec680e33-e88f-40dd-ac6f-c0ac2ce1ca8b",
                    "account": 123123109,
                    "date": "2025-03-24T02:38:14.001",
                    "duration": 84252.0,
                    "used": 107046930,
                    "losses": 0,
                    "requests": 6,
                    "handler": "CNT"
                }
            ],
            "phase_two": [
                {
                    "protocolSessionId": "b74b0be2-1263-4184-948d-82d67bce6624",
                    "account": 123123109,
                    "duration": 20,
                    "date": "2025-03-24T02:55:31.001",
                    "used": 74711278,
                    "losses": 0,
                    "requests": 2,
                    "handler": "CTG"
                }
            ]
        }
    }
}