{
    "observation": {
        "previous_period_summary": {
            "cnt_percentage": 85.71,
            "cnt_requests": 12,
            "losses_percentage": 0.0,
            "losses_volume": 0
        },
        "current_period": {
            "phase_one": [
                {
                    "protocolSessionId": "ac352c5d-07d5-4821-9f70-5e221f6d9b12",
                    "account": 123123109,
                    "date": "2025-04-03T01:51:26.001",
                    "duration": 3675.0,
                    "used": 10051125,
                    "losses": 0,
                    "requests": 3,
                    "handler": "CNT"
                }
            ],
            "phase_two": [
                {
                    "protocolSessionId": "043e0b2a-7e5c-40bf-8937-de03226d1850",
                    "account": 123123109,
                    "duration": 20,
                    "date": "2025-04-03T10:12:32.001",
                    "used": 908023612,
                    "losses": 0,
                    "requests": 5,
                    "handler": "CTG"
                },
                {
                    "protocolSessionId": "9dcf0cfd-385a-42e1-8be5-ff215774fd3f",
                    "account": 123123109,
                    "duration": 20,
                    "date": "2025-04-03T12:00:03.001",
                    "used": 163527409,
                    "losses": 0,
                    "requests": 3,
                    "handler": "CTG"
                },
                {
                    "protocolSessionId": "377cbfda-a4c1-47e2-ae75-6a139a68688f",
                    "account": 123123109,
                    "duration": 20,
                    "date": "2025-04-04T00:24:47.001",
                    "used": 40806,
                    "losses": 0,
                    "requests": 2,
                    "handler": "CTG"
                },
                {
                    "protocolSessionId": "c6d5c864-bd85-458f-ab71-a1c0cecd9f17",
                    "account": 123123109,
                    "duration": 20,
                    "date": "2025-04-04T00:28:04.001",
                    "used": 247681,
                    "losses": 0,
                    "requests": 2,
                    "handler": "CTG"
                },
                {
                    "protocolSessionId": "817b9836-2833-4629-bb32-1b3caa0c10af",
                    "account": 123123109,
                    "duration": 20,
                    "date": "2025-04-04T00:34:56.001",
                    "used": 6588,
                    "losses": 0,
                    "requests": 2,
                    "handler": "CTG"
                },
                {
                    "protocolSessionId": "4ade5ee0-92c3-48c9-865e-da7df0f90cc2",
                    "account": 123123109,
                    "duration": 20,
                    "date": "2025-04-04T02:09:28.001",
                    "used": 1202312338,
                    "losses": 0,
                    "requests": 5,
                    "handler": "CTG"
                }
            ]
        }
    }
}