{
    "observation": {
        "previous_period_summary": {
            "cnt_percentage": 93.94,
            "cnt_requests": 31,
            "losses_percentage": 0.0,
            "losses_volume": 0
        },
        "current_period": {
            "phase_one": [
                {
                    "protocolSessionId": "1633e38e-b468-4695-8ae5-73030cd16318",
                    "account": 123123109,
                    "date": "2025-05-02T06:34:31.001",
                    "duration": 44938.0,
                    "used": 5392560,
                    "losses": 0,
                    "requests": 3,
                    "handler": "CNT"
                }
            ],
            "phase_two": [
                {
                    "protocolSessionId": "8221dc6a-60a9-40c9-b378-459f8a4b6bb9",
                    "account": 123123109,
                    "duration": 20,
                    "date": "2025-05-02T11:09:41.001",
                    "used": 26584,
                    "losses": 0,
                    "requests": 2,
                    "handler": "CTG"
                }
            ]
        }
    }
}