{
    "observation": {
        "previous_period_summary": {
            "cnt_percentage": 60.0,
            "cnt_requests": 3,
            "losses_percentage": 0.0,
            "losses_volume": 0
        },
        "current_period": {
            "phase_one": [
                {
                    "protocolSessionId": "71876096-8ca2-4f92-82cc-342c42e674ba",
                    "account": 123123109,
                    "date": "2025-05-02T20:17:00.001",
                    "duration": 2619.0,
                    "used": 18333,
                    "losses": 0,
                    "requests": 3,
                    "handler": "CNT"
                }
            ],
            "phase_two": [
                {
                    "protocolSessionId": "1da7fc50-5c00-40e1-a5cc-ee7e5a40e2a0",
                    "account": 123123109,
                    "duration": 20,
                    "date": "2025-05-02T20:43:53.001",
                    "used": 13902525,
                    "losses": 0,
                    "requests": 2,
                    "handler": "CTG"
                }
            ]
        }
    }
}