{
    "observation": {
        "previous_period_summary": {
            "cnt_percentage": 75.0,
            "cnt_requests": 6,
            "losses_percentage": 0.0,
            "losses_volume": 0
        },
        "current_period": {
            "phase_one": [
                {
                    "protocolSessionId": "4eff31b4-dd6d-4f34-aa5e-e6ce776801fb",
                    "account": 123123109,
                    "date": "2025-03-16T14:09:21.001",
                    "duration": 10581.0,
                    "used": 10581,
                    "losses": 0,
                    "requests": 3,
                    "handler": "CNT"
                },
                {
                    "protocolSessionId": "b4c93eb6-e97f-4f05-a582-74aa1c74b8c6",
                    "account": 123123109,
                    "date": "2025-03-16T17:05:59.001",
                    "duration": 1.0,
                    "used": 4999,
                    "losses": 0,
                    "requests": 3,
                    "handler": "CNT"
                },
                {
                    "protocolSessionId": "cb184a15-c350-46a9-badb-0ab12cf36fc6",
                    "account": 123123109,
                    "date": "2025-03-16T17:13:08.001",
                    "duration": 22529.0,
                    "used": 315216885,
                    "losses": 0,
                    "requests": 15,
                    "handler": "CNT"
                },
                {
                    "protocolSessionId": "fc292820-cd4e-45db-a918-2f3aceac99d2",
                    "account": 123123109,
                    "date": "2025-03-17T00:45:18.001",
                    "duration": 3315.0,
                    "used": 16575,
                    "losses": 0,
                    "requests": 3,
                    "handler": "CNT"
                },
                {
                    "protocolSessionId": "1d26cca4-ce05-4d46-bdd4-825310388696",
                    "account": 123123109,
                    "date": "2025-03-17T01:40:51.001",
                    "duration": 3130.0,
                    "used": 67385770,
                    "losses": 0,
                    "requests": 3,
                    "handler": "CNT"
                }
            ],
            "phase_two": [
                {
                    "protocolSessionId": "15da708a-2493-4238-bbb6-afa22f6ad57f",
                    "account": 123123109,
                    "duration": 20,
                    "date": "2025-03-17T05:52:27.001",
                    "used": 0,
                    "losses": 0,
                    "requests": 1,
                    "handler": "CTG"
                },
                {
                    "protocolSessionId": "809c7c16-427f-4456-b60c-a35c2f8ad340",
                    "account": 123123109,
                    "duration": 20,
                    "date": "2025-03-17T06:00:34.001",
                    "used": 0,
                    "losses": 0,
                    "requests": 1,
                    "handler": "CTG"
                },
                {
                    "protocolSessionId": "9bec071c-db7e-45a5-9eed-800a7f29c17f",
                    "account": 123123109,
                    "duration": 20,
                    "date": "2025-03-17T06:03:20.001",
                    "used": 62720,
                    "losses": 0,
                    "requests": 2,
                    "handler": "CTG"
                },
                {
                    "protocolSessionId": "56e7d0ec-7622-4db9-bc6c-3d30ac9866a0",
                    "account": 123123109,
                    "duration": 20,
                    "date": "2025-03-17T08:23:57.001",
                    "used": 8490150,
                    "losses": 0,
                    "requests": 2,
                    "handler": "CTG"
                }
            ]
        }
    }
}