{
    "observation": {
        "previous_period_summary": {
            "cnt_percentage": 11.54,
            "cnt_requests": 3,
            "losses_percentage": 0.0,
            "losses_volume": 0
        },
        "current_period": {
            "phase_one": [
                {
                    "protocolSessionId": "80c710db-d373-4c89-8a3a-7dbba3b03894",
                    "account": 123123109,
                    "date": "2025-04-23T08:45:08.001",
                    "duration": 16064.0,
                    "used": 1831296,
                    "losses": 0,
                    "requests": 3,
                    "handler": "CNT"
                }
            ],
            "phase_two": [
                {
                    "protocolSessionId": "0c8ddc45-e28b-48a8-a592-0fcd2ba871d3",
                    "account": 123123109,
                    "duration": 20,
                    "date": "2025-04-23T12:56:45.001",
                    "used": 5261373,
                    "losses": 0,
                    "requests": 2,
                    "handler": "CTG"
                },
                {
                    "protocolSessionId": "f245464f-4ada-473b-8027-b1c6f2e8561d",
                    "account": 123123109,
                    "duration": 20,
                    "date": "2025-04-23T13:03:26.001",
                    "used": 16223405,
                    "losses": 0,
                    "requests": 2,
                    "handler": "CTG"
                }
            ]
        }
    }
}