{
    "observation": {
        "previous_period_summary": {
            "cnt_percentage": 60.0,
            "cnt_requests": 3,
            "losses_percentage": 0.0,
            "losses_volume": 0
        },
        "current_period": {
            "phase_one": [
                {
                    "protocolSessionId": "54b0a332-5566-4a60-8a96-4212151879e8",
                    "account": 123123109,
                    "date": "2025-05-02T22:50:15.001",
                    "duration": 1589.0,
                    "used": 25384275,
                    "losses": 0,
                    "requests": 3,
                    "handler": "CNT"
                },
                {
                    "protocolSessionId": "93672a14-c4d5-43b1-bcf4-3645277d8fe4",
                    "account": 123123109,
                    "date": "2025-05-02T23:27:23.001",
                    "duration": 146894.0,
                    "used": 108230573,
                    "losses": 0,
                    "requests": 6,
                    "handler": "CNT"
                },
                {
                    "protocolSessionId": "066fdef3-d933-4da7-89bc-116509ae0072",
                    "account": 123123109,
                    "date": "2025-05-03T00:03:10.001",
                    "duration": 76709.0,
                    "used": 153485590,
                    "losses": 0,
                    "requests": 6,
                    "handler": "CNT"
                }
            ],
            "phase_two": [
                {
                    "protocolSessionId": "ddb8bf4e-dc7c-494e-9f42-963f800d2620",
                    "account": 123123109,
                    "duration": 20,
                    "date": "2025-05-03T00:33:41.001",
                    "used": 31971,
                    "losses": 0,
                    "requests": 2,
                    "handler": "CTG"
                },
                {
                    "protocolSessionId": "974f81ef-3638-4834-ad88-f7674fe4aa08",
                    "account": 123123109,
                    "duration": 20,
                    "date": "2025-05-03T01:52:10.001",
                    "used": 105070,
                    "losses": 0,
                    "requests": 2,
                    "handler": "CTG"
                },
                {
                    "protocolSessionId": "a9d25a06-18be-452c-aa95-c5418930f804",
                    "account": 123123109,
                    "duration": 20,
                    "date": "2025-05-03T09:35:16.001",
                    "used": 120885290,
                    "losses": 0,
                    "requests": 3,
                    "handler": "CTG"
                },
                {
                    "protocolSessionId": "97a1319e-9f66-4339-8822-76a0d5ef368d",
                    "account": 123123109,
                    "duration": 20,
                    "date": "2025-05-03T09:50:24.001",
                    "used": 13115888,
                    "losses": 0,
                    "requests": 2,
                    "handler": "CTG"
                }
            ]
        }
    }
}