{
    "observation": {
        "previous_period_summary": {
            "cnt_percentage": 13.64,
            "cnt_requests": 3,
            "losses_percentage": 0.0,
            "losses_volume": 0
        },
        "current_period": {
            "phase_one": [
                {
                    "protocolSessionId": "53128dc8-87f7-4248-a3a6-7407dde20d6a",
                    "account": 123123109,
                    "date": "2025-04-04T05:09:11.001",
                    "duration": 1200.0,
                    "used": 104859472,
                    "losses": 0,
                    "requests": 6,
                    "handler": "CNT"
                },
                {
                    "protocolSessionId": "652aa5aa-df92-4eec-9743-2d5d68269766",
                    "account": 123123109,
                    "date": "2025-04-04T05:31:47.001",
                    "duration": 912.0,
                    "used": 217617660,
                    "losses": 0,
                    "requests": 10,
                    "handler": "CNT"
                },
                {
                    "protocolSessionId": "b01baa8b-c39a-4c0f-836b-fc8976783e24",
                    "account": 123123109,
                    "date": "2025-04-04T05:47:06.001",
                    "duration": 10337.0,
                    "used": 107520061,
                    "losses": 0,
                    "requests": 6,
                    "handler": "CNT"
                },
                {
                    "protocolSessionId": "865dfc7f-5bed-4ebd-a11a-feebcfd0725f",
                    "account": 123123109,
                    "date": "2025-04-04T11:36:58.001",
                    "duration": 51.0,
                    "used": 72879,
                    "losses": 0,
                    "requests": 3,
                    "handler": "CNT"
                },
                {
                    "protocolSessionId": "c9e293de-8cde-4487-a39b-59585a9cecc4",
                    "account": 123123109,
                    "date": "2025-04-04T11:38:56.001",
                    "duration": 3.0,
                    "used": 304149,
                    "losses": 0,
                    "requests": 3,
                    "handler": "CNT"
                },
                {
                    "protocolSessionId": "d86d013d-a1ed-4ba9-8889-c48350f01943",
                    "account": 123123109,
                    "date": "2025-04-04T11:39:01.001",
                    "duration": 6.0,
                    "used": 990,
                    "losses": 0,
                    "requests": 3,
                    "handler": "CNT"
                }
            ],
            "phase_two": [
                {
                    "protocolSessionId": "4e331c32-d147-4af8-86e1-aba93492b30e",
                    "account": 123123109,
                    "duration": 20,
                    "date": "2025-04-04T11:44:08.001",
                    "used": 20881,
                    "losses": 0,
                    "requests": 2,
                    "handler": "CTG"
                },
                {
                    "protocolSessionId": "aa8811aa-023f-491c-9dec-b5bc85afbb22",
                    "account": 123123109,
                    "duration": 20,
                    "date": "2025-04-04T11:44:13.001",
                    "used": 18,
                    "losses": 0,
                    "requests": 2,
                    "handler": "CTG"
                },
                {
                    "protocolSessionId": "3310d02e-825b-42ef-9171-b376bd0e8c0e",
                    "account": 123123109,
                    "duration": 20,
                    "date": "2025-04-04T11:45:04.001",
                    "used": 26206550,
                    "losses": 0,
                    "requests": 2,
                    "handler": "CTG"
                },
                {
                    "protocolSessionId": "1f406565-1eeb-4d5a-bd81-07c689ed4572",
                    "account": 123123109,
                    "duration": 20,
                    "date": "2025-04-04T14:27:15.001",
                    "used": 379961538,
                    "losses": 0,
                    "requests": 3,
                    "handler": "CTG"
                },
                {
                    "protocolSessionId": "7eb78718-4f04-4c64-ba2d-8a93b5847426",
                    "account": 123123109,
                    "duration": 20,
                    "date": "2025-04-04T14:36:53.001",
                    "used": 1470,
                    "losses": 0,
                    "requests": 2,
                    "handler": "CTG"
                },
                {
                    "protocolSessionId": "344fc41a-a824-4b7f-823a-d8b1f06c414b",
                    "account": 123123109,
                    "duration": 20,
                    "date": "2025-04-04T15:00:11.001",
                    "used": 43416,
                    "losses": 0,
                    "requests": 2,
                    "handler": "CTG"
                },
                {
                    "protocolSessionId": "df517cf7-569f-4a14-b0b5-d25b11755a9b",
                    "account": 123123109,
                    "duration": 20,
                    "date": "2025-04-04T15:09:15.001",
                    "used": 78,
                    "losses": 0,
                    "requests": 2,
                    "handler": "CTG"
                },
                {
                    "protocolSessionId": "edb3a4eb-f5e1-41c3-8535-34e0818a5835",
                    "account": 123123109,
                    "duration": 20,
                    "date": "2025-04-04T15:33:40.001",
                    "used": 81982691,
                    "losses": 0,
                    "requests": 2,
                    "handler": "CTG"
                },
                {
                    "protocolSessionId": "e01490b9-b058-4f5d-94c4-b3815af8e60d",
                    "account": 123123109,
                    "duration": 20,
                    "date": "2025-04-04T15:35:37.001",
                    "used": 22176,
                    "losses": 0,
                    "requests": 2,
                    "handler": "CTG"
                },
                {
                    "protocolSessionId": "06c78816-a21a-4b77-a963-e211293962d8",
                    "account": 123123109,
                    "duration": 20,
                    "date": "2025-04-04T16:17:41.001",
                    "used": 22676160,
                    "losses": 0,
                    "requests": 2,
                    "handler": "CTG"
                },
                {
                    "protocolSessionId": "127c10c5-8dda-40d3-bd04-72363d25df4c",
                    "account": 123123109,
                    "duration": 20,
                    "date": "2025-04-04T16:35:23.001",
                    "used": 0,
                    "losses": 0,
                    "requests": 1,
                    "handler": "CTG"
                },
                {
                    "protocolSessionId": "43e99a31-c049-422a-afe1-90d3a69c566f",
                    "account": 123123109,
                    "duration": 20,
                    "date": "2025-04-04T17:08:33.001",
                    "used": 0,
                    "losses": 0,
                    "requests": 1,
                    "handler": "CTG"
                },
                {
                    "protocolSessionId": "601abfea-cb24-418e-b020-094045f19658",
                    "account": 123123109,
                    "duration": 20,
                    "date": "2025-04-04T20:37:37.001",
                    "used": 7304,
                    "losses": 0,
                    "requests": 2,
                    "handler": "CTG"
                },
                {
                    "protocolSessionId": "511868b1-07cf-4d1e-ba38-e8a3cc2b15a4",
                    "account": 123123109,
                    "duration": 20,
                    "date": "2025-04-05T09:21:35.001",
                    "used": 0,
                    "losses": 0,
                    "requests": 1,
                    "handler": "CTG"
                },
                {
                    "protocolSessionId": "7ae1213e-f96c-4a8f-8754-dc384079cc28",
                    "account": 123123109,
                    "duration": 20,
                    "date": "2025-04-05T09:43:14.001",
                    "used": 181697122,
                    "losses": 0,
                    "requests": 3,
                    "handler": "CTG"
                },
                {
                    "protocolSessionId": "972ac42a-44ea-4d01-aabc-32d8e0c8e2aa",
                    "account": 123123109,
                    "duration": 20,
                    "date": "2025-04-05T18:21:25.001",
                    "used": 0,
                    "losses": 0,
                    "requests": 1,
                    "handler": "CTG"
                },
                {
                    "protocolSessionId": "567d19ac-34ec-4b71-adcb-3fe41a9242a3",
                    "account": 123123109,
                    "duration": 20,
                    "date": "2025-04-05T20:44:49.001",
                    "used": 550,
                    "losses": 0,
                    "requests": 2,
                    "handler": "CTG"
                },
                {
                    "protocolSessionId": "afa10e62-4483-4fe2-8c92-cbc0c418be28",
                    "account": 123123109,
                    "duration": 20,
                    "date": "2025-04-05T20:47:51.001",
                    "used": 70880137,
                    "losses": 0,
                    "requests": 3,
                    "handler": "CTG"
                },
                {
                    "protocolSessionId": "ec6c15c1-d77b-482d-ab10-87c56f43626d",
                    "account": 123123109,
                    "duration": 20,
                    "date": "2025-04-05T20:53:04.001",
                    "used": 84653306,
                    "losses": 0,
                    "requests": 3,
                    "handler": "CTG"
                },
                {
                    "protocolSessionId": "a0bf71d7-6e39-4f26-bdb5-76b7cfa14ccc",
                    "account": 123123109,
                    "duration": 20,
                    "date": "2025-04-05T21:03:21.001",
                    "used": 341280,
                    "losses": 0,
                    "requests": 2,
                    "handler": "CTG"
                },
                {
                    "protocolSessionId": "8f436a6f-5361-42a4-948f-921e3911ea3c",
                    "account": 123123109,
                    "duration": 20,
                    "date": "2025-04-05T21:35:59.001",
                    "used": 12409320,
                    "losses": 0,
                    "requests": 2,
                    "handler": "CTG"
                }
            ]
        }
    }
}