{
    "observation": {
        "previous_period_summary": {
            "cnt_percentage": 85.33,
            "cnt_requests": 64,
            "losses_percentage": 0.0,
            "losses_volume": 0
        },
        "current_period": {
            "phase_one": [
                {
                    "protocolSessionId": "47f3ff4b-1838-4e8b-be33-6168c61669ae",
                    "account": 123123109,
                    "date": "2025-04-12T17:04:01.001",
                    "duration": 44092.0,
                    "used": 110878613,
                    "losses": 0,
                    "requests": 6,
                    "handler": "CNT"
                },
                {
                    "protocolSessionId": "1e15afd5-0fd8-45a3-8c48-05539a59674c",
                    "account": 123123109,
                    "date": "2025-04-13T18:31:23.001",
                    "duration": 37831.0,
                    "used": 317966525,
                    "losses": 0,
                    "requests": 15,
                    "handler": "CNT"
                }
            ],
            "phase_two": [
                {
                    "protocolSessionId": "b4e8920f-6469-4064-8090-e78940266edc",
                    "account": 123123109,
                    "duration": 20,
                    "date": "2025-04-14T01:39:29.001",
                    "used": 166168680,
                    "losses": 0,
                    "requests": 2,
                    "handler": "CTG"
                }
            ]
        }
    }
}