{
    "observation": {
        "previous_period_summary": {
            "cnt_percentage": 60.0,
            "cnt_requests": 3,
            "losses_percentage": 0.0,
            "losses_volume": 0
        },
        "current_period": {
            "phase_one": [
                {
                    "protocolSessionId": "f255294c-f549-41c1-a5f7-fc9528201091",
                    "account": 123123109,
                    "date": "2025-05-02T16:51:18.001",
                    "duration": 12209.0,
                    "used": 17422243,
                    "losses": 0,
                    "requests": 3,
                    "handler": "CNT"
                }
            ],
            "phase_two": [
                {
                    "protocolSessionId": "1b298b54-0e4d-46c4-8a70-8d46315206c3",
                    "account": 123123109,
                    "duration": 20,
                    "date": "2025-05-02T17:49:31.001",
                    "used": 8822388,
                    "losses": 0,
                    "requests": 2,
                    "handler": "CTG"
                }
            ]
        }
    }
}