{
    "observation": {
        "previous_period_summary": {
            "cnt_percentage": 54.55,
            "cnt_requests": 6,
            "losses_percentage": 0.0,
            "losses_volume": 0
        },
        "current_period": {
            "phase_one": [
                {
                    "protocolSessionId": "b53daecb-34c1-40de-823c-5d6aca2b3685",
                    "account": 123123109,
                    "date": "2025-05-07T10:00:50.001",
                    "duration": 47269.0,
                    "used": 33182838,
                    "losses": 0,
                    "requests": 3,
                    "handler": "CNT"
                },
                {
                    "protocolSessionId": "79c3df44-9146-42d3-b2d0-5d82c4c3065a",
                    "account": 123123109,
                    "date": "2025-05-07T10:57:34.001",
                    "duration": 13.0,
                    "used": 927056,
                    "losses": 0,
                    "requests": 3,
                    "handler": "CNT"
                },
                {
                    "protocolSessionId": "1ed1fec2-b7e2-4062-a3fa-add61d96d297",
                    "account": 123123109,
                    "date": "2025-05-07T10:57:55.001",
                    "duration": 1320.0,
                    "used": 38280,
                    "losses": 0,
                    "requests": 3,
                    "handler": "CNT"
                }
            ],
            "phase_two": [
                {
                    "protocolSessionId": "c43a4ace-7e81-4703-a1e8-7973d79b927d",
                    "account": 123123109,
                    "duration": 20,
                    "date": "2025-05-07T12:21:12.001",
                    "used": 76874024,
                    "losses": 0,
                    "requests": 2,
                    "handler": "CTG"
                },
                {
                    "protocolSessionId": "70f246c0-0cbe-4884-b52d-169ddb325baa",
                    "account": 123123109,
                    "duration": 20,
                    "date": "2025-05-07T16:24:12.001",
                    "used": 31698108,
                    "losses": 0,
                    "requests": 2,
                    "handler": "CTG"
                }
            ]
        }
    }
}