{
    "observation": {
        "previous_period_summary": {
            "cnt_percentage": 37.5,
            "cnt_requests": 33,
            "losses_percentage": 0.0,
            "losses_volume": 0
        },
        "current_period": {
            "phase_one": [
                {
                    "protocolSessionId": "d522f2ab-6183-4462-9818-e0d0e799638d",
                    "account": 123123109,
                    "date": "2025-05-11T09:05:41.001",
                    "duration": 223.0,
                    "used": 537430,
                    "losses": 0,
                    "requests": 3,
                    "handler": "CNT"
                },
                {
                    "protocolSessionId": "43bd80bb-dcbb-474e-ba7f-c1cafea94429",
                    "account": 123123109,
                    "date": "2025-05-11T09:28:26.001",
                    "duration": 1954.0,
                    "used": 348373338,
                    "losses": 0,
                    "requests": 21,
                    "handler": "CNT"
                },
                {
                    "protocolSessionId": "8f12be9c-b38c-4c5c-8a7f-27a64b55750f",
                    "account": 123123109,
                    "date": "2025-05-11T12:18:47.001",
                    "duration": 111.0,
                    "used": 27084,
                    "losses": 0,
                    "requests": 3,
                    "handler": "CNT"
                },
                {
                    "protocolSessionId": "c762a5f5-2931-4588-993c-e6c27ebd8171",
                    "account": 123123109,
                    "date": "2025-05-11T14:25:29.001",
                    "duration": 4526.0,
                    "used": 8183008,
                    "losses": 0,
                    "requests": 3,
                    "handler": "CNT"
                },
                {
                    "protocolSessionId": "edd1f34c-2bca-451f-95d4-f1b062c55dac",
                    "account": 123123109,
                    "date": "2025-05-11T16:54:05.001",
                    "duration": 378.0,
                    "used": 29038338,
                    "losses": 0,
                    "requests": 3,
                    "handler": "CNT"
                },
                {
                    "protocolSessionId": "bfa2dda7-e11d-4653-b0b8-79024db6b375",
                    "account": 123123109,
                    "date": "2025-05-12T02:00:46.001",
                    "duration": 5546.0,
                    "used": 2723086,
                    "losses": 0,
                    "requests": 3,
                    "handler": "CNT"
                },
                {
                    "protocolSessionId": "f742041c-6e1e-4ce0-8642-34f41f4858c3",
                    "account": 123123109,
                    "date": "2025-05-12T08:20:17.001",
                    "duration": 20180.0,
                    "used": 5710940,
                    "losses": 0,
                    "requests": 3,
                    "handler": "CNT"
                }
            ],
            "phase_two": [
                {
                    "protocolSessionId": "e9521fcf-35dd-465b-948c-405fa8d3cc23",
                    "account": 123123109,
                    "duration": 20,
                    "date": "2025-05-12T10:55:45.001",
                    "used": 209422121,
                    "losses": 0,
                    "requests": 4,
                    "handler": "CTG"
                },
                {
                    "protocolSessionId": "3038db6d-a48c-4dee-bda6-96664ef59a3d",
                    "account": 123123109,
                    "duration": 20,
                    "date": "2025-05-12T11:09:38.001",
                    "used": 28689694,
                    "losses": 0,
                    "requests": 2,
                    "handler": "CTG"
                },
                {
                    "protocolSessionId": "f68757f9-610e-47fd-9f0a-f2910cb509d2",
                    "account": 123123109,
                    "duration": 20,
                    "date": "2025-05-12T11:24:40.001",
                    "used": 897,
                    "losses": 0,
                    "requests": 2,
                    "handler": "CTG"
                }
            ]
        }
    }
}