{
    "observation": {
        "previous_period_summary": {
            "cnt_percentage": 58.06,
            "cnt_requests": 18,
            "losses_percentage": 0.0,
            "losses_volume": 0
        },
        "current_period": {
            "phase_one": [
                {
                    "protocolSessionId": "3a97609c-49e6-4f54-865e-4245b5a44cfe",
                    "account": 123123109,
                    "date": "2025-04-29T03:45:49.001",
                    "duration": 184.0,
                    "used": 15393624,
                    "losses": 0,
                    "requests": 3,
                    "handler": "CNT"
                },
                {
                    "protocolSessionId": "cb88a016-b20e-432c-a9be-2828e8e46627",
                    "account": 123123109,
                    "date": "2025-04-29T03:49:10.001",
                    "duration": 22233.0,
                    "used": 420092416,
                    "losses": 0,
                    "requests": 21,
                    "handler": "CNT"
                }
            ],
            "phase_two": [
                {
                    "protocolSessionId": "d0596e86-cae9-403a-bd3c-762c933314df",
                    "account": 123123109,
                    "duration": 20,
                    "date": "2025-04-29T03:55:37.001",
                    "used": 4215372,
                    "losses": 0,
                    "requests": 2,
                    "handler": "CTG"
                },
                {
                    "protocolSessionId": "51afa1d6-b8b2-4703-9fcb-40b7565ab700",
                    "account": 123123109,
                    "duration": 20,
                    "date": "2025-04-29T09:38:26.001",
                    "used": 1419192,
                    "losses": 0,
                    "requests": 2,
                    "handler": "CTG"
                }
            ]
        }
    }
}