{
    "observation": {
        "previous_period_summary": {
            "cnt_percentage": 37.5,
            "cnt_requests": 6,
            "losses_percentage": 0.0,
            "losses_volume": 0
        },
        "current_period": {
            "phase_one": [
                {
                    "protocolSessionId": "a893843a-f606-4530-8116-c765993fa0b4",
                    "account": 123123109,
                    "date": "2025-03-08T00:19:22.001",
                    "duration": 5276.0,
                    "used": 4336872,
                    "losses": 0,
                    "requests": 3,
                    "handler": "CNT"
                },
                {
                    "protocolSessionId": "6b9e7f5f-b4de-4311-9e06-043a20b8cece",
                    "account": 123123109,
                    "date": "2025-03-08T01:05:24.001",
                    "duration": 171.0,
                    "used": 84826089,
                    "losses": 0,
                    "requests": 3,
                    "handler": "CNT"
                }
            ],
            "phase_two": [
                {
                    "protocolSessionId": "b9b414fb-055b-4e45-92f0-cca3113153e9",
                    "account": 123123109,
                    "duration": 20,
                    "date": "2025-03-08T01:14:24.001",
                    "used": 360,
                    "losses": 0,
                    "requests": 2,
                    "handler": "CTG"
                },
                {
                    "protocolSessionId": "a3314180-73d5-4c44-857d-b2f565d3faf5",
                    "account": 123123109,
                    "duration": 20,
                    "date": "2025-03-08T02:11:12.001",
                    "used": 131284850,
                    "losses": 0,
                    "requests": 3,
                    "handler": "CTG"
                }
            ]
        }
    }
}