{
    "observation": {
        "previous_period_summary": {
            "cnt_percentage": 69.23,
            "cnt_requests": 9,
            "losses_percentage": 0.0,
            "losses_volume": 0
        },
        "current_period": {
            "phase_one": [
                {
                    "protocolSessionId": "75da2d7e-9a96-467c-b050-a61fb32c2677",
                    "account": 123123109,
                    "date": "2025-05-01T04:52:32.001",
                    "duration": 38385.0,
                    "used": 209715695,
                    "losses": 0,
                    "requests": 10,
                    "handler": "CNT"
                },
                {
                    "protocolSessionId": "5b00c88d-961f-48ef-8e99-4ed3d511aa46",
                    "account": 123123109,
                    "date": "2025-05-01T06:48:23.001",
                    "duration": 28673.0,
                    "used": 7971094,
                    "losses": 0,
                    "requests": 3,
                    "handler": "CNT"
                },
                {
                    "protocolSessionId": "0a1281f2-fdc1-4b08-b0f8-5117569abb8f",
                    "account": 123123109,
                    "date": "2025-05-01T15:00:41.001",
                    "duration": 1386.0,
                    "used": 104857600,
                    "losses": 0,
                    "requests": 6,
                    "handler": "CNT"
                },
                {
                    "protocolSessionId": "716b941d-c425-42fe-9543-d6b3fd9e6c8d",
                    "account": 123123109,
                    "date": "2025-05-01T15:42:04.001",
                    "duration": 58.0,
                    "used": 334312,
                    "losses": 0,
                    "requests": 3,
                    "handler": "CNT"
                },
                {
                    "protocolSessionId": "9a5a1b14-e647-43b5-9bac-c41db5417ae5",
                    "account": 123123109,
                    "date": "2025-05-01T15:43:03.001",
                    "duration": 38.0,
                    "used": 3042622,
                    "losses": 0,
                    "requests": 3,
                    "handler": "CNT"
                },
                {
                    "protocolSessionId": "7c1b84ae-aee3-4fe2-8017-b7c566a29304",
                    "account": 123123109,
                    "date": "2025-05-01T16:51:31.001",
                    "duration": 86386.0,
                    "used": 118441472,
                    "losses": 0,
                    "requests": 6,
                    "handler": "CNT"
                }
            ],
            "phase_two": [
                {
                    "protocolSessionId": "8a37630b-3b50-4a8d-9987-da44342e8830",
                    "account": 123123109,
                    "duration": 20,
                    "date": "2025-05-02T03:31:34.001",
                    "used": 6757902,
                    "losses": 0,
                    "requests": 2,
                    "handler": "CTG"
                }
            ]
        }
    }
}