{
    "observation": {
        "previous_period_summary": {
            "cnt_percentage": 85.71,
            "cnt_requests": 24,
            "losses_percentage": 0.0,
            "losses_volume": 0
        },
        "current_period": {
            "phase_one": [
                {
                    "protocolSessionId": "59e7d16a-eafc-4d14-8713-d98a2658efa5",
                    "account": 123123109,
                    "date": "2025-04-29T12:04:02.001",
                    "duration": 29984.0,
                    "used": 299142090,
                    "losses": 0,
                    "requests": 10,
                    "handler": "CNT"
                }
            ],
            "phase_two": [
                {
                    "protocolSessionId": "d6b9389c-4350-4a3f-9c9c-8e71bdc58919",
                    "account": 123123109,
                    "duration": 20,
                    "date": "2025-04-29T13:47:11.001",
                    "used": 43955730,
                    "losses": 0,
                    "requests": 2,
                    "handler": "CTG"
                },
                {
                    "protocolSessionId": "d430122f-2c38-4ba2-9c74-b273771292ed",
                    "account": 123123109,
                    "duration": 20,
                    "date": "2025-04-29T14:56:17.001",
                    "used": 137560,
                    "losses": 0,
                    "requests": 2,
                    "handler": "CTG"
                },
                {
                    "protocolSessionId": "bbc9e14c-00c9-4850-b995-c4f34d65f389",
                    "account": 123123109,
                    "duration": 20,
                    "date": "2025-04-29T16:08:09.001",
                    "used": 368180425,
                    "losses": 0,
                    "requests": 4,
                    "handler": "CTG"
                }
            ]
        }
    }
}