{
    "observation": {
        "previous_period_summary": {
            "cnt_percentage": 86.36,
            "cnt_requests": 19,
            "losses_percentage": 0.0,
            "losses_volume": 0
        },
        "current_period": {
            "phase_one": [
                {
                    "protocolSessionId": "755fd141-918a-49d6-aa27-825ffc7681ea",
                    "account": 123123109,
                    "date": "2025-03-13T09:18:32.001",
                    "duration": 83721.0,
                    "used": 13311639,
                    "losses": 0,
                    "requests": 3,
                    "handler": "CNT"
                },
                {
                    "protocolSessionId": "49c834b8-d596-41a9-9895-6c2864d0cef4",
                    "account": 123123109,
                    "date": "2025-03-13T15:34:37.001",
                    "duration": 32439.0,
                    "used": 321967231,
                    "losses": 0,
                    "requests": 15,
                    "handler": "CNT"
                },
                {
                    "protocolSessionId": "8e0f4fd6-bb6d-446e-9a59-c52e1fd8dbdf",
                    "account": 123123109,
                    "date": "2025-03-14T01:22:01.001",
                    "duration": 2.0,
                    "used": 2252,
                    "losses": 0,
                    "requests": 3,
                    "handler": "CNT"
                },
                {
                    "protocolSessionId": "07e001ad-5f16-4865-b8fb-97ea37cbcd33",
                    "account": 123123109,
                    "date": "2025-03-14T04:08:30.001",
                    "duration": 30.0,
                    "used": 2730,
                    "losses": 0,
                    "requests": 3,
                    "handler": "CNT"
                },
                {
                    "protocolSessionId": "cb912081-6978-479c-afcc-a72df31d1d6c",
                    "account": 123123109,
                    "date": "2025-03-14T04:18:25.001",
                    "duration": 1047.0,
                    "used": 1047,
                    "losses": 0,
                    "requests": 3,
                    "handler": "CNT"
                },
                {
                    "protocolSessionId": "f278e53f-5177-4816-bcdd-90e094ad88f5",
                    "account": 123123109,
                    "date": "2025-03-14T04:36:18.001",
                    "duration": 38523.0,
                    "used": 40333581,
                    "losses": 0,
                    "requests": 3,
                    "handler": "CNT"
                },
                {
                    "protocolSessionId": "d5307384-495f-4453-973d-87120779c619",
                    "account": 123123109,
                    "date": "2025-03-14T08:33:54.001",
                    "duration": 34274.0,
                    "used": 104860822,
                    "losses": 0,
                    "requests": 6,
                    "handler": "CNT"
                },
                {
                    "protocolSessionId": "9ad97258-b89a-46ef-800a-235f56389549",
                    "account": 123123109,
                    "date": "2025-03-14T09:25:00.001",
                    "duration": 1020.0,
                    "used": 244877470,
                    "losses": 0,
                    "requests": 10,
                    "handler": "CNT"
                },
                {
                    "protocolSessionId": "053248e7-48ef-4f7d-a046-2f368fa183f6",
                    "account": 123123109,
                    "date": "2025-03-14T09:47:29.001",
                    "duration": 32383.0,
                    "used": 1878214,
                    "losses": 0,
                    "requests": 3,
                    "handler": "CNT"
                },
                {
                    "protocolSessionId": "7635fa91-1db7-4315-b8ee-5cb3fea9b202",
                    "account": 123123109,
                    "date": "2025-03-14T18:05:10.001",
                    "duration": 14.0,
                    "used": 8556450,
                    "losses": 0,
                    "requests": 3,
                    "handler": "CNT"
                },
                {
                    "protocolSessionId": "9b9a2aa4-e4dd-424e-8f75-a227b759fe88",
                    "account": 123123109,
                    "date": "2025-03-14T18:17:30.001",
                    "duration": 42.0,
                    "used": 319326,
                    "losses": 0,
                    "requests": 3,
                    "handler": "CNT"
                },
                {
                    "protocolSessionId": "0a6a008c-0d62-4042-b03b-618559144fa3",
                    "account": 123123109,
                    "date": "2025-03-14T18:21:01.001",
                    "duration": 8235.0,
                    "used": 82350,
                    "losses": 0,
                    "requests": 3,
                    "handler": "CNT"
                },
                {
                    "protocolSessionId": "434b89f2-6929-4926-8c77-a516e14b9b31",
                    "account": 123123109,
                    "date": "2025-03-14T18:47:15.001",
                    "duration": 21228.0,
                    "used": 104893166,
                    "losses": 0,
                    "requests": 6,
                    "handler": "CNT"
                },
                {
                    "protocolSessionId": "c7d6603f-5e4e-4a08-96d6-2660122b2edf",
                    "account": 123123109,
                    "date": "2025-03-14T21:14:07.001",
                    "duration": 1631.0,
                    "used": 16619890,
                    "losses": 0,
                    "requests": 3,
                    "handler": "CNT"
                },
                {
                    "protocolSessionId": "8819f441-ffff-41fa-b6a7-25f671354301",
                    "account": 123123109,
                    "date": "2025-03-14T23:17:28.001",
                    "duration": 13.0,
                    "used": 53521,
                    "losses": 0,
                    "requests": 3,
                    "handler": "CNT"
                },
                {
                    "protocolSessionId": "bca32eff-434c-4b6e-90fa-01b6f71b0d18",
                    "account": 123123109,
                    "date": "2025-03-15T02:25:01.001",
                    "duration": 98.0,
                    "used": 3530352,
                    "losses": 0,
                    "requests": 3,
                    "handler": "CNT"
                },
                {
                    "protocolSessionId": "deac191e-9f2d-4dac-997a-084d28448b71",
                    "account": 123123109,
                    "date": "2025-03-15T04:17:21.001",
                    "duration": 24116.0,
                    "used": 59228896,
                    "losses": 0,
                    "requests": 3,
                    "handler": "CNT"
                },
                {
                    "protocolSessionId": "addd664d-afae-4854-b655-a14630c39249",
                    "account": 123123109,
                    "date": "2025-03-15T09:55:14.001",
                    "duration": 17121.0,
                    "used": 1626495,
                    "losses": 0,
                    "requests": 3,
                    "handler": "CNT"
                },
                {
                    "protocolSessionId": "5b49c90a-7f0d-47ae-ba89-321df4815047",
                    "account": 123123109,
                    "date": "2025-03-15T15:16:16.001",
                    "duration": 162715.0,
                    "used": 209836565,
                    "losses": 0,
                    "requests": 10,
                    "handler": "CNT"
                },
                {
                    "protocolSessionId": "3a4ea9c4-9248-45e1-b08b-c015145e8fe8",
                    "account": 123123109,
                    "date": "2025-03-15T22:03:59.001",
                    "duration": 9894.0,
                    "used": 199635917,
                    "losses": 94778317,
                    "requests": 10,
                    "handler": "CNT"
                }
            ],
            "phase_two": [
                {
                    "protocolSessionId": "e5e6d682-0782-4a89-ab92-869f6a887e6e",
                    "account": 123123109,
                    "duration": 20,
                    "date": "2025-03-16T00:54:06.001",
                    "used": 60826,
                    "losses": 0,
                    "requests": 2,
                    "handler": "CTG"
                },
                {
                    "protocolSessionId": "8e9dd9ab-a191-4881-a8c3-cba8cc6501c4",
                    "account": 123123109,
                    "duration": 20,
                    "date": "2025-03-16T01:12:03.001",
                    "used": 83780,
                    "losses": 0,
                    "requests": 2,
                    "handler": "CTG"
                },
                {
                    "protocolSessionId": "3e94fef1-d738-4de2-90d8-2253955663fc",
                    "account": 123123109,
                    "duration": 20,
                    "date": "2025-03-16T05:57:42.001",
                    "used": 7229348,
                    "losses": 0,
                    "requests": 2,
                    "handler": "CTG"
                },
                {
                    "protocolSessionId": "9cfe3fb6-2b58-434e-8767-cdd3371ba117",
                    "account": 123123109,
                    "duration": 20,
                    "date": "2025-03-16T06:19:57.001",
                    "used": 23988,
                    "losses": 0,
                    "requests": 2,
                    "handler": "CTG"
                }
            ]
        }
    }
}