{
    "observation": {
        "previous_period_summary": {
            "cnt_percentage": 42.86,
            "cnt_requests": 3,
            "losses_percentage": 0.0,
            "losses_volume": 0
        },
        "current_period": {
            "phase_one": [
                {
                    "protocolSessionId": "c4477153-bc4b-44a8-b0f3-7441539b20f6",
                    "account": 123123109,
                    "date": "2025-04-23T13:22:22.001",
                    "duration": 321.0,
                    "used": 25372482,
                    "losses": 0,
                    "requests": 3,
                    "handler": "CNT"
                },
                {
                    "protocolSessionId": "ff88db8b-8e38-4bb9-86d9-3e1d5e25a18f",
                    "account": 123123109,
                    "date": "2025-04-23T17:49:22.001",
                    "duration": 331.0,
                    "used": 2317,
                    "losses": 0,
                    "requests": 3,
                    "handler": "CNT"
                },
                {
                    "protocolSessionId": "82f917e9-5838-4129-9eb9-420993ae6330",
                    "account": 123123109,
                    "date": "2025-04-23T18:29:48.001",
                    "duration": 378.0,
                    "used": 1637496,
                    "losses": 0,
                    "requests": 3,
                    "handler": "CNT"
                },
                {
                    "protocolSessionId": "462c9277-c11c-4aa2-9a50-5189c9381582",
                    "account": 123123109,
                    "date": "2025-04-23T20:42:20.001",
                    "duration": 2391.0,
                    "used": 105080866,
                    "losses": 0,
                    "requests": 6,
                    "handler": "CNT"
                },
                {
                    "protocolSessionId": "33cd143d-8e3f-4f22-999b-707b50fc5bf8",
                    "account": 123123109,
                    "date": "2025-04-23T21:26:12.001",
                    "duration": 26195.0,
                    "used": 314593097,
                    "losses": 0,
                    "requests": 15,
                    "handler": "CNT"
                },
                {
                    "protocolSessionId": "829b09b8-e1d6-4517-8594-99161299534c",
                    "account": 123123109,
                    "date": "2025-04-24T10:42:51.001",
                    "duration": 11.0,
                    "used": 1144,
                    "losses": 0,
                    "requests": 3,
                    "handler": "CNT"
                },
                {
                    "protocolSessionId": "e538a60f-b28f-4b79-a72f-57bad0a06eae",
                    "account": 123123109,
                    "date": "2025-04-24T10:47:15.001",
                    "duration": 1079.0,
                    "used": 104863907,
                    "losses": 0,
                    "requests": 6,
                    "handler": "CNT"
                },
                {
                    "protocolSessionId": "4bf9e78f-76a3-42f6-92bc-36135df217d8",
                    "account": 123123109,
                    "date": "2025-04-24T11:14:36.001",
                    "duration": 16346118.561,
                    "used": 1269569,
                    "losses": 0,
                    "requests": 6,
                    "handler": "CNT"
                }
            ],
            "phase_two": [
                {
                    "protocolSessionId": "6d830afe-8d6b-4c06-b71a-8401bd4d607a",
                    "account": 123123109,
                    "duration": 20,
                    "date": "2025-04-24T12:06:01.001",
                    "used": 207113760,
                    "losses": 0,
                    "requests": 2,
                    "handler": "CTG"
                },
                {
                    "protocolSessionId": "e83cf6f5-037b-4d88-8090-9a0f65e3658f",
                    "account": 123123109,
                    "duration": 20,
                    "date": "2025-04-24T13:57:24.001",
                    "used": 182316,
                    "losses": 0,
                    "requests": 2,
                    "handler": "CTG"
                },
                {
                    "protocolSessionId": "89f47f50-3bba-485c-8c1b-82e7fac2d199",
                    "account": 123123109,
                    "duration": 20,
                    "date": "2025-04-24T15:54:08.001",
                    "used": 1825,
                    "losses": 0,
                    "requests": 2,
                    "handler": "CTG"
                },
                {
                    "protocolSessionId": "e2db47ab-fee1-4e22-87f4-7181d7983212",
                    "account": 123123109,
                    "duration": 20,
                    "date": "2025-04-24T18:06:34.001",
                    "used": 770322089,
                    "losses": 0,
                    "requests": 5,
                    "handler": "CTG"
                },
                {
                    "protocolSessionId": "fe91204d-e1bb-42c9-9e46-b3051d871085",
                    "account": 123123109,
                    "duration": 20,
                    "date": "2025-04-24T19:36:47.001",
                    "used": 225302,
                    "losses": 0,
                    "requests": 2,
                    "handler": "CTG"
                },
                {
                    "protocolSessionId": "3539d5c2-dab6-44f4-9423-f99c07b77414",
                    "account": 123123109,
                    "duration": 20,
                    "date": "2025-04-24T21:24:21.001",
                    "used": 1621365,
                    "losses": 0,
                    "requests": 2,
                    "handler": "CTG"
                },
                {
                    "protocolSessionId": "c597944f-0b19-47f1-a6e8-fe597bf0aa41",
                    "account": 123123109,
                    "duration": 20,
                    "date": "2025-04-25T08:13:32.001",
                    "used": 260371881,
                    "losses": 0,
                    "requests": 2,
                    "handler": "CTG"
                },
                {
                    "protocolSessionId": "89934040-3762-476a-8eae-e25fb0190839",
                    "account": 123123109,
                    "duration": 20,
                    "date": "2025-04-25T08:22:38.001",
                    "used": 49682149,
                    "losses": 0,
                    "requests": 2,
                    "handler": "CTG"
                },
                {
                    "protocolSessionId": "1fc11360-80a2-4a8d-ba89-f3b5beda90da",
                    "account": 123123109,
                    "duration": 20,
                    "date": "2025-04-25T15:01:48.001",
                    "used": 2660,
                    "losses": 0,
                    "requests": 2,
                    "handler": "CTG"
                },
                {
                    "protocolSessionId": "612d395d-2ce7-4513-93b7-139526ac16f1",
                    "account": 123123109,
                    "duration": 20,
                    "date": "2025-04-25T15:14:17.001",
                    "used": 38448,
                    "losses": 0,
                    "requests": 2,
                    "handler": "CTG"
                },
                {
                    "protocolSessionId": "986107f4-7e17-462f-b0af-4d2a7abe3309",
                    "account": 123123109,
                    "duration": 20,
                    "date": "2025-04-25T15:14:51.001",
                    "used": 0,
                    "losses": 0,
                    "requests": 1,
                    "handler": "CTG"
                },
                {
                    "protocolSessionId": "c9971021-5ee9-49fa-b721-4e4aebf5a83c",
                    "account": 123123109,
                    "duration": 20,
                    "date": "2025-04-25T15:15:27.001",
                    "used": 0,
                    "losses": 0,
                    "requests": 1,
                    "handler": "CTG"
                },
                {
                    "protocolSessionId": "e2dd44e8-a27d-4e46-852a-93eed1286c21",
                    "account": 123123109,
                    "duration": 20,
                    "date": "2025-04-25T15:41:54.001",
                    "used": 665696,
                    "losses": 0,
                    "requests": 2,
                    "handler": "CTG"
                },
                {
                    "protocolSessionId": "fd4f9626-5114-4667-9104-6fe50abd01fe",
                    "account": 123123109,
                    "duration": 20,
                    "date": "2025-04-25T15:41:56.001",
                    "used": 0,
                    "losses": 0,
                    "requests": 1,
                    "handler": "CTG"
                },
                {
                    "protocolSessionId": "25d9385b-8ca0-4d61-93ab-aece328623dd",
                    "account": 123123109,
                    "duration": 20,
                    "date": "2025-04-25T17:35:51.001",
                    "used": 502851586,
                    "losses": 0,
                    "requests": 3,
                    "handler": "CTG"
                },
                {
                    "protocolSessionId": "085cfbd1-6814-41ed-9d2b-19038107d5be",
                    "account": 123123109,
                    "duration": 20,
                    "date": "2025-04-25T18:01:26.001",
                    "used": 1268740,
                    "losses": 0,
                    "requests": 2,
                    "handler": "CTG"
                },
                {
                    "protocolSessionId": "7e483a06-1c2f-4007-8ce9-25389bc4cc07",
                    "account": 123123109,
                    "duration": 20,
                    "date": "2025-04-25T20:12:34.001",
                    "used": 40424892,
                    "losses": 0,
                    "requests": 2,
                    "handler": "CTG"
                },
                {
                    "protocolSessionId": "ceb7636a-015d-4ce1-8c73-38dc6b2dcdd0",
                    "account": 123123109,
                    "duration": 20,
                    "date": "2025-04-25T20:51:12.001",
                    "used": 677908,
                    "losses": 0,
                    "requests": 2,
                    "handler": "CTG"
                },
                {
                    "protocolSessionId": "2e99e26e-01c9-494e-a489-f436a2e7efbf",
                    "account": 123123109,
                    "duration": 20,
                    "date": "2025-04-25T22:24:13.001",
                    "used": 76899759,
                    "losses": 0,
                    "requests": 2,
                    "handler": "CTG"
                },
                {
                    "protocolSessionId": "197b55fc-89d1-4f0b-90e9-90ae2b8ea005",
                    "account": 123123109,
                    "duration": 20,
                    "date": "2025-04-26T03:12:33.001",
                    "used": 507334215,
                    "losses": 0,
                    "requests": 4,
                    "handler": "CTG"
                },
                {
                    "protocolSessionId": "42e79590-631d-49bf-a27a-b5fa6ca1f58b",
                    "account": 123123109,
                    "duration": 20,
                    "date": "2025-04-26T03:56:28.001",
                    "used": 1450470,
                    "losses": 0,
                    "requests": 2,
                    "handler": "CTG"
                },
                {
                    "protocolSessionId": "b2642ed0-22c2-4510-ad36-91f1f06df82c",
                    "account": 123123109,
                    "duration": 20,
                    "date": "2025-04-26T06:28:41.001",
                    "used": 125931360,
                    "losses": 0,
                    "requests": 2,
                    "handler": "CTG"
                },
                {
                    "protocolSessionId": "27c8a79d-262a-4ea7-abd7-829142c9c905",
                    "account": 123123109,
                    "duration": 20,
                    "date": "2025-04-26T18:44:54.001",
                    "used": 9292695,
                    "losses": 0,
                    "requests": 2,
                    "handler": "CTG"
                },
                {
                    "protocolSessionId": "87a2fd91-45c7-4a31-814c-5c0889099fa9",
                    "account": 123123109,
                    "duration": 20,
                    "date": "2025-04-26T20:57:15.001",
                    "used": 1791166,
                    "losses": 0,
                    "requests": 2,
                    "handler": "CTG"
                },
                {
                    "protocolSessionId": "28be3e44-d178-4bc1-a746-6143792c7905",
                    "account": 123123109,
                    "duration": 20,
                    "date": "2025-04-27T01:05:26.001",
                    "used": 0,
                    "losses": 0,
                    "requests": 1,
                    "handler": "CTG"
                },
                {
                    "protocolSessionId": "d96da63f-8e8e-4e16-907f-99010048e471",
                    "account": 123123109,
                    "duration": 20,
                    "date": "2025-04-27T04:49:16.001",
                    "used": 226491,
                    "losses": 0,
                    "requests": 2,
                    "handler": "CTG"
                }
            ]
        }
    }
}