{
    "observation": {
        "previous_period_summary": {
            "cnt_percentage": 75.0,
            "cnt_requests": 6,
            "losses_percentage": 0.0,
            "losses_volume": 0
        },
        "current_period": {
            "phase_one": [
                {
                    "protocolSessionId": "44746b22-1674-4dd6-8203-a211e4524133",
                    "account": 123123109,
                    "date": "2025-03-07T04:08:32.001",
                    "duration": 1431.0,
                    "used": 166964720,
                    "losses": 0,
                    "requests": 6,
                    "handler": "CNT"
                }
            ],
            "phase_two": [
                {
                    "protocolSessionId": "1048de42-d8f2-40f4-9986-f7b3bd305ffe",
                    "account": 123123109,
                    "duration": 20,
                    "date": "2025-03-07T08:34:07.001",
                    "used": 914346,
                    "losses": 0,
                    "requests": 2,
                    "handler": "CTG"
                },
                {
                    "protocolSessionId": "172c425d-d639-4e60-b266-03d5faae52fc",
                    "account": 123123109,
                    "duration": 20,
                    "date": "2025-03-07T16:40:39.001",
                    "used": 510929511,
                    "losses": 0,
                    "requests": 3,
                    "handler": "CTG"
                },
                {
                    "protocolSessionId": "342e0588-68dc-4f2c-a3b0-142ebf115ed1",
                    "account": 123123109,
                    "duration": 20,
                    "date": "2025-03-07T23:13:21.001",
                    "used": 256674499,
                    "losses": 0,
                    "requests": 3,
                    "handler": "CTG"
                },
                {
                    "protocolSessionId": "f4342f83-0f49-4063-9fb7-5af2e6c5dc86",
                    "account": 123123109,
                    "duration": 20,
                    "date": "2025-03-07T23:37:34.001",
                    "used": 46113,
                    "losses": 0,
                    "requests": 2,
                    "handler": "CTG"
                }
            ]
        }
    }
}