{
    "observation": {
        "previous_period_summary": {
            "cnt_percentage": 37.5,
            "cnt_requests": 3,
            "losses_percentage": 0.0,
            "losses_volume": 0
        },
        "current_period": {
            "phase_one": [
                {
                    "protocolSessionId": "41d86b02-99c8-4f20-9420-3cb8aa509841",
                    "account": 123123102,
                    "date": "2025-05-19T04:58:35.001",
                    "duration": 902.0,
                    "used": 267894,
                    "losses": 0,
                    "requests": 3,
                    "handler": "CNT"
                },
                {
                    "protocolSessionId": "9ace89f9-2f22-4609-9937-33560a27fa82",
                    "account": 123123102,
                    "date": "2025-05-19T08:49:08.001",
                    "duration": 31244.0,
                    "used": 104873632,
                    "losses": 0,
                    "requests": 6,
                    "handler": "CNT"
                },
                {
                    "protocolSessionId": "3e0a8772-3aac-422e-8e7e-542168e22d93",
                    "account": 123123102,
                    "date": "2025-05-19T17:30:18.001",
                    "duration": 999.0,
                    "used": 58068873,
                    "losses": 0,
                    "requests": 3,
                    "handler": "CNT"
                },
                {
                    "protocolSessionId": "8189a0ac-34e4-427a-91e8-790759d2a2dd",
                    "account": 123123102,
                    "date": "2025-05-19T21:55:06.001",
                    "duration": 9811.0,
                    "used": 3345551,
                    "losses": 0,
                    "requests": 3,
                    "handler": "CNT"
                },
                {
                    "protocolSessionId": "67628f22-88aa-4139-9972-a7471c853d4a",
                    "account": 123123102,
                    "date": "2025-05-20T00:39:17.001",
                    "duration": 1069.0,
                    "used": 3212345,
                    "losses": 0,
                    "requests": 3,
                    "handler": "CNT"
                },
                {
                    "protocolSessionId": "1632b6d3-6f84-4c29-aeec-0ba8891c20ac",
                    "account": 123123102,
                    "date": "2025-05-20T00:57:14.001",
                    "duration": 42953.0,
                    "used": 2233556,
                    "losses": 0,
                    "requests": 3,
                    "handler": "CNT"
                }
            ],
            "phase_two": [
                {
                    "protocolSessionId": "57306550-1b0c-438c-a6c7-fe3859a86685",
                    "account": 123123102,
                    "duration": 20,
                    "date": "2025-05-20T02:11:19.001",
                    "used": 1995688,
                    "losses": 0,
                    "requests": 2,
                    "handler": "CTG"
                },
                {
                    "protocolSessionId": "9f397be1-35f3-4374-bd46-e2d07fec90a7",
                    "account": 123123102,
                    "duration": 20,
                    "date": "2025-05-20T02:22:44.001",
                    "used": 173482236,
                    "losses": 0,
                    "requests": 2,
                    "handler": "CTG"
                }
            ]
        }
    }
}