{
    "observation": {
        "previous_period_summary": {
            "cnt_percentage": 38.24,
            "cnt_requests": 13,
            "losses_percentage": 0.0,
            "losses_volume": 0
        },
        "current_period": {
            "phase_one": [
                {
                    "protocolSessionId": "00b6efe1-1c6a-4a69-bc5b-1806ca7b9fa2",
                    "account": 123123102,
                    "date": "2025-05-23T15:18:43.001",
                    "duration": 4865.0,
                    "used": 90566840,
                    "losses": 0,
                    "requests": 3,
                    "handler": "CNT"
                }
            ],
            "phase_two": [
                {
                    "protocolSessionId": "2095e4c8-159f-47d1-a66a-65d5efe088ca",
                    "account": 123123102,
                    "duration": 20,
                    "date": "2025-05-23T19:24:07.001",
                    "used": 41235460,
                    "losses": 0,
                    "requests": 2,
                    "handler": "CTG"
                },
                {
                    "protocolSessionId": "fbc17c11-150a-49d4-ac84-105d9a3caaf2",
                    "account": 123123102,
                    "duration": 20,
                    "date": "2025-05-23T23:01:24.001",
                    "used": 28125,
                    "losses": 0,
                    "requests": 2,
                    "handler": "CTG"
                },
                {
                    "protocolSessionId": "cafad998-10dd-450b-b5a1-ea2e59319045",
                    "account": 123123102,
                    "duration": 20,
                    "date": "2025-05-24T01:13:21.001",
                    "used": 35732060,
                    "losses": 0,
                    "requests": 2,
                    "handler": "CTG"
                },
                {
                    "protocolSessionId": "f47308e2-3c1c-4233-aeeb-753e792daf21",
                    "account": 123123102,
                    "duration": 20,
                    "date": "2025-05-24T06:18:52.001",
                    "used": 0,
                    "losses": 0,
                    "requests": 1,
                    "handler": "CTG"
                },
                {
                    "protocolSessionId": "3473a599-5653-461d-bc8c-6c6c4ecc0574",
                    "account": 123123102,
                    "duration": 20,
                    "date": "2025-05-24T06:31:38.001",
                    "used": 323323,
                    "losses": 0,
                    "requests": 2,
                    "handler": "CTG"
                },
                {
                    "protocolSessionId": "93fbdd8f-e477-48d7-ba67-59d8d1193a73",
                    "account": 123123102,
                    "duration": 20,
                    "date": "2025-05-24T06:44:50.001",
                    "used": 0,
                    "losses": 0,
                    "requests": 1,
                    "handler": "CTG"
                },
                {
                    "protocolSessionId": "969a6196-1a41-48cb-ab59-59febea48922",
                    "account": 123123102,
                    "duration": 20,
                    "date": "2025-05-24T12:02:24.001",
                    "used": 50795544,
                    "losses": 0,
                    "requests": 3,
                    "handler": "CTG"
                },
                {
                    "protocolSessionId": "05ffbd94-6367-4a49-a876-8f101dae13e5",
                    "account": 123123102,
                    "duration": 20,
                    "date": "2025-05-24T16:47:51.001",
                    "used": 119812,
                    "losses": 0,
                    "requests": 2,
                    "handler": "CTG"
                }
            ]
        }
    }
}