{
    "observation": {
        "previous_period_summary": {
            "cnt_percentage": 83.33,
            "cnt_requests": 40,
            "losses_percentage": 0.0,
            "losses_volume": 0
        },
        "current_period": {
            "phase_one": [
                {
                    "protocolSessionId": "35079404-9634-4932-a6a5-afeacf83d166",
                    "account": 123123102,
                    "date": "2025-05-09T01:47:55.001",
                    "duration": 8227.0,
                    "used": 82270,
                    "losses": 0,
                    "requests": 3,
                    "handler": "CNT"
                },
                {
                    "protocolSessionId": "159631e5-989f-4b04-a01d-7f6476b7bd13",
                    "account": 123123102,
                    "date": "2025-05-09T04:21:29.001",
                    "duration": 3965.0,
                    "used": 15860,
                    "losses": 0,
                    "requests": 3,
                    "handler": "CNT"
                }
            ],
            "phase_two": [
                {
                    "protocolSessionId": "13424c61-ca2f-46de-92cd-d5df6796ab21",
                    "account": 123123102,
                    "duration": 20,
                    "date": "2025-05-09T05:29:19.001",
                    "used": 99324288,
                    "losses": 0,
                    "requests": 2,
                    "handler": "CTG"
                }
            ]
        }
    }
}