{
    "observation": {
        "previous_period_summary": {
            "cnt_percentage": 35.29,
            "cnt_requests": 6,
            "losses_percentage": 0.0,
            "losses_volume": 0
        },
        "current_period": {
            "phase_one": [
                {
                    "protocolSessionId": "c2d72da6-d1aa-4e7a-94ce-5511b8a96dde",
                    "account": 123123102,
                    "date": "2025-03-15T01:49:56.001",
                    "duration": 0.0,
                    "used": 21752120,
                    "losses": 0,
                    "requests": 4,
                    "handler": "CNT"
                }
            ],
            "phase_two": [
                {
                    "protocolSessionId": "95f88879-8a46-4875-9697-5a9ef2edd9aa",
                    "account": 123123102,
                    "duration": 20,
                    "date": "2025-03-15T02:56:35.001",
                    "used": 415013311,
                    "losses": 0,
                    "requests": 3,
                    "handler": "CTG"
                }
            ]
        }
    }
}