{
    "observation": {
        "previous_period_summary": {
            "cnt_percentage": 3.95,
            "cnt_requests": 3,
            "losses_percentage": 0.0,
            "losses_volume": 0
        },
        "current_period": {
            "phase_one": [
                {
                    "protocolSessionId": "7f55a77e-6d65-4b9a-9210-59f3ad0d49d6",
                    "account": 123123102,
                    "date": "2025-03-29T10:15:23.001",
                    "duration": 558.0,
                    "used": 105201850,
                    "losses": 0,
                    "requests": 6,
                    "handler": "CNT"
                }
            ],
            "phase_two": [
                {
                    "protocolSessionId": "7eb96dde-579a-4725-bad0-db08941ebe34",
                    "account": 123123102,
                    "duration": 20,
                    "date": "2025-03-29T17:14:00.001",
                    "used": 36,
                    "losses": 0,
                    "requests": 2,
                    "handler": "CTG"
                }
            ]
        }
    }
}