{
    "observation": {
        "previous_period_summary": {
            "cnt_percentage": 93.1,
            "cnt_requests": 27,
            "losses_percentage": 0.0,
            "losses_volume": 0
        },
        "current_period": {
            "phase_one": [
                {
                    "protocolSessionId": "6c3a1655-ffeb-4df5-8fde-0a6f5da23269",
                    "account": 123123102,
                    "date": "2025-05-16T14:20:07.001",
                    "duration": 1.0,
                    "used": 1333,
                    "losses": 0,
                    "requests": 3,
                    "handler": "CNT"
                }
            ],
            "phase_two": [
                {
                    "protocolSessionId": "a077a655-ffbc-461c-a985-49a445b8352f",
                    "account": 123123102,
                    "duration": 20,
                    "date": "2025-05-16T15:06:41.001",
                    "used": 121,
                    "losses": 0,
                    "requests": 2,
                    "handler": "CTG"
                },
                {
                    "protocolSessionId": "744725cd-5dc6-4df2-85da-7d7ea9479508",
                    "account": 123123102,
                    "duration": 20,
                    "date": "2025-05-16T15:58:27.001",
                    "used": 174370898,
                    "losses": 0,
                    "requests": 3,
                    "handler": "CTG"
                }
            ]
        }
    }
}