{
    "observation": {
        "previous_period_summary": {
            "cnt_percentage": 66.67,
            "cnt_requests": 12,
            "losses_percentage": 0.0,
            "losses_volume": 0
        },
        "current_period": {
            "phase_one": [
                {
                    "protocolSessionId": "ef853295-2997-402c-9a8a-5bbd536d3d60",
                    "account": 123123102,
                    "date": "2025-05-22T22:44:28.001",
                    "duration": 292.0,
                    "used": 41378444,
                    "losses": 0,
                    "requests": 3,
                    "handler": "CNT"
                },
                {
                    "protocolSessionId": "abd3be6a-fdd7-4ab1-b7a3-2e73a6b77581",
                    "account": 123123102,
                    "date": "2025-05-22T22:57:28.001",
                    "duration": 38284.0,
                    "used": 287339015,
                    "losses": 0,
                    "requests": 10,
                    "handler": "CNT"
                }
            ],
            "phase_two": [
                {
                    "protocolSessionId": "1e63a2dd-7628-4bc0-9052-7121720af06f",
                    "account": 123123102,
                    "duration": 20,
                    "date": "2025-05-23T00:18:10.001",
                    "used": 2808343,
                    "losses": 0,
                    "requests": 2,
                    "handler": "CTG"
                },
                {
                    "protocolSessionId": "2246cace-c753-4d35-8cf7-458c2a17dac8",
                    "account": 123123102,
                    "duration": 20,
                    "date": "2025-05-23T01:42:37.001",
                    "used": 339288613,
                    "losses": 0,
                    "requests": 4,
                    "handler": "CTG"
                },
                {
                    "protocolSessionId": "c1fe24bf-5dbd-4550-9ab9-51395f940c54",
                    "account": 123123102,
                    "duration": 20,
                    "date": "2025-05-23T01:54:18.001",
                    "used": 24991000,
                    "losses": 0,
                    "requests": 2,
                    "handler": "CTG"
                },
                {
                    "protocolSessionId": "78d80cef-61e7-4dc5-ad56-6cc6e93f86e6",
                    "account": 123123102,
                    "duration": 20,
                    "date": "2025-05-23T03:38:39.001",
                    "used": 4363632,
                    "losses": 0,
                    "requests": 2,
                    "handler": "CTG"
                },
                {
                    "protocolSessionId": "88f0d28f-6136-4213-b059-238e33f6f77e",
                    "account": 123123102,
                    "duration": 20,
                    "date": "2025-05-23T09:36:25.001",
                    "used": 6,
                    "losses": 0,
                    "requests": 2,
                    "handler": "CTG"
                },
                {
                    "protocolSessionId": "d4438bf2-94c0-4fb0-8a36-c315f5c1aa07",
                    "account": 123123102,
                    "duration": 20,
                    "date": "2025-05-23T13:19:40.001",
                    "used": 255181398,
                    "losses": 0,
                    "requests": 5,
                    "handler": "CTG"
                },
                {
                    "protocolSessionId": "92a0c483-f37b-4729-b412-4732cb6d0154",
                    "account": 123123102,
                    "duration": 20,
                    "date": "2025-05-23T14:28:28.001",
                    "used": 65144321,
                    "losses": 0,
                    "requests": 2,
                    "handler": "CTG"
                },
                {
                    "protocolSessionId": "509cb103-c4f7-4d58-85e8-6d574d3d5fe5",
                    "account": 123123102,
                    "duration": 20,
                    "date": "2025-05-23T15:17:05.001",
                    "used": 43140,
                    "losses": 0,
                    "requests": 2,
                    "handler": "CTG"
                }
            ]
        }
    }
}