{
    "observation": {
        "previous_period_summary": {
            "cnt_percentage": 75.0,
            "cnt_requests": 6,
            "losses_percentage": 0.0,
            "losses_volume": 0
        },
        "current_period": {
            "phase_one": [
                {
                    "protocolSessionId": "f99636da-bc46-411f-8c77-23f0242f2b5b",
                    "account": 123123102,
                    "date": "2025-03-29T23:02:33.001",
                    "duration": 13918.0,
                    "used": 289703317,
                    "losses": 0,
                    "requests": 15,
                    "handler": "CNT"
                }
            ],
            "phase_two": [
                {
                    "protocolSessionId": "5503b2be-1519-458e-b04d-8f13c1d854f0",
                    "account": 123123102,
                    "duration": 20,
                    "date": "2025-03-30T11:18:07.001",
                    "used": 240390540,
                    "losses": 0,
                    "requests": 2,
                    "handler": "CTG"
                },
                {
                    "protocolSessionId": "4d770748-6ebd-4dcb-9945-ac4d7da33ec5",
                    "account": 123123102,
                    "duration": 20,
                    "date": "2025-03-31T00:48:08.001",
                    "used": 910793628,
                    "losses": 0,
                    "requests": 2,
                    "handler": "CTG"
                },
                {
                    "protocolSessionId": "8f689441-1cc2-48e1-ba67-113609b9a2f1",
                    "account": 123123102,
                    "duration": 20,
                    "date": "2025-03-31T03:28:00.001",
                    "used": 11996586,
                    "losses": 0,
                    "requests": 2,
                    "handler": "CTG"
                },
                {
                    "protocolSessionId": "d42ed598-cfab-4505-9b2e-6331ea06dd64",
                    "account": 123123102,
                    "duration": 20,
                    "date": "2025-03-31T03:57:38.001",
                    "used": 1817871,
                    "losses": 0,
                    "requests": 2,
                    "handler": "CTG"
                },
                {
                    "protocolSessionId": "4fee49ea-6f41-4f2f-8eb1-ffbf0995f819",
                    "account": 123123102,
                    "duration": 20,
                    "date": "2025-03-31T07:56:53.001",
                    "used": 4176,
                    "losses": 0,
                    "requests": 2,
                    "handler": "CTG"
                },
                {
                    "protocolSessionId": "fee8dae9-213c-4f82-9f4f-80f0a8587409",
                    "account": 123123102,
                    "duration": 20,
                    "date": "2025-03-31T09:17:46.001",
                    "used": 1662055783,
                    "losses": 428221782,
                    "requests": 8,
                    "handler": "CTG"
                },
                {
                    "protocolSessionId": "19a07fe5-6f2e-48f5-862b-c803bbbd2e9e",
                    "account": 123123102,
                    "duration": 20,
                    "date": "2025-03-31T09:38:38.001",
                    "used": 34696116,
                    "losses": 0,
                    "requests": 2,
                    "handler": "CTG"
                },
                {
                    "protocolSessionId": "ec4055c2-fe95-4f41-94e5-6485af86905a",
                    "account": 123123102,
                    "duration": 20,
                    "date": "2025-03-31T14:01:34.001",
                    "used": 222090120,
                    "losses": 0,
                    "requests": 3,
                    "handler": "CTG"
                },
                {
                    "protocolSessionId": "7cb5f27e-2f7b-45d8-92da-b29008ea96b2",
                    "account": 123123102,
                    "duration": 20,
                    "date": "2025-03-31T15:10:49.001",
                    "used": 0,
                    "losses": 0,
                    "requests": 1,
                    "handler": "CTG"
                },
                {
                    "protocolSessionId": "8bf6ed9e-89ac-4326-a381-fe698fde78c7",
                    "account": 123123102,
                    "duration": 20,
                    "date": "2025-03-31T18:09:25.001",
                    "used": 0,
                    "losses": 0,
                    "requests": 1,
                    "handler": "CTG"
                },
                {
                    "protocolSessionId": "35e536e5-37cf-4eeb-9940-c1e8ae0019cf",
                    "account": 123123102,
                    "duration": 20,
                    "date": "2025-04-01T01:03:44.001",
                    "used": 893101938,
                    "losses": 0,
                    "requests": 3,
                    "handler": "CTG"
                },
                {
                    "protocolSessionId": "9bca6772-e17b-486e-91b7-67251362678c",
                    "account": 123123102,
                    "duration": 20,
                    "date": "2025-04-01T01:59:14.001",
                    "used": 8488572,
                    "losses": 0,
                    "requests": 2,
                    "handler": "CTG"
                },
                {
                    "protocolSessionId": "c8a54682-10d0-405d-87af-418d059c591a",
                    "account": 123123102,
                    "duration": 20,
                    "date": "2025-04-01T02:06:24.001",
                    "used": 4705272,
                    "losses": 0,
                    "requests": 2,
                    "handler": "CTG"
                },
                {
                    "protocolSessionId": "4348e475-7d82-474b-ba7a-162d55b1a90c",
                    "account": 123123102,
                    "duration": 20,
                    "date": "2025-04-02T04:41:57.001",
                    "used": 312515448,
                    "losses": 0,
                    "requests": 2,
                    "handler": "CTG"
                },
                {
                    "protocolSessionId": "ab5895d9-e3dc-4058-9cff-74d9f0c01994",
                    "account": 123123102,
                    "duration": 20,
                    "date": "2025-04-02T09:54:50.001",
                    "used": 78994656,
                    "losses": 0,
                    "requests": 2,
                    "handler": "CTG"
                },
                {
                    "protocolSessionId": "a4a3904b-7f6e-4e2f-ac26-6a2b5d34d9f5",
                    "account": 123123102,
                    "duration": 20,
                    "date": "2025-04-02T10:29:27.001",
                    "used": 449,
                    "losses": 0,
                    "requests": 2,
                    "handler": "CTG"
                },
                {
                    "protocolSessionId": "9ea2db2d-3a3e-4683-8804-5b2c56eec0da",
                    "account": 123123102,
                    "duration": 20,
                    "date": "2025-04-02T14:01:48.001",
                    "used": 105145439,
                    "losses": 0,
                    "requests": 3,
                    "handler": "CTG"
                },
                {
                    "protocolSessionId": "0dc27cc5-28b1-4313-ae8b-1da6ba97c757",
                    "account": 123123102,
                    "duration": 20,
                    "date": "2025-04-02T15:55:49.001",
                    "used": 1438108,
                    "losses": 0,
                    "requests": 2,
                    "handler": "CTG"
                },
                {
                    "protocolSessionId": "a2fe0f00-3b0b-4ca3-85f2-5a4015600ea2",
                    "account": 123123102,
                    "duration": 20,
                    "date": "2025-04-02T21:05:05.001",
                    "used": 8547,
                    "losses": 0,
                    "requests": 2,
                    "handler": "CTG"
                },
                {
                    "protocolSessionId": "8191a6eb-22f0-4aaf-896b-d91ed3cb898e",
                    "account": 123123102,
                    "duration": 20,
                    "date": "2025-04-02T21:41:51.001",
                    "used": 135560,
                    "losses": 0,
                    "requests": 2,
                    "handler": "CTG"
                },
                {
                    "protocolSessionId": "d1bd0d58-22b6-45e9-9234-766950638b52",
                    "account": 123123102,
                    "duration": 20,
                    "date": "2025-04-02T22:03:13.001",
                    "used": 3,
                    "losses": 0,
                    "requests": 2,
                    "handler": "CTG"
                },
                {
                    "protocolSessionId": "7fe29d6b-c9e0-483d-b829-247c4e987942",
                    "account": 123123102,
                    "duration": 20,
                    "date": "2025-04-03T06:14:23.001",
                    "used": 894135,
                    "losses": 0,
                    "requests": 2,
                    "handler": "CTG"
                },
                {
                    "protocolSessionId": "7bee18fa-d6a9-4438-b112-c088e551c2d8",
                    "account": 123123102,
                    "duration": 20,
                    "date": "2025-04-03T06:20:27.001",
                    "used": 11,
                    "losses": 0,
                    "requests": 2,
                    "handler": "CTG"
                }
            ]
        }
    }
}