{
    "observation": {
        "previous_period_summary": {
            "cnt_percentage": 6.67,
            "cnt_requests": 10,
            "losses_percentage": 0.0,
            "losses_volume": 0
        },
        "current_period": {
            "phase_one": [
                {
                    "protocolSessionId": "a9d25703-07d3-4aab-888b-6e954334e863",
                    "account": 123123102,
                    "date": "2025-05-02T10:57:33.001",
                    "duration": 37427.0,
                    "used": 248350421,
                    "losses": 0,
                    "requests": 10,
                    "handler": "CNT"
                }
            ],
            "phase_two": [
                {
                    "protocolSessionId": "0854bc8a-d456-4e1c-b358-374a84fd5974",
                    "account": 123123102,
                    "duration": 20,
                    "date": "2025-05-02T12:51:39.001",
                    "used": 80587080,
                    "losses": 0,
                    "requests": 3,
                    "handler": "CTG"
                },
                {
                    "protocolSessionId": "3afbb554-3159-485d-b8c9-e6243e984168",
                    "account": 123123102,
                    "duration": 20,
                    "date": "2025-05-02T13:30:35.001",
                    "used": 0,
                    "losses": 0,
                    "requests": 1,
                    "handler": "CTG"
                },
                {
                    "protocolSessionId": "eb837756-40a1-4aa7-adc1-19705472f239",
                    "account": 123123102,
                    "duration": 20,
                    "date": "2025-05-02T14:56:49.001",
                    "used": 318395638,
                    "losses": 0,
                    "requests": 3,
                    "handler": "CTG"
                },
                {
                    "protocolSessionId": "504fea55-0780-4c6f-8153-25c4b5590426",
                    "account": 123123102,
                    "duration": 20,
                    "date": "2025-05-02T15:22:55.001",
                    "used": 60716,
                    "losses": 0,
                    "requests": 2,
                    "handler": "CTG"
                },
                {
                    "protocolSessionId": "c6052ad4-9591-4e10-a718-8680cf773d3c",
                    "account": 123123102,
                    "duration": 20,
                    "date": "2025-05-02T15:23:35.001",
                    "used": 0,
                    "losses": 0,
                    "requests": 1,
                    "handler": "CTG"
                },
                {
                    "protocolSessionId": "59f03c43-2efa-4807-837d-0b843ab844a5",
                    "account": 123123102,
                    "duration": 20,
                    "date": "2025-05-02T15:35:01.001",
                    "used": 0,
                    "losses": 0,
                    "requests": 1,
                    "handler": "CTG"
                },
                {
                    "protocolSessionId": "052d6dfb-bf85-48d6-af8c-4ca398f13ce5",
                    "account": 123123102,
                    "duration": 20,
                    "date": "2025-05-02T15:41:02.001",
                    "used": 79606074,
                    "losses": 0,
                    "requests": 2,
                    "handler": "CTG"
                },
                {
                    "protocolSessionId": "b74821b6-86c1-45a9-9c44-36d8ae5981fc",
                    "account": 123123102,
                    "duration": 20,
                    "date": "2025-05-02T15:47:27.001",
                    "used": 1623936,
                    "losses": 0,
                    "requests": 2,
                    "handler": "CTG"
                }
            ]
        }
    }
}