{
    "observation": {
        "previous_period_summary": {
            "cnt_percentage": 66.67,
            "cnt_requests": 6,
            "losses_percentage": 0.0,
            "losses_volume": 0
        },
        "current_period": {
            "phase_one": [
                {
                    "protocolSessionId": "1a0aa73b-f237-4b36-a5cf-9c01e327be2c",
                    "account": 123123102,
                    "date": "2025-03-23T19:39:30.001",
                    "duration": 21.0,
                    "used": 61656,
                    "losses": 0,
                    "requests": 3,
                    "handler": "CNT"
                }
            ],
            "phase_two": [
                {
                    "protocolSessionId": "cfce8be9-f062-4f69-a5b5-e91cc073e30e",
                    "account": 123123102,
                    "duration": 20,
                    "date": "2025-03-23T23:06:58.001",
                    "used": 11102,
                    "losses": 0,
                    "requests": 2,
                    "handler": "CTG"
                },
                {
                    "protocolSessionId": "5a09c442-ea91-4bd8-bdf0-4523b1d1040a",
                    "account": 123123102,
                    "duration": 20,
                    "date": "2025-03-23T23:30:51.001",
                    "used": 0,
                    "losses": 0,
                    "requests": 1,
                    "handler": "CTG"
                },
                {
                    "protocolSessionId": "074c43d3-474f-4806-8c21-38612b645624",
                    "account": 123123102,
                    "duration": 20,
                    "date": "2025-03-24T01:44:16.001",
                    "used": 0,
                    "losses": 0,
                    "requests": 1,
                    "handler": "CTG"
                },
                {
                    "protocolSessionId": "48b71b86-e033-4957-8fa8-7b422c809d79",
                    "account": 123123102,
                    "duration": 20,
                    "date": "2025-03-24T02:17:46.001",
                    "used": 426941884,
                    "losses": 0,
                    "requests": 4,
                    "handler": "CTG"
                },
                {
                    "protocolSessionId": "e79bd64e-acba-41d8-a529-262b32712227",
                    "account": 123123102,
                    "duration": 20,
                    "date": "2025-03-24T07:49:40.001",
                    "used": 417948144,
                    "losses": 0,
                    "requests": 3,
                    "handler": "CTG"
                },
                {
                    "protocolSessionId": "a2c7e3fc-e93b-4c08-b70e-278f5fed4b36",
                    "account": 123123102,
                    "duration": 20,
                    "date": "2025-03-24T10:36:20.001",
                    "used": 602380982,
                    "losses": 0,
                    "requests": 5,
                    "handler": "CTG"
                },
                {
                    "protocolSessionId": "f6251f5e-9692-42f6-8bdd-db271e4a9ede",
                    "account": 123123102,
                    "duration": 20,
                    "date": "2025-03-24T11:02:18.001",
                    "used": 135322495,
                    "losses": 0,
                    "requests": 2,
                    "handler": "CTG"
                },
                {
                    "protocolSessionId": "9f3a21cb-29f4-4d2e-805a-4b5b680452ea",
                    "account": 123123102,
                    "duration": 20,
                    "date": "2025-03-24T19:32:45.001",
                    "used": 0,
                    "losses": 0,
                    "requests": 1,
                    "handler": "CTG"
                },
                {
                    "protocolSessionId": "51a3801b-ec27-4102-95cb-c14be8b268aa",
                    "account": 123123102,
                    "duration": 20,
                    "date": "2025-03-25T03:39:05.001",
                    "used": 140519105,
                    "losses": 0,
                    "requests": 3,
                    "handler": "CTG"
                },
                {
                    "protocolSessionId": "215d3c67-d5a5-4aaa-886b-113a83c0603c",
                    "account": 123123102,
                    "duration": 20,
                    "date": "2025-03-25T11:33:44.001",
                    "used": 150671807,
                    "losses": 0,
                    "requests": 2,
                    "handler": "CTG"
                },
                {
                    "protocolSessionId": "520ba9b2-1e9d-4765-bff0-ea0d95030894",
                    "account": 123123102,
                    "duration": 20,
                    "date": "2025-03-25T11:46:20.001",
                    "used": 147807699,
                    "losses": 0,
                    "requests": 2,
                    "handler": "CTG"
                },
                {
                    "protocolSessionId": "9bc11645-770c-4098-a7a5-18e30d8d856b",
                    "account": 123123102,
                    "duration": 20,
                    "date": "2025-03-25T15:29:13.001",
                    "used": 594,
                    "losses": 0,
                    "requests": 2,
                    "handler": "CTG"
                },
                {
                    "protocolSessionId": "a0e6e17e-2b72-4b28-970c-d3fd1fa8b149",
                    "account": 123123102,
                    "duration": 20,
                    "date": "2025-03-25T21:17:10.001",
                    "used": 406378898,
                    "losses": 0,
                    "requests": 3,
                    "handler": "CTG"
                },
                {
                    "protocolSessionId": "79e31988-0ae8-4d74-81d8-2f74802124a5",
                    "account": 123123102,
                    "duration": 20,
                    "date": "2025-03-25T21:37:42.001",
                    "used": 241320514,
                    "losses": 0,
                    "requests": 3,
                    "handler": "CTG"
                },
                {
                    "protocolSessionId": "96126f43-7c72-4ab4-92d8-f56dafb58c6e",
                    "account": 123123102,
                    "duration": 20,
                    "date": "2025-03-26T17:19:22.001",
                    "used": 0,
                    "losses": 0,
                    "requests": 1,
                    "handler": "CTG"
                },
                {
                    "protocolSessionId": "e3cf3c27-1842-4e4a-9e18-0c812eb30604",
                    "account": 123123102,
                    "duration": 20,
                    "date": "2025-03-26T18:31:29.001",
                    "used": 296129391,
                    "losses": 0,
                    "requests": 2,
                    "handler": "CTG"
                },
                {
                    "protocolSessionId": "0fafa41e-07cd-4dac-848a-0a656a7c1962",
                    "account": 123123102,
                    "duration": 20,
                    "date": "2025-03-26T23:22:54.001",
                    "used": 22061376,
                    "losses": 0,
                    "requests": 2,
                    "handler": "CTG"
                },
                {
                    "protocolSessionId": "8993799d-e10d-4875-a9f8-8bd35938858c",
                    "account": 123123102,
                    "duration": 20,
                    "date": "2025-03-26T23:26:23.001",
                    "used": 0,
                    "losses": 0,
                    "requests": 1,
                    "handler": "CTG"
                },
                {
                    "protocolSessionId": "6fc1630b-2927-423f-b834-f63540986824",
                    "account": 123123102,
                    "duration": 20,
                    "date": "2025-03-27T03:36:18.001",
                    "used": 1680930,
                    "losses": 0,
                    "requests": 2,
                    "handler": "CTG"
                },
                {
                    "protocolSessionId": "ae1ee708-31b8-4405-9984-4f2eac0612cb",
                    "account": 123123102,
                    "duration": 20,
                    "date": "2025-03-27T03:59:01.001",
                    "used": 3616,
                    "losses": 0,
                    "requests": 2,
                    "handler": "CTG"
                },
                {
                    "protocolSessionId": "8f069089-a5d6-4036-9003-49d9607296f5",
                    "account": 123123102,
                    "duration": 20,
                    "date": "2025-03-27T04:38:34.001",
                    "used": 1385248,
                    "losses": 0,
                    "requests": 2,
                    "handler": "CTG"
                },
                {
                    "protocolSessionId": "6489c980-13c4-4783-9cf2-43d2463b5be0",
                    "account": 123123102,
                    "duration": 20,
                    "date": "2025-03-27T04:38:44.001",
                    "used": 0,
                    "losses": 0,
                    "requests": 1,
                    "handler": "CTG"
                },
                {
                    "protocolSessionId": "61554554-11f8-4b76-ac58-fac510eb0e70",
                    "account": 123123102,
                    "duration": 20,
                    "date": "2025-03-27T19:28:02.001",
                    "used": 12414248,
                    "losses": 0,
                    "requests": 2,
                    "handler": "CTG"
                },
                {
                    "protocolSessionId": "55f4e397-634c-4db4-9ab3-89d752fe72a0",
                    "account": 123123102,
                    "duration": 20,
                    "date": "2025-03-27T22:46:27.001",
                    "used": 103152,
                    "losses": 0,
                    "requests": 2,
                    "handler": "CTG"
                },
                {
                    "protocolSessionId": "4763ab14-65c9-482c-8775-b98414a852ad",
                    "account": 123123102,
                    "duration": 20,
                    "date": "2025-03-27T23:08:03.001",
                    "used": 0,
                    "losses": 0,
                    "requests": 1,
                    "handler": "CTG"
                },
                {
                    "protocolSessionId": "6794e485-394e-4e66-8884-ea228e79c76c",
                    "account": 123123102,
                    "duration": 20,
                    "date": "2025-03-29T01:03:43.001",
                    "used": 80324118,
                    "losses": 0,
                    "requests": 2,
                    "handler": "CTG"
                },
                {
                    "protocolSessionId": "c8b4be8f-0565-4e6f-894f-67d9833d1f82",
                    "account": 123123102,
                    "duration": 20,
                    "date": "2025-03-29T03:39:41.001",
                    "used": 1573393587,
                    "losses": 0,
                    "requests": 7,
                    "handler": "CTG"
                },
                {
                    "protocolSessionId": "749e194d-1cf2-4b35-b23a-11776c91b0ad",
                    "account": 123123102,
                    "duration": 20,
                    "date": "2025-03-29T05:34:09.001",
                    "used": 267958255,
                    "losses": 0,
                    "requests": 3,
                    "handler": "CTG"
                },
                {
                    "protocolSessionId": "765f6661-3fc5-4572-857e-fd0506749ac9",
                    "account": 123123102,
                    "duration": 20,
                    "date": "2025-03-29T06:57:32.001",
                    "used": 3059050,
                    "losses": 0,
                    "requests": 2,
                    "handler": "CTG"
                },
                {
                    "protocolSessionId": "57dfde90-0791-4b2c-8826-6fe08975c12f",
                    "account": 123123102,
                    "duration": 20,
                    "date": "2025-03-29T07:10:19.001",
                    "used": 305423150,
                    "losses": 0,
                    "requests": 5,
                    "handler": "CTG"
                },
                {
                    "protocolSessionId": "0bd49a41-ba3f-4f9f-a5af-f6e1ce5fe277",
                    "account": 123123102,
                    "duration": 20,
                    "date": "2025-03-29T07:17:10.001",
                    "used": 186140,
                    "losses": 0,
                    "requests": 2,
                    "handler": "CTG"
                }
            ]
        }
    }
}