{
    "observation": {
        "previous_period_summary": {
            "cnt_percentage": 83.33,
            "cnt_requests": 10,
            "losses_percentage": 0.0,
            "losses_volume": 0
        },
        "current_period": {
            "phase_one": [
                {
                    "protocolSessionId": "d57c57e2-da8b-439a-b19d-0ed9662d94cd",
                    "account": 123123102,
                    "date": "2025-04-23T06:32:55.001",
                    "duration": 25.0,
                    "used": 2569525,
                    "losses": 0,
                    "requests": 3,
                    "handler": "CNT"
                }
            ],
            "phase_two": [
                {
                    "protocolSessionId": "5cca4a4d-03ba-4afb-9ba2-a2b29620f97a",
                    "account": 123123102,
                    "duration": 20,
                    "date": "2025-04-23T06:48:14.001",
                    "used": 241916206,
                    "losses": 0,
                    "requests": 4,
                    "handler": "CTG"
                },
                {
                    "protocolSessionId": "165e806d-bb24-403f-9623-7259c35ae068",
                    "account": 123123102,
                    "duration": 20,
                    "date": "2025-04-23T06:48:36.001",
                    "used": 205618,
                    "losses": 0,
                    "requests": 2,
                    "handler": "CTG"
                },
                {
                    "protocolSessionId": "9a20e847-4a84-47d2-9567-6ce020b4ddec",
                    "account": 123123102,
                    "duration": 20,
                    "date": "2025-04-23T07:31:49.001",
                    "used": 134324688,
                    "losses": 0,
                    "requests": 2,
                    "handler": "CTG"
                },
                {
                    "protocolSessionId": "d0e16d18-6213-4d34-89c2-57036bfeffa7",
                    "account": 123123102,
                    "duration": 20,
                    "date": "2025-04-23T08:11:50.001",
                    "used": 102948,
                    "losses": 0,
                    "requests": 2,
                    "handler": "CTG"
                },
                {
                    "protocolSessionId": "7a30f185-2c94-4270-8331-750704d0c752",
                    "account": 123123102,
                    "duration": 20,
                    "date": "2025-04-23T08:28:34.001",
                    "used": 58596827,
                    "losses": 0,
                    "requests": 2,
                    "handler": "CTG"
                },
                {
                    "protocolSessionId": "dc4bbfd3-d662-45b2-a937-fadcc0b504c9",
                    "account": 123123102,
                    "duration": 20,
                    "date": "2025-04-23T09:05:56.001",
                    "used": 52372647,
                    "losses": 0,
                    "requests": 3,
                    "handler": "CTG"
                }
            ]
        }
    }
}