{
    "observation": {
        "previous_period_summary": {
            "cnt_percentage": 64.29,
            "cnt_requests": 18,
            "losses_percentage": 0.0,
            "losses_volume": 0
        },
        "current_period": {
            "phase_one": [
                {
                    "protocolSessionId": "33d0e35c-aab1-4524-aefa-2bf98f29d627",
                    "account": 123123102,
                    "date": "2025-05-18T02:46:16.001",
                    "duration": 20958.0,
                    "used": 5637702,
                    "losses": 0,
                    "requests": 3,
                    "handler": "CNT"
                }
            ],
            "phase_two": [
                {
                    "protocolSessionId": "0b2f298d-7a49-42a4-8f7a-fa01e2d50e00",
                    "account": 123123102,
                    "duration": 20,
                    "date": "2025-05-18T14:37:24.001",
                    "used": 195843168,
                    "losses": 0,
                    "requests": 6,
                    "handler": "CTG"
                }
            ]
        }
    }
}