{
    "observation": {
        "previous_period_summary": {
            "cnt_percentage": 37.5,
            "cnt_requests": 3,
            "losses_percentage": 0.0,
            "losses_volume": 0
        },
        "current_period": {
            "phase_one": [
                {
                    "protocolSessionId": "7aaea53b-876a-4b2a-b64f-11b4b5828e20",
                    "account": 123123102,
                    "date": "2025-05-16T18:59:47.001",
                    "duration": 10.0,
                    "used": 580,
                    "losses": 0,
                    "requests": 3,
                    "handler": "CNT"
                },
                {
                    "protocolSessionId": "f643c5ac-1f09-4cec-a360-3bb7b8505fbc",
                    "account": 123123102,
                    "date": "2025-05-16T19:06:00.001",
                    "duration": 46630.0,
                    "used": 112148052,
                    "losses": 0,
                    "requests": 6,
                    "handler": "CNT"
                }
            ],
            "phase_two": [
                {
                    "protocolSessionId": "2c855729-fcef-464a-a54d-598ba5987802",
                    "account": 123123102,
                    "duration": 20,
                    "date": "2025-05-16T22:24:37.001",
                    "used": 0,
                    "losses": 0,
                    "requests": 1,
                    "handler": "CTG"
                },
                {
                    "protocolSessionId": "c3b19cf4-441d-45bc-bb32-b6d522eb5e8b",
                    "account": 123123102,
                    "duration": 20,
                    "date": "2025-05-16T22:35:40.001",
                    "used": 0,
                    "losses": 0,
                    "requests": 1,
                    "handler": "CTG"
                }
            ]
        }
    }
}