{
    "observation": {
        "previous_period_summary": {
            "cnt_percentage": 60.0,
            "cnt_requests": 3,
            "losses_percentage": 0.0,
            "losses_volume": 0
        },
        "current_period": {
            "phase_one": [
                {
                    "protocolSessionId": "573c37e2-10ca-42e5-8942-a2178b6b7e6e",
                    "account": 123123102,
                    "date": "2025-05-18T18:49:48.001",
                    "duration": 15089.0,
                    "used": 311714094,
                    "losses": 33038744,
                    "requests": 15,
                    "handler": "CNT"
                }
            ],
            "phase_two": [
                {
                    "protocolSessionId": "d71e3c13-5897-4889-a074-d2eab290f939",
                    "account": 123123102,
                    "duration": 20,
                    "date": "2025-05-18T22:20:48.001",
                    "used": 122642,
                    "losses": 0,
                    "requests": 2,
                    "handler": "CTG"
                }
            ]
        }
    }
}