{
    "observation": {
        "previous_period_summary": {
            "cnt_percentage": 16.67,
            "cnt_requests": 3,
            "losses_percentage": 0.0,
            "losses_volume": 0
        },
        "current_period": {
            "phase_one": [
                {
                    "protocolSessionId": "56e39ea3-5761-4fc4-85c3-1cd85d26ba8e",
                    "account": 123123102,
                    "date": "2025-04-23T10:35:58.001",
                    "duration": 17789.0,
                    "used": 1013973,
                    "losses": 0,
                    "requests": 3,
                    "handler": "CNT"
                },
                {
                    "protocolSessionId": "4028e9ec-96eb-4d5c-85b7-34bfe7f0bef0",
                    "account": 123123102,
                    "date": "2025-04-23T15:33:38.001",
                    "duration": 185.0,
                    "used": 1085765,
                    "losses": 0,
                    "requests": 3,
                    "handler": "CNT"
                }
            ],
            "phase_two": [
                {
                    "protocolSessionId": "48b82faa-8d47-41de-b0f2-5e405e711a62",
                    "account": 123123102,
                    "duration": 20,
                    "date": "2025-04-23T15:49:29.001",
                    "used": 191877,
                    "losses": 0,
                    "requests": 2,
                    "handler": "CTG"
                }
            ]
        }
    }
}