{
    "observation": {
        "previous_period_summary": {
            "cnt_percentage": 60.0,
            "cnt_requests": 9,
            "losses_percentage": 0.0,
            "losses_volume": 0
        },
        "current_period": {
            "phase_one": [
                {
                    "protocolSessionId": "e5be8ac0-603c-4151-ba24-67c3e4974df8",
                    "account": 123123102,
                    "date": "2025-05-29T14:57:21.001",
                    "duration": 32943.0,
                    "used": 116495565,
                    "losses": 0,
                    "requests": 6,
                    "handler": "CNT"
                }
            ],
            "phase_two": [
                {
                    "protocolSessionId": "bda5052c-66e0-4726-9b48-9d0e2e152abd",
                    "account": 123123102,
                    "duration": 20,
                    "date": "2025-05-29T21:27:03.001",
                    "used": 53,
                    "losses": 0,
                    "requests": 2,
                    "handler": "CTG"
                }
            ]
        }
    }
}