{
    "observation": {
        "previous_period_summary": {
            "cnt_percentage": 33.96,
            "cnt_requests": 54,
            "losses_percentage": 0.0,
            "losses_volume": 0
        },
        "current_period": {
            "phase_one": [
                {
                    "protocolSessionId": "095782fe-ebb3-49f1-b646-9624a9bd3402",
                    "account": 123123100,
                    "date": "2025-03-31T01:49:11.001",
                    "duration": 7438.0,
                    "used": 104857600,
                    "losses": 39423878,
                    "requests": 6,
                    "handler": "CNT"
                }
            ],
            "phase_two": [
                {
                    "protocolSessionId": "f0e976cd-09c7-4d88-b648-a5e25eeb9fb4",
                    "account": 123123100,
                    "duration": 20,
                    "date": "2025-03-31T03:53:43.001",
                    "used": 13374688,
                    "losses": 0,
                    "requests": 2,
                    "handler": "CTG"
                }
            ]
        }
    }
}