{
    "observation": {
        "previous_period_summary": {
            "cnt_percentage": 60.0,
            "cnt_requests": 12,
            "losses_percentage": 0.0,
            "losses_volume": 0
        },
        "current_period": {
            "phase_one": [
                {
                    "protocolSessionId": "0510790c-0ef7-407d-8678-62edd80e3078",
                    "account": 123123100,
                    "date": "2025-03-03T11:19:14.001",
                    "duration": 16884.0,
                    "used": 210488390,
                    "losses": 0,
                    "requests": 10,
                    "handler": "CNT"
                },
                {
                    "protocolSessionId": "7a4f93c2-a867-42df-8012-635b7102dd65",
                    "account": 123123100,
                    "date": "2025-03-03T12:33:24.001",
                    "duration": 1487.0,
                    "used": 13383,
                    "losses": 0,
                    "requests": 3,
                    "handler": "CNT"
                },
                {
                    "protocolSessionId": "69bdd188-27d8-4456-a42e-0778fe510945",
                    "account": 123123100,
                    "date": "2025-03-03T17:55:32.001",
                    "duration": 17.0,
                    "used": 17,
                    "losses": 0,
                    "requests": 3,
                    "handler": "CNT"
                },
                {
                    "protocolSessionId": "015b46a3-4961-4970-ae8b-fd6c2b6ae272",
                    "account": 123123100,
                    "date": "2025-03-04T00:28:36.001",
                    "duration": 49631.0,
                    "used": 11663285,
                    "losses": 0,
                    "requests": 3,
                    "handler": "CNT"
                },
                {
                    "protocolSessionId": "a6537225-ebe6-4c90-b66b-30b15b92a22f",
                    "account": 123123100,
                    "date": "2025-03-04T01:40:41.001",
                    "duration": 1684.0,
                    "used": 3368,
                    "losses": 0,
                    "requests": 3,
                    "handler": "CNT"
                },
                {
                    "protocolSessionId": "d0f8995b-6291-4a33-92c0-8a30dddd409e",
                    "account": 123123100,
                    "date": "2025-03-04T02:08:46.001",
                    "duration": 33929.0,
                    "used": 266034380,
                    "losses": 0,
                    "requests": 10,
                    "handler": "CNT"
                }
            ],
            "phase_two": [
                {
                    "protocolSessionId": "5f8c1c1f-e862-4863-8be7-c5e10de25d71",
                    "account": 123123100,
                    "duration": 20,
                    "date": "2025-03-04T09:32:14.001",
                    "used": 49867,
                    "losses": 0,
                    "requests": 2,
                    "handler": "CTG"
                }
            ]
        }
    }
}