{
    "observation": {
        "previous_period_summary": {
            "cnt_percentage": 10.0,
            "cnt_requests": 9,
            "losses_percentage": 0.0,
            "losses_volume": 0
        },
        "current_period": {
            "phase_one": [
                {
                    "protocolSessionId": "a498ad7d-6391-4bba-81ab-88773e30e45b",
                    "account": 123123100,
                    "date": "2025-04-18T18:51:27.001",
                    "duration": 1756.0,
                    "used": 978092,
                    "losses": 0,
                    "requests": 3,
                    "handler": "CNT"
                },
                {
                    "protocolSessionId": "7ae0d2b9-68e4-4d98-9603-1af9f26bcd30",
                    "account": 123123100,
                    "date": "2025-04-18T19:20:46.001",
                    "duration": 3415.0,
                    "used": 23856430,
                    "losses": 414,
                    "requests": 6,
                    "handler": "CNT"
                }
            ],
            "phase_two": [
                {
                    "protocolSessionId": "46d7a766-8a1b-470f-8c95-cba9ad79ce4b",
                    "account": 123123100,
                    "duration": 20,
                    "date": "2025-04-19T03:23:51.001",
                    "used": 82615973,
                    "losses": 0,
                    "requests": 3,
                    "handler": "CTG"
                },
                {
                    "protocolSessionId": "cb3cee02-3943-4e21-8aa2-698c86988385",
                    "account": 123123100,
                    "duration": 20,
                    "date": "2025-04-19T14:34:52.001",
                    "used": 0,
                    "losses": 0,
                    "requests": 1,
                    "handler": "CTG"
                },
                {
                    "protocolSessionId": "9c498c4a-050e-4564-bc90-53e669d6fdb6",
                    "account": 123123100,
                    "duration": 20,
                    "date": "2025-04-19T14:36:06.001",
                    "used": 0,
                    "losses": 0,
                    "requests": 1,
                    "handler": "CTG"
                },
                {
                    "protocolSessionId": "7a51b8ea-872d-42c1-93a9-31289eb29121",
                    "account": 123123100,
                    "duration": 20,
                    "date": "2025-04-20T00:46:04.001",
                    "used": 4091978,
                    "losses": 0,
                    "requests": 2,
                    "handler": "CTG"
                },
                {
                    "protocolSessionId": "83d29fdd-7a1b-4a2b-b417-1d841560f629",
                    "account": 123123100,
                    "duration": 20,
                    "date": "2025-04-20T05:25:10.001",
                    "used": 192000,
                    "losses": 0,
                    "requests": 2,
                    "handler": "CTG"
                },
                {
                    "protocolSessionId": "08d4ac18-051d-44f9-a5a8-1c616159d389",
                    "account": 123123100,
                    "duration": 20,
                    "date": "2025-04-20T08:32:09.001",
                    "used": 554682078,
                    "losses": 0,
                    "requests": 8,
                    "handler": "CTG"
                },
                {
                    "protocolSessionId": "8a766f19-3a05-475b-acb3-11830412954c",
                    "account": 123123100,
                    "duration": 20,
                    "date": "2025-04-20T08:45:39.001",
                    "used": 29075989,
                    "losses": 0,
                    "requests": 3,
                    "handler": "CTG"
                },
                {
                    "protocolSessionId": "d8cf434e-b59c-45c8-8d4c-ef6b997b1f20",
                    "account": 123123100,
                    "duration": 20,
                    "date": "2025-04-20T08:55:48.001",
                    "used": 0,
                    "losses": 0,
                    "requests": 1,
                    "handler": "CTG"
                },
                {
                    "protocolSessionId": "002131ff-3bd5-484a-aa9f-a8411957ebc7",
                    "account": 123123100,
                    "duration": 20,
                    "date": "2025-04-21T10:57:38.001",
                    "used": 61800,
                    "losses": 0,
                    "requests": 2,
                    "handler": "CTG"
                },
                {
                    "protocolSessionId": "30e4b422-65d3-4da8-b6e5-94ff31a8395a",
                    "account": 123123100,
                    "duration": 20,
                    "date": "2025-04-21T13:58:01.001",
                    "used": 444154096,
                    "losses": 0,
                    "requests": 8,
                    "handler": "CTG"
                },
                {
                    "protocolSessionId": "50d8ccdc-598b-4070-8356-a7e738f08865",
                    "account": 123123100,
                    "duration": 20,
                    "date": "2025-04-21T13:58:32.001",
                    "used": 71601,
                    "losses": 0,
                    "requests": 2,
                    "handler": "CTG"
                },
                {
                    "protocolSessionId": "d909a6aa-90ba-4f6a-b42e-085282b3fde8",
                    "account": 123123100,
                    "duration": 20,
                    "date": "2025-04-22T00:31:10.001",
                    "used": 39395513,
                    "losses": 0,
                    "requests": 4,
                    "handler": "CTG"
                },
                {
                    "protocolSessionId": "905ec969-1cb3-4f76-853f-c6498ee768c1",
                    "account": 123123100,
                    "duration": 20,
                    "date": "2025-04-22T02:22:55.001",
                    "used": 0,
                    "losses": 0,
                    "requests": 1,
                    "handler": "CTG"
                }
            ]
        }
    }
}