{
    "observation": {
        "previous_period_summary": {
            "cnt_percentage": 48.0,
            "cnt_requests": 12,
            "losses_percentage": 0.0,
            "losses_volume": 0
        },
        "current_period": {
            "phase_one": [
                {
                    "protocolSessionId": "9b3d31d4-01f9-4069-aafa-37d16b6ef693",
                    "account": 123123100,
                    "date": "2025-04-12T14:37:05.001",
                    "duration": 1.0,
                    "used": 27,
                    "losses": 0,
                    "requests": 3,
                    "handler": "CNT"
                },
                {
                    "protocolSessionId": "ca69b668-0275-4afa-b1c6-9ac72735c678",
                    "account": 123123100,
                    "date": "2025-04-12T15:09:30.001",
                    "duration": 4633.0,
                    "used": 118044398,
                    "losses": 0,
                    "requests": 6,
                    "handler": "CNT"
                }
            ],
            "phase_two": [
                {
                    "protocolSessionId": "a8a02404-ecae-4442-a680-5499e0a3e669",
                    "account": 123123100,
                    "duration": 20,
                    "date": "2025-04-12T18:57:47.001",
                    "used": 3694890,
                    "losses": 0,
                    "requests": 2,
                    "handler": "CTG"
                },
                {
                    "protocolSessionId": "8a1fd3e7-df35-4b5e-9ed7-b9fdfda4684a",
                    "account": 123123100,
                    "duration": 20,
                    "date": "2025-04-12T19:19:39.001",
                    "used": 547843949,
                    "losses": 0,
                    "requests": 5,
                    "handler": "CTG"
                },
                {
                    "protocolSessionId": "4d323b38-f7d4-4d6b-a232-704af6755a6c",
                    "account": 123123100,
                    "duration": 20,
                    "date": "2025-04-12T19:19:39.001",
                    "used": 1882880,
                    "losses": 0,
                    "requests": 2,
                    "handler": "CTG"
                },
                {
                    "protocolSessionId": "218afc53-93d2-45e6-a78a-bac785aa3cba",
                    "account": 123123100,
                    "duration": 20,
                    "date": "2025-04-12T19:28:52.001",
                    "used": 5572,
                    "losses": 0,
                    "requests": 2,
                    "handler": "CTG"
                },
                {
                    "protocolSessionId": "12a79682-fbea-4487-93c8-63edd710acd8",
                    "account": 123123100,
                    "duration": 20,
                    "date": "2025-04-12T20:00:48.001",
                    "used": 0,
                    "losses": 0,
                    "requests": 1,
                    "handler": "CTG"
                },
                {
                    "protocolSessionId": "e28e132b-4671-4237-b820-914708bafc81",
                    "account": 123123100,
                    "duration": 20,
                    "date": "2025-04-12T20:01:32.001",
                    "used": 0,
                    "losses": 0,
                    "requests": 1,
                    "handler": "CTG"
                },
                {
                    "protocolSessionId": "38ec4903-79a8-4673-b58c-2a7a9725381f",
                    "account": 123123100,
                    "duration": 20,
                    "date": "2025-04-13T01:55:18.001",
                    "used": 285602208,
                    "losses": 0,
                    "requests": 3,
                    "handler": "CTG"
                },
                {
                    "protocolSessionId": "151ac54e-a03d-4c13-a8ee-a23d35a27c1d",
                    "account": 123123100,
                    "duration": 20,
                    "date": "2025-04-13T13:00:49.001",
                    "used": 35256,
                    "losses": 0,
                    "requests": 2,
                    "handler": "CTG"
                },
                {
                    "protocolSessionId": "da5d39b2-8339-49ba-96eb-6394abb7dc58",
                    "account": 123123100,
                    "duration": 20,
                    "date": "2025-04-13T13:51:38.001",
                    "used": 126133420,
                    "losses": 0,
                    "requests": 3,
                    "handler": "CTG"
                },
                {
                    "protocolSessionId": "b3a7e463-214f-474a-a429-1885a75f9f5d",
                    "account": 123123100,
                    "duration": 20,
                    "date": "2025-04-13T21:56:47.001",
                    "used": 0,
                    "losses": 0,
                    "requests": 1,
                    "handler": "CTG"
                },
                {
                    "protocolSessionId": "21495b06-98cc-4d3e-9868-c0e1fae58f85",
                    "account": 123123100,
                    "duration": 20,
                    "date": "2025-04-13T22:15:29.001",
                    "used": 21371,
                    "losses": 0,
                    "requests": 2,
                    "handler": "CTG"
                },
                {
                    "protocolSessionId": "f4156182-696c-49a6-985e-e6aae326335a",
                    "account": 123123100,
                    "duration": 20,
                    "date": "2025-04-14T09:48:07.001",
                    "used": 669160,
                    "losses": 0,
                    "requests": 2,
                    "handler": "CTG"
                },
                {
                    "protocolSessionId": "45ee320e-c320-4153-8bbb-2fb1b55a7949",
                    "account": 123123100,
                    "duration": 20,
                    "date": "2025-04-14T13:20:08.001",
                    "used": 107595088,
                    "losses": 0,
                    "requests": 4,
                    "handler": "CTG"
                },
                {
                    "protocolSessionId": "f5064d25-be56-401b-a319-c5123ef3871b",
                    "account": 123123100,
                    "duration": 20,
                    "date": "2025-04-14T14:44:57.001",
                    "used": 162960,
                    "losses": 0,
                    "requests": 2,
                    "handler": "CTG"
                },
                {
                    "protocolSessionId": "ec3fd7cd-6994-46b9-9b3a-2152fe70742d",
                    "account": 123123100,
                    "duration": 20,
                    "date": "2025-04-14T18:53:53.001",
                    "used": 8210600,
                    "losses": 0,
                    "requests": 2,
                    "handler": "CTG"
                },
                {
                    "protocolSessionId": "48b0a713-989c-4f0b-82cc-e7b988a6bbc9",
                    "account": 123123100,
                    "duration": 20,
                    "date": "2025-04-15T00:50:22.001",
                    "used": 362192,
                    "losses": 0,
                    "requests": 2,
                    "handler": "CTG"
                },
                {
                    "protocolSessionId": "f1b9924b-7c3e-418d-b588-52a87eb2a5f4",
                    "account": 123123100,
                    "duration": 20,
                    "date": "2025-04-15T03:57:42.001",
                    "used": 72944,
                    "losses": 0,
                    "requests": 2,
                    "handler": "CTG"
                },
                {
                    "protocolSessionId": "6a9cb99e-b3ab-4ffa-a5f1-eaaf2bbd5074",
                    "account": 123123100,
                    "duration": 20,
                    "date": "2025-04-15T04:00:16.001",
                    "used": 281068,
                    "losses": 0,
                    "requests": 2,
                    "handler": "CTG"
                },
                {
                    "protocolSessionId": "a2980185-bf8a-48ef-943b-7b58c1544de6",
                    "account": 123123100,
                    "duration": 20,
                    "date": "2025-04-15T09:33:07.001",
                    "used": 443693490,
                    "losses": 0,
                    "requests": 4,
                    "handler": "CTG"
                },
                {
                    "protocolSessionId": "37d2e737-e627-4ef6-b282-453c0d378fec",
                    "account": 123123100,
                    "duration": 20,
                    "date": "2025-04-15T09:48:52.001",
                    "used": 294773,
                    "losses": 0,
                    "requests": 2,
                    "handler": "CTG"
                },
                {
                    "protocolSessionId": "bd8f2f75-8b4e-4820-809e-a2d3f55c1cc2",
                    "account": 123123100,
                    "duration": 20,
                    "date": "2025-04-15T09:52:54.001",
                    "used": 2287255,
                    "losses": 0,
                    "requests": 2,
                    "handler": "CTG"
                },
                {
                    "protocolSessionId": "611dda2f-3b6b-4b24-8a81-9bcfac063902",
                    "account": 123123100,
                    "duration": 20,
                    "date": "2025-04-15T10:05:48.001",
                    "used": 194488467,
                    "losses": 0,
                    "requests": 3,
                    "handler": "CTG"
                },
                {
                    "protocolSessionId": "aa7262f3-6a78-4af7-a269-06dacec517f0",
                    "account": 123123100,
                    "duration": 20,
                    "date": "2025-04-15T12:27:39.001",
                    "used": 6519347,
                    "losses": 0,
                    "requests": 2,
                    "handler": "CTG"
                },
                {
                    "protocolSessionId": "d7099233-39a0-4d76-a6ab-cf7136a5c780",
                    "account": 123123100,
                    "duration": 20,
                    "date": "2025-04-15T12:27:50.001",
                    "used": 0,
                    "losses": 0,
                    "requests": 1,
                    "handler": "CTG"
                },
                {
                    "protocolSessionId": "c45684ca-2809-4c4a-803e-11c3a8d10a33",
                    "account": 123123100,
                    "duration": 20,
                    "date": "2025-04-15T15:03:50.001",
                    "used": 4838493,
                    "losses": 0,
                    "requests": 2,
                    "handler": "CTG"
                },
                {
                    "protocolSessionId": "2047b271-b79b-4bd6-a23d-360e2a7eb227",
                    "account": 123123100,
                    "duration": 20,
                    "date": "2025-04-15T18:13:11.001",
                    "used": 25650660,
                    "losses": 0,
                    "requests": 2,
                    "handler": "CTG"
                },
                {
                    "protocolSessionId": "2756a631-faaa-4069-b34c-b671a8b21922",
                    "account": 123123100,
                    "duration": 20,
                    "date": "2025-04-16T00:19:58.001",
                    "used": 195965297,
                    "losses": 0,
                    "requests": 3,
                    "handler": "CTG"
                },
                {
                    "protocolSessionId": "1c940d75-86b9-4e48-bea8-68406fca65e3",
                    "account": 123123100,
                    "duration": 20,
                    "date": "2025-04-17T10:10:02.001",
                    "used": 40540186,
                    "losses": 0,
                    "requests": 3,
                    "handler": "CTG"
                },
                {
                    "protocolSessionId": "1adcd6b2-677b-4a42-9514-88db30794e83",
                    "account": 123123100,
                    "duration": 20,
                    "date": "2025-04-17T10:17:19.001",
                    "used": 19040,
                    "losses": 0,
                    "requests": 2,
                    "handler": "CTG"
                },
                {
                    "protocolSessionId": "f4626e3d-4767-4d6c-9552-b09f80cffd48",
                    "account": 123123100,
                    "duration": 20,
                    "date": "2025-04-17T13:30:00.001",
                    "used": 1022726,
                    "losses": 0,
                    "requests": 2,
                    "handler": "CTG"
                },
                {
                    "protocolSessionId": "a2d3db4e-7d82-4d3b-a99b-ffcea8ab353c",
                    "account": 123123100,
                    "duration": 20,
                    "date": "2025-04-17T18:36:08.001",
                    "used": 229964,
                    "losses": 0,
                    "requests": 2,
                    "handler": "CTG"
                },
                {
                    "protocolSessionId": "f973bee6-c993-4b23-ba28-2b401b7b14fc",
                    "account": 123123100,
                    "duration": 20,
                    "date": "2025-04-17T19:01:11.001",
                    "used": 44440656,
                    "losses": 0,
                    "requests": 2,
                    "handler": "CTG"
                },
                {
                    "protocolSessionId": "d8d0e046-90e7-4a03-be08-fcbdcf713c08",
                    "account": 123123100,
                    "duration": 20,
                    "date": "2025-04-17T19:28:03.001",
                    "used": 1586208,
                    "losses": 0,
                    "requests": 2,
                    "handler": "CTG"
                },
                {
                    "protocolSessionId": "a13731ff-be1c-4326-9bed-fe41c1dee9cc",
                    "account": 123123100,
                    "duration": 20,
                    "date": "2025-04-17T19:48:29.001",
                    "used": 1154,
                    "losses": 0,
                    "requests": 2,
                    "handler": "CTG"
                },
                {
                    "protocolSessionId": "35d0b826-d169-4a1f-aa9e-3927e9955f2c",
                    "account": 123123100,
                    "duration": 20,
                    "date": "2025-04-18T00:03:21.001",
                    "used": 0,
                    "losses": 0,
                    "requests": 1,
                    "handler": "CTG"
                },
                {
                    "protocolSessionId": "6cba4a26-d4e3-4ed3-8d8e-3d86dc18e7c0",
                    "account": 123123100,
                    "duration": 20,
                    "date": "2025-04-18T02:14:03.001",
                    "used": 0,
                    "losses": 0,
                    "requests": 1,
                    "handler": "CTG"
                },
                {
                    "protocolSessionId": "11bab1d7-29b9-472e-bebe-719f3958b064",
                    "account": 123123100,
                    "duration": 20,
                    "date": "2025-04-18T10:53:56.001",
                    "used": 0,
                    "losses": 0,
                    "requests": 1,
                    "handler": "CTG"
                },
                {
                    "protocolSessionId": "a2b56cef-6296-4e7a-8466-a107f77f72d8",
                    "account": 123123100,
                    "duration": 20,
                    "date": "2025-04-18T11:14:15.001",
                    "used": 0,
                    "losses": 0,
                    "requests": 1,
                    "handler": "CTG"
                },
                {
                    "protocolSessionId": "9a5f12b2-4afe-41a2-9e73-47470c9785ae",
                    "account": 123123100,
                    "duration": 20,
                    "date": "2025-04-18T16:48:29.001",
                    "used": 0,
                    "losses": 0,
                    "requests": 1,
                    "handler": "CTG"
                }
            ]
        }
    }
}