{
    "observation": {
        "previous_period_summary": {
            "cnt_percentage": 75.0,
            "cnt_requests": 6,
            "losses_percentage": 33.3444,
            "losses_volume": 39423878
        },
        "current_period": {
            "phase_one": [
                {
                    "protocolSessionId": "a435c828-3c75-4a7d-9f2f-23d3eadf1c7b",
                    "account": 123123100,
                    "date": "2025-03-31T04:32:03.001",
                    "duration": 14847.0,
                    "used": 73225404,
                    "losses": 0,
                    "requests": 3,
                    "handler": "CNT"
                }
            ],
            "phase_two": [
                {
                    "protocolSessionId": "b3a0d2d7-f607-4210-aacb-b8fa8e87b60d",
                    "account": 123123100,
                    "duration": 20,
                    "date": "2025-03-31T09:56:40.001",
                    "used": 3578365,
                    "losses": 0,
                    "requests": 2,
                    "handler": "CTG"
                }
            ]
        }
    }
}