{
    "observation": {
        "previous_period_summary": {
            "cnt_percentage": 58.33,
            "cnt_requests": 21,
            "losses_percentage": 0.0,
            "losses_volume": 0
        },
        "current_period": {
            "phase_one": [
                {
                    "protocolSessionId": "f81a219f-3592-4ca6-8fd7-7d9488656c04",
                    "account": 123123100,
                    "date": "2025-04-29T04:33:16.001",
                    "duration": 34.0,
                    "used": 5644,
                    "losses": 0,
                    "requests": 3,
                    "handler": "CNT"
                },
                {
                    "protocolSessionId": "8a9fc94c-463e-4e7c-926f-357fda7b32bb",
                    "account": 123123100,
                    "date": "2025-04-29T04:33:57.001",
                    "duration": 56064.0,
                    "used": 211572370,
                    "losses": 0,
                    "requests": 10,
                    "handler": "CNT"
                },
                {
                    "protocolSessionId": "8ebdeba1-07b4-4434-9526-4b912e8b3829",
                    "account": 123123100,
                    "date": "2025-04-29T07:54:58.001",
                    "duration": 4010.0,
                    "used": 12030,
                    "losses": 0,
                    "requests": 3,
                    "handler": "CNT"
                },
                {
                    "protocolSessionId": "96bdb25f-390b-40d6-9d68-748d1beb181d",
                    "account": 123123100,
                    "date": "2025-04-29T09:06:36.001",
                    "duration": 35.0,
                    "used": 22319045,
                    "losses": 0,
                    "requests": 3,
                    "handler": "CNT"
                },
                {
                    "protocolSessionId": "6a969ce6-439e-410d-bd18-4c717237f7b4",
                    "account": 123123100,
                    "date": "2025-04-29T12:45:40.001",
                    "duration": 330.0,
                    "used": 63739170,
                    "losses": 0,
                    "requests": 3,
                    "handler": "CNT"
                },
                {
                    "protocolSessionId": "41dc1167-e768-42b4-ba32-79c216e1cf5f",
                    "account": 123123100,
                    "date": "2025-04-30T14:33:26.001",
                    "duration": 66875.0,
                    "used": 104988922,
                    "losses": 0,
                    "requests": 6,
                    "handler": "CNT"
                }
            ],
            "phase_two": [
                {
                    "protocolSessionId": "25252791-a751-4a58-9085-aac7f7437e31",
                    "account": 123123100,
                    "duration": 20,
                    "date": "2025-04-30T17:30:01.001",
                    "used": 419823616,
                    "losses": 0,
                    "requests": 2,
                    "handler": "CTG"
                }
            ]
        }
    }
}