{
    "observation": {
        "previous_period_summary": {
            "cnt_percentage": 50.0,
            "cnt_requests": 6,
            "losses_percentage": 0.0,
            "losses_volume": 0
        },
        "current_period": {
            "phase_one": [
                {
                    "protocolSessionId": "8d92ec15-64fa-47d1-875b-795ea5c39d9b",
                    "account": 123123100,
                    "date": "2025-04-11T20:30:40.001",
                    "duration": 16240.0,
                    "used": 8152480,
                    "losses": 0,
                    "requests": 3,
                    "handler": "CNT"
                },
                {
                    "protocolSessionId": "e8006907-8503-4d17-a58e-c6c6f5a4af41",
                    "account": 123123100,
                    "date": "2025-04-12T01:25:07.001",
                    "duration": 1925.0,
                    "used": 723800,
                    "losses": 0,
                    "requests": 3,
                    "handler": "CNT"
                },
                {
                    "protocolSessionId": "29b51634-dfff-4685-b6d4-9321ccffff08",
                    "account": 123123100,
                    "date": "2025-04-12T02:32:01.001",
                    "duration": 40047.0,
                    "used": 105056720,
                    "losses": 0,
                    "requests": 6,
                    "handler": "CNT"
                }
            ],
            "phase_two": [
                {
                    "protocolSessionId": "df2c57c7-d438-4b90-9cb2-75772cfd59aa",
                    "account": 123123100,
                    "duration": 20,
                    "date": "2025-04-12T06:03:12.001",
                    "used": 136343684,
                    "losses": 0,
                    "requests": 3,
                    "handler": "CTG"
                },
                {
                    "protocolSessionId": "e273ff15-81a3-4738-9f98-78c0feac2ab3",
                    "account": 123123100,
                    "duration": 20,
                    "date": "2025-04-12T09:10:06.001",
                    "used": 205832200,
                    "losses": 0,
                    "requests": 2,
                    "handler": "CTG"
                },
                {
                    "protocolSessionId": "5007c393-0ff5-4a33-a078-f3ff67523ccb",
                    "account": 123123100,
                    "duration": 20,
                    "date": "2025-04-12T09:12:51.001",
                    "used": 30384,
                    "losses": 0,
                    "requests": 2,
                    "handler": "CTG"
                },
                {
                    "protocolSessionId": "90051484-9336-4cf0-81da-a84f2ce98bba",
                    "account": 123123100,
                    "duration": 20,
                    "date": "2025-04-12T09:38:21.001",
                    "used": 170028474,
                    "losses": 0,
                    "requests": 2,
                    "handler": "CTG"
                },
                {
                    "protocolSessionId": "ca1aa5a5-fe01-4a98-aebc-645bbd9c2e52",
                    "account": 123123100,
                    "duration": 20,
                    "date": "2025-04-12T13:24:00.001",
                    "used": 12688,
                    "losses": 0,
                    "requests": 2,
                    "handler": "CTG"
                },
                {
                    "protocolSessionId": "75e60fec-f474-4ac2-b84f-bb6195568d12",
                    "account": 123123100,
                    "duration": 20,
                    "date": "2025-04-12T13:25:29.001",
                    "used": 384,
                    "losses": 0,
                    "requests": 2,
                    "handler": "CTG"
                }
            ]
        }
    }
}