{
    "observation": {
        "previous_period_summary": {
            "cnt_percentage": 16.67,
            "cnt_requests": 3,
            "losses_percentage": 0.0,
            "losses_volume": 0
        },
        "current_period": {
            "phase_one": [
                {
                    "protocolSessionId": "78ef5580-3ddc-49d3-894f-ca89ecf50f8f",
                    "account": 123123100,
                    "date": "2025-05-15T08:58:38.001",
                    "duration": 129770.0,
                    "used": 94732100,
                    "losses": 0,
                    "requests": 3,
                    "handler": "CNT"
                },
                {
                    "protocolSessionId": "27b67f24-bc53-478c-9316-08603f442410",
                    "account": 123123100,
                    "date": "2025-05-15T19:16:28.001",
                    "duration": 9033.0,
                    "used": 90185472,
                    "losses": 0,
                    "requests": 3,
                    "handler": "CNT"
                },
                {
                    "protocolSessionId": "c701d215-da09-45fe-9ded-ad9f0c742dc2",
                    "account": 123123100,
                    "date": "2025-05-15T23:28:00.001",
                    "duration": 23707.0,
                    "used": 105839978,
                    "losses": 0,
                    "requests": 6,
                    "handler": "CNT"
                },
                {
                    "protocolSessionId": "04ed44ad-71b4-4785-a6a6-de29f9540bd7",
                    "account": 123123100,
                    "date": "2025-05-16T06:03:42.001",
                    "duration": 10.0,
                    "used": 210,
                    "losses": 0,
                    "requests": 3,
                    "handler": "CNT"
                }
            ],
            "phase_two": [
                {
                    "protocolSessionId": "7732c78b-d03f-458c-9b6a-3be6ddbed084",
                    "account": 123123100,
                    "duration": 20,
                    "date": "2025-05-16T07:39:05.001",
                    "used": 621841570,
                    "losses": 0,
                    "requests": 4,
                    "handler": "CTG"
                }
            ]
        }
    }
}