{
    "observation": {
        "previous_period_summary": {
            "cnt_percentage": 60.0,
            "cnt_requests": 3,
            "losses_percentage": 0.0,
            "losses_volume": 0
        },
        "current_period": {
            "phase_one": [
                {
                    "protocolSessionId": "0c847a60-e424-448d-b5d7-6d6c53a9fb9c",
                    "account": 123123100,
                    "date": "2025-03-02T11:11:47.001",
                    "duration": 1505.0,
                    "used": 218225,
                    "losses": 0,
                    "requests": 3,
                    "handler": "CNT"
                },
                {
                    "protocolSessionId": "0c956e67-453d-4efe-933e-4d7ae4d93960",
                    "account": 123123100,
                    "date": "2025-03-02T13:27:59.001",
                    "duration": 89.0,
                    "used": 2712364,
                    "losses": 0,
                    "requests": 3,
                    "handler": "CNT"
                },
                {
                    "protocolSessionId": "70a4b135-68cb-4490-8bad-54a6fc45632c",
                    "account": 123123100,
                    "date": "2025-03-02T13:30:20.001",
                    "duration": 57248.0,
                    "used": 104134112,
                    "losses": 0,
                    "requests": 3,
                    "handler": "CNT"
                },
                {
                    "protocolSessionId": "55289320-3a6f-42f9-8f56-0e7241413750",
                    "account": 123123100,
                    "date": "2025-03-02T20:12:05.001",
                    "duration": 92.0,
                    "used": 27688504,
                    "losses": 0,
                    "requests": 3,
                    "handler": "CNT"
                }
            ],
            "phase_two": [
                {
                    "protocolSessionId": "d5ac6b5d-6af1-4e8d-b5d6-25ca5f6c85f9",
                    "account": 123123100,
                    "duration": 20,
                    "date": "2025-03-03T00:41:48.001",
                    "used": 100091823,
                    "losses": 0,
                    "requests": 2,
                    "handler": "CTG"
                },
                {
                    "protocolSessionId": "5b95625f-1928-4c82-99e6-387df7be56ba",
                    "account": 123123100,
                    "duration": 20,
                    "date": "2025-03-03T01:30:02.001",
                    "used": 137995102,
                    "losses": 0,
                    "requests": 3,
                    "handler": "CTG"
                },
                {
                    "protocolSessionId": "fb43d392-7a7e-4306-b2bc-a36d11065968",
                    "account": 123123100,
                    "duration": 20,
                    "date": "2025-03-03T05:53:50.001",
                    "used": 333683154,
                    "losses": 0,
                    "requests": 3,
                    "handler": "CTG"
                }
            ]
        }
    }
}