{
    "observation": {
        "previous_period_summary": {
            "cnt_percentage": 54.55,
            "cnt_requests": 6,
            "losses_percentage": 0.0,
            "losses_volume": 0
        },
        "current_period": {
            "phase_one": [
                {
                    "protocolSessionId": "1f381b64-13f5-40ae-a1c3-716e2ff26c57",
                    "account": 123123100,
                    "date": "2025-04-03T02:08:11.001",
                    "duration": 12275.0,
                    "used": 552375,
                    "losses": 0,
                    "requests": 3,
                    "handler": "CNT"
                }
            ],
            "phase_two": [
                {
                    "protocolSessionId": "6700da5f-d96e-4121-af00-c10944ca4747",
                    "account": 123123100,
                    "duration": 20,
                    "date": "2025-04-03T02:49:55.001",
                    "used": 3410,
                    "losses": 0,
                    "requests": 2,
                    "handler": "CTG"
                }
            ]
        }
    }
}