{
    "observation": {
        "previous_period_summary": {
            "cnt_percentage": 93.33,
            "cnt_requests": 28,
            "losses_percentage": 0.0,
            "losses_volume": 0
        },
        "current_period": {
            "phase_one": [
                {
                    "protocolSessionId": "16af408c-2937-4a99-b31c-b5f45465b4ad",
                    "account": 123123100,
                    "date": "2025-05-01T09:08:07.001",
                    "duration": 2864.0,
                    "used": 105968,
                    "losses": 0,
                    "requests": 3,
                    "handler": "CNT"
                },
                {
                    "protocolSessionId": "3c62fba7-f19a-43e7-b81c-02482cd62b2e",
                    "account": 123123100,
                    "date": "2025-05-01T13:27:09.001",
                    "duration": 991.0,
                    "used": 306219,
                    "losses": 0,
                    "requests": 3,
                    "handler": "CNT"
                },
                {
                    "protocolSessionId": "e250ab18-3efb-4fcd-8f8b-8efa73574c67",
                    "account": 123123100,
                    "date": "2025-05-01T14:04:03.001",
                    "duration": 4053.0,
                    "used": 1576617,
                    "losses": 0,
                    "requests": 3,
                    "handler": "CNT"
                },
                {
                    "protocolSessionId": "4035c587-ac3f-47dc-9ddd-f1cf9436eb02",
                    "account": 123123100,
                    "date": "2025-05-01T15:17:35.001",
                    "duration": 1520.0,
                    "used": 1520,
                    "losses": 0,
                    "requests": 3,
                    "handler": "CNT"
                },
                {
                    "protocolSessionId": "97669b0d-356b-4fb2-b2c2-d3f58dca955e",
                    "account": 123123100,
                    "date": "2025-05-01T15:42:56.001",
                    "duration": 4909.0,
                    "used": 171815,
                    "losses": 0,
                    "requests": 3,
                    "handler": "CNT"
                },
                {
                    "protocolSessionId": "31de65d0-3b5d-4e1b-a1a8-294c8b523063",
                    "account": 123123100,
                    "date": "2025-05-01T15:47:48.001",
                    "duration": 235.0,
                    "used": 7011930,
                    "losses": 0,
                    "requests": 3,
                    "handler": "CNT"
                },
                {
                    "protocolSessionId": "ff4c6e17-0fe2-454b-b439-d3fca681610f",
                    "account": 123123100,
                    "date": "2025-05-01T16:01:40.001",
                    "duration": 115340.0,
                    "used": 1614760,
                    "losses": 0,
                    "requests": 3,
                    "handler": "CNT"
                },
                {
                    "protocolSessionId": "5ff050ff-cd6d-47d2-87a1-9f8a339797bf",
                    "account": 123123100,
                    "date": "2025-05-01T17:15:21.001",
                    "duration": 643880.0,
                    "used": 315848340,
                    "losses": 0,
                    "requests": 15,
                    "handler": "CNT"
                },
                {
                    "protocolSessionId": "dce89a7b-0815-4c2a-8163-67577eece619",
                    "account": 123123100,
                    "date": "2025-05-02T09:57:27.001",
                    "duration": 146264.0,
                    "used": 354673182,
                    "losses": 0,
                    "requests": 15,
                    "handler": "CNT"
                },
                {
                    "protocolSessionId": "e13e45ff-19e6-4640-b4a2-c9f3a29ad7a8",
                    "account": 123123100,
                    "date": "2025-05-03T00:58:21.001",
                    "duration": 85760.0,
                    "used": 215779688,
                    "losses": 0,
                    "requests": 10,
                    "handler": "CNT"
                },
                {
                    "protocolSessionId": "ff0c478f-abc6-4943-9209-03899116119a",
                    "account": 123123100,
                    "date": "2025-05-04T00:54:44.001",
                    "duration": 85.0,
                    "used": 6203385,
                    "losses": 0,
                    "requests": 3,
                    "handler": "CNT"
                },
                {
                    "protocolSessionId": "8cdddb53-b38b-4f4b-8d9a-0fe54588c75d",
                    "account": 123123100,
                    "date": "2025-05-04T01:57:46.001",
                    "duration": 1018.0,
                    "used": 126074280,
                    "losses": 0,
                    "requests": 6,
                    "handler": "CNT"
                },
                {
                    "protocolSessionId": "a108433e-00d1-4980-8041-e2512187b957",
                    "account": 123123100,
                    "date": "2025-05-04T02:15:15.001",
                    "duration": 894.0,
                    "used": 69430722,
                    "losses": 0,
                    "requests": 3,
                    "handler": "CNT"
                },
                {
                    "protocolSessionId": "7eb15ab8-24fe-483e-807e-102e296fbf43",
                    "account": 123123100,
                    "date": "2025-05-04T02:35:12.001",
                    "duration": 21958.0,
                    "used": 21958,
                    "losses": 0,
                    "requests": 3,
                    "handler": "CNT"
                },
                {
                    "protocolSessionId": "a9e24398-f27e-4d87-87f6-40c8347c4edc",
                    "account": 123123100,
                    "date": "2025-05-04T09:56:27.001",
                    "duration": 840.0,
                    "used": 65801400,
                    "losses": 0,
                    "requests": 3,
                    "handler": "CNT"
                },
                {
                    "protocolSessionId": "51deb56e-6f96-459a-9273-143aeb4e8a19",
                    "account": 123123100,
                    "date": "2025-05-04T12:08:24.001",
                    "duration": 29103.0,
                    "used": 1105914,
                    "losses": 0,
                    "requests": 3,
                    "handler": "CNT"
                },
                {
                    "protocolSessionId": "19c66537-b66f-4417-821a-9c7ea1669c03",
                    "account": 123123100,
                    "date": "2025-05-04T12:48:34.001",
                    "duration": 55158.0,
                    "used": 160047185,
                    "losses": 0,
                    "requests": 6,
                    "handler": "CNT"
                },
                {
                    "protocolSessionId": "cbad011b-7927-4533-8a36-c69e960aefbe",
                    "account": 123123100,
                    "date": "2025-05-05T05:09:22.001",
                    "duration": 11733.0,
                    "used": 93864,
                    "losses": 0,
                    "requests": 3,
                    "handler": "CNT"
                },
                {
                    "protocolSessionId": "0c714437-e945-48d4-a3ea-f4093e090779",
                    "account": 123123100,
                    "date": "2025-05-05T11:08:06.001",
                    "duration": 119.0,
                    "used": 3878686,
                    "losses": 0,
                    "requests": 3,
                    "handler": "CNT"
                },
                {
                    "protocolSessionId": "cd72155c-5507-4c5f-bd38-92ad4f4aa0c8",
                    "account": 123123100,
                    "date": "2025-05-05T11:10:06.001",
                    "duration": 8729.0,
                    "used": 131873449,
                    "losses": 0,
                    "requests": 6,
                    "handler": "CNT"
                },
                {
                    "protocolSessionId": "1cde6aca-a538-4547-adc1-8e528d97c4d5",
                    "account": 123123100,
                    "date": "2025-05-05T13:44:23.001",
                    "duration": 199560.0,
                    "used": 297923768,
                    "losses": 0,
                    "requests": 10,
                    "handler": "CNT"
                },
                {
                    "protocolSessionId": "a4c556ce-0fe5-4246-b72a-d4e7b5d38f12",
                    "account": 123123100,
                    "date": "2025-05-05T18:12:55.001",
                    "duration": 5446.0,
                    "used": 424788,
                    "losses": 0,
                    "requests": 3,
                    "handler": "CNT"
                },
                {
                    "protocolSessionId": "c91e3e0b-a674-4c91-9338-3e4bd0616216",
                    "account": 123123100,
                    "date": "2025-05-05T19:57:21.001",
                    "duration": 41868.0,
                    "used": 52879284,
                    "losses": 0,
                    "requests": 3,
                    "handler": "CNT"
                },
                {
                    "protocolSessionId": "a350d944-427e-4268-86d3-75eb027ce3fe",
                    "account": 123123100,
                    "date": "2025-05-06T07:35:16.001",
                    "duration": 2913.0,
                    "used": 1386588,
                    "losses": 0,
                    "requests": 3,
                    "handler": "CNT"
                },
                {
                    "protocolSessionId": "c8dd2df1-0c69-46ba-a4af-ab55126c945a",
                    "account": 123123100,
                    "date": "2025-05-06T08:23:50.001",
                    "duration": 17203.0,
                    "used": 51609,
                    "losses": 0,
                    "requests": 3,
                    "handler": "CNT"
                },
                {
                    "protocolSessionId": "87a21930-efb9-4124-9a38-588e59e90de3",
                    "account": 123123100,
                    "date": "2025-05-07T04:48:18.001",
                    "duration": 6230.0,
                    "used": 209852282,
                    "losses": 0,
                    "requests": 10,
                    "handler": "CNT"
                },
                {
                    "protocolSessionId": "d2a4aa55-3056-4be9-b5bc-1209f349b80b",
                    "account": 123123100,
                    "date": "2025-05-07T09:55:15.001",
                    "duration": 26068.0,
                    "used": 208544,
                    "losses": 0,
                    "requests": 3,
                    "handler": "CNT"
                },
                {
                    "protocolSessionId": "b47be888-7fce-401b-bc91-5f4ee53d5729",
                    "account": 123123100,
                    "date": "2025-05-07T17:42:50.001",
                    "duration": 21897.0,
                    "used": 43794,
                    "losses": 0,
                    "requests": 3,
                    "handler": "CNT"
                },
                {
                    "protocolSessionId": "e277106e-5482-4665-8078-8d0b8660ca35",
                    "account": 123123100,
                    "date": "2025-05-07T21:10:25.001",
                    "duration": 20090.0,
                    "used": 314591839,
                    "losses": 0,
                    "requests": 15,
                    "handler": "CNT"
                },
                {
                    "protocolSessionId": "a9cdc807-41f2-424e-a2ac-c9fce547f480",
                    "account": 123123100,
                    "date": "2025-05-08T01:01:04.001",
                    "duration": 2.0,
                    "used": 12904,
                    "losses": 0,
                    "requests": 3,
                    "handler": "CNT"
                },
                {
                    "protocolSessionId": "62518cea-a51f-4b91-8312-7679b98649ac",
                    "account": 123123100,
                    "date": "2025-05-08T01:01:25.001",
                    "duration": 12460.0,
                    "used": 1569960,
                    "losses": 0,
                    "requests": 3,
                    "handler": "CNT"
                },
                {
                    "protocolSessionId": "3dd97c2a-a5bc-4e55-85ae-d7adbe486431",
                    "account": 123123100,
                    "date": "2025-05-08T03:42:11.001",
                    "duration": 46.0,
                    "used": 7342106,
                    "losses": 0,
                    "requests": 3,
                    "handler": "CNT"
                },
                {
                    "protocolSessionId": "c48d6f90-4c37-4375-bfbb-386184f2707f",
                    "account": 123123100,
                    "date": "2025-05-08T04:29:11.001",
                    "duration": 23.0,
                    "used": 1471816,
                    "losses": 0,
                    "requests": 3,
                    "handler": "CNT"
                },
                {
                    "protocolSessionId": "fb413ab9-6858-4a1d-a01b-21b6e1e1ce2f",
                    "account": 123123100,
                    "date": "2025-05-08T04:29:35.001",
                    "duration": 187.0,
                    "used": 12065053,
                    "losses": 0,
                    "requests": 3,
                    "handler": "CNT"
                },
                {
                    "protocolSessionId": "ff59daa8-3677-4917-b01f-f31334dddd95",
                    "account": 123123100,
                    "date": "2025-05-08T04:33:42.001",
                    "duration": 63.0,
                    "used": 780003,
                    "losses": 0,
                    "requests": 3,
                    "handler": "CNT"
                },
                {
                    "protocolSessionId": "78a99c65-f733-4c57-92db-59ec0d75f6c1",
                    "account": 123123100,
                    "date": "2025-05-08T04:50:47.001",
                    "duration": 5283.0,
                    "used": 40758345,
                    "losses": 0,
                    "requests": 3,
                    "handler": "CNT"
                },
                {
                    "protocolSessionId": "6752af46-59d3-44c5-bd55-02ec6c13bfce",
                    "account": 123123100,
                    "date": "2025-05-08T05:09:02.001",
                    "duration": 2740.0,
                    "used": 36770800,
                    "losses": 0,
                    "requests": 3,
                    "handler": "CNT"
                },
                {
                    "protocolSessionId": "5556aa54-c56f-4e16-a323-c88abc6c0be1",
                    "account": 123123100,
                    "date": "2025-05-08T06:19:35.001",
                    "duration": 54244.0,
                    "used": 211183565,
                    "losses": 0,
                    "requests": 10,
                    "handler": "CNT"
                },
                {
                    "protocolSessionId": "0d23a119-d3db-43e0-992d-c16cf6ff135b",
                    "account": 123123100,
                    "date": "2025-05-08T06:22:13.001",
                    "duration": 1.0,
                    "used": 63285,
                    "losses": 0,
                    "requests": 3,
                    "handler": "CNT"
                },
                {
                    "protocolSessionId": "5022679b-4606-4331-af7f-962083ffbeca",
                    "account": 123123100,
                    "date": "2025-05-08T06:31:48.001",
                    "duration": 30072.0,
                    "used": 209793312,
                    "losses": 0,
                    "requests": 10,
                    "handler": "CNT"
                },
                {
                    "protocolSessionId": "b12c1cd1-feda-4b22-abae-dcf92d4f5eb1",
                    "account": 123123100,
                    "date": "2025-05-09T04:16:32.001",
                    "duration": 699.0,
                    "used": 21037803,
                    "losses": 0,
                    "requests": 3,
                    "handler": "CNT"
                },
                {
                    "protocolSessionId": "178bb2b7-1114-4ca2-b3b2-bb45932f5c8e",
                    "account": 123123100,
                    "date": "2025-05-09T04:28:18.001",
                    "duration": 590.0,
                    "used": 37311010,
                    "losses": 0,
                    "requests": 3,
                    "handler": "CNT"
                },
                {
                    "protocolSessionId": "70c6c8b7-e184-4b2e-83c8-58a4208e65ca",
                    "account": 123123100,
                    "date": "2025-05-09T05:54:11.001",
                    "duration": 223.0,
                    "used": 31666,
                    "losses": 0,
                    "requests": 3,
                    "handler": "CNT"
                },
                {
                    "protocolSessionId": "e72fb2fa-8513-4ad6-9ebe-b525084bde0a",
                    "account": 123123100,
                    "date": "2025-05-09T09:23:51.001",
                    "duration": 44.0,
                    "used": 3572184,
                    "losses": 0,
                    "requests": 3,
                    "handler": "CNT"
                },
                {
                    "protocolSessionId": "cdc5d339-98c1-4f64-83bb-2e766d774b94",
                    "account": 123123100,
                    "date": "2025-05-09T09:28:35.001",
                    "duration": 37263.0,
                    "used": 105213260,
                    "losses": 0,
                    "requests": 6,
                    "handler": "CNT"
                },
                {
                    "protocolSessionId": "a90c0e71-07f4-4427-ac9d-6e30fe59d4c8",
                    "account": 123123100,
                    "date": "2025-05-09T22:19:06.001",
                    "duration": 262813.0,
                    "used": 106429864,
                    "losses": 0,
                    "requests": 6,
                    "handler": "CNT"
                },
                {
                    "protocolSessionId": "8ce60086-d276-45a9-9e01-a2bc92ed6ed9",
                    "account": 123123100,
                    "date": "2025-05-10T01:28:05.001",
                    "duration": 186.0,
                    "used": 84630,
                    "losses": 0,
                    "requests": 3,
                    "handler": "CNT"
                },
                {
                    "protocolSessionId": "8e077e5a-81ef-40f5-895d-53257ed2e923",
                    "account": 123123100,
                    "date": "2025-05-10T01:31:32.001",
                    "duration": 1446.0,
                    "used": 4232442,
                    "losses": 0,
                    "requests": 3,
                    "handler": "CNT"
                },
                {
                    "protocolSessionId": "315450d2-b880-498b-b508-0b703d6bdd0f",
                    "account": 123123100,
                    "date": "2025-05-10T03:12:21.001",
                    "duration": 289521.0,
                    "used": 287106632,
                    "losses": 0,
                    "requests": 10,
                    "handler": "CNT"
                },
                {
                    "protocolSessionId": "d88970dc-0e30-4d65-9146-3d9bc94313f6",
                    "account": 123123100,
                    "date": "2025-05-11T14:09:27.001",
                    "duration": 7130.0,
                    "used": 10452580,
                    "losses": 0,
                    "requests": 3,
                    "handler": "CNT"
                },
                {
                    "protocolSessionId": "a9a99272-ca37-4569-a97c-1242f9e88340",
                    "account": 123123100,
                    "date": "2025-05-11T16:11:31.001",
                    "duration": 24901.0,
                    "used": 210217245,
                    "losses": 0,
                    "requests": 10,
                    "handler": "CNT"
                },
                {
                    "protocolSessionId": "de4c89a2-f3ae-44a3-95ba-04eb1fea04b2",
                    "account": 123123100,
                    "date": "2025-05-11T23:30:50.001",
                    "duration": 638.0,
                    "used": 10958926,
                    "losses": 0,
                    "requests": 3,
                    "handler": "CNT"
                },
                {
                    "protocolSessionId": "ac1cc5c7-0870-4b0f-9c07-48d4baed5258",
                    "account": 123123100,
                    "date": "2025-05-12T03:04:08.001",
                    "duration": 4444.0,
                    "used": 4444,
                    "losses": 0,
                    "requests": 3,
                    "handler": "CNT"
                },
                {
                    "protocolSessionId": "59e58284-7769-45d9-8be9-ee758b29089e",
                    "account": 123123100,
                    "date": "2025-05-12T04:18:28.001",
                    "duration": 164.0,
                    "used": 7645516,
                    "losses": 0,
                    "requests": 3,
                    "handler": "CNT"
                },
                {
                    "protocolSessionId": "340f04c7-cc3d-43e9-825e-17f935f400d3",
                    "account": 123123100,
                    "date": "2025-05-12T04:39:38.001",
                    "duration": 38.0,
                    "used": 705090,
                    "losses": 0,
                    "requests": 3,
                    "handler": "CNT"
                },
                {
                    "protocolSessionId": "f5fe4f03-dea9-4ee6-beeb-3a026d65c7c2",
                    "account": 123123100,
                    "date": "2025-05-12T05:12:09.001",
                    "duration": 1356.0,
                    "used": 22239756,
                    "losses": 0,
                    "requests": 3,
                    "handler": "CNT"
                },
                {
                    "protocolSessionId": "269dfd8d-135d-465a-a750-e310513c80ce",
                    "account": 123123100,
                    "date": "2025-05-12T12:08:47.001",
                    "duration": 1540.0,
                    "used": 194117180,
                    "losses": 0,
                    "requests": 6,
                    "handler": "CNT"
                },
                {
                    "protocolSessionId": "af977e93-69fb-42d9-8b0c-0a816759d056",
                    "account": 123123100,
                    "date": "2025-05-12T12:34:28.001",
                    "duration": 1233.0,
                    "used": 6165,
                    "losses": 0,
                    "requests": 3,
                    "handler": "CNT"
                },
                {
                    "protocolSessionId": "fee41e32-906f-4b64-af04-1b90975a20af",
                    "account": 123123100,
                    "date": "2025-05-13T03:00:54.001",
                    "duration": 1661.0,
                    "used": 1259038,
                    "losses": 0,
                    "requests": 3,
                    "handler": "CNT"
                }
            ],
            "phase_two": [
                {
                    "protocolSessionId": "1d951374-09c8-4fe8-bdb3-0d5deb7898b5",
                    "account": 123123100,
                    "duration": 20,
                    "date": "2025-05-13T03:36:09.001",
                    "used": 363408,
                    "losses": 0,
                    "requests": 2,
                    "handler": "CTG"
                }
            ]
        }
    }
}