{
    "observation": {
        "previous_period_summary": {
            "cnt_percentage": 42.86,
            "cnt_requests": 3,
            "losses_percentage": 0.0,
            "losses_volume": 0
        },
        "current_period": {
            "phase_one": [
                {
                    "protocolSessionId": "4e5a1cde-c194-40fd-b195-847da9ec91ab",
                    "account": 123123100,
                    "date": "2025-05-20T23:59:47.001",
                    "duration": 10311.0,
                    "used": 106060520,
                    "losses": 0,
                    "requests": 6,
                    "handler": "CNT"
                }
            ],
            "phase_two": [
                {
                    "protocolSessionId": "4127d129-d907-4127-8cb4-b7d139ba4a3c",
                    "account": 123123100,
                    "duration": 20,
                    "date": "2025-05-21T02:40:44.001",
                    "used": 92869365,
                    "losses": 0,
                    "requests": 3,
                    "handler": "CTG"
                }
            ]
        }
    }
}