{
    "observation": {
        "previous_period_summary": {
            "cnt_percentage": 78.95,
            "cnt_requests": 15,
            "losses_percentage": 0.0,
            "losses_volume": 0
        },
        "current_period": {
            "phase_one": [
                {
                    "protocolSessionId": "dd375319-c4e6-4ace-8139-92c5c92b9bd2",
                    "account": 123123100,
                    "date": "2025-05-16T09:04:32.001",
                    "duration": 100777.0,
                    "used": 108685492,
                    "losses": 0,
                    "requests": 6,
                    "handler": "CNT"
                },
                {
                    "protocolSessionId": "3ad20cc1-842a-4e38-b10e-4e01df83a508",
                    "account": 123123100,
                    "date": "2025-05-16T21:01:34.001",
                    "duration": 94.0,
                    "used": 13630,
                    "losses": 0,
                    "requests": 3,
                    "handler": "CNT"
                },
                {
                    "protocolSessionId": "fcffdd1d-244c-478e-bb8b-a56d4e55c931",
                    "account": 123123100,
                    "date": "2025-05-16T21:03:09.001",
                    "duration": 4464.0,
                    "used": 1138320,
                    "losses": 0,
                    "requests": 3,
                    "handler": "CNT"
                },
                {
                    "protocolSessionId": "b84c6508-6d71-4dda-ac2f-0ed58c2d0cbd",
                    "account": 123123100,
                    "date": "2025-05-16T22:17:44.001",
                    "duration": 9315.0,
                    "used": 102465,
                    "losses": 0,
                    "requests": 3,
                    "handler": "CNT"
                },
                {
                    "protocolSessionId": "e5dd85f3-6262-4214-8b41-b8d160b6fa04",
                    "account": 123123100,
                    "date": "2025-05-17T04:54:25.001",
                    "duration": 19889.0,
                    "used": 419445213,
                    "losses": 0,
                    "requests": 21,
                    "handler": "CNT"
                }
            ],
            "phase_two": [
                {
                    "protocolSessionId": "3e2eb88d-a139-4498-9aa8-2adf0ef94f66",
                    "account": 123123100,
                    "duration": 20,
                    "date": "2025-05-17T11:40:59.001",
                    "used": 60,
                    "losses": 0,
                    "requests": 2,
                    "handler": "CTG"
                }
            ]
        }
    }
}