{
    "observation": {
        "previous_period_summary": {
            "cnt_percentage": 75.0,
            "cnt_requests": 9,
            "losses_percentage": 0.0,
            "losses_volume": 0
        },
        "current_period": {
            "phase_one": [
                {
                    "protocolSessionId": "881f1405-bac1-4510-b645-2eef772c7255",
                    "account": 123123100,
                    "date": "2025-04-27T10:52:54.001",
                    "duration": 8.0,
                    "used": 25400,
                    "losses": 0,
                    "requests": 3,
                    "handler": "CNT"
                },
                {
                    "protocolSessionId": "5ef078db-e855-4c64-9a1b-a8b5b1a641f3",
                    "account": 123123100,
                    "date": "2025-04-27T12:59:04.001",
                    "duration": 383.0,
                    "used": 62046,
                    "losses": 0,
                    "requests": 3,
                    "handler": "CNT"
                },
                {
                    "protocolSessionId": "9979c1f5-cef6-4ed6-8024-8c66a677ef6e",
                    "account": 123123100,
                    "date": "2025-04-27T13:11:18.001",
                    "duration": 386.0,
                    "used": 105067936,
                    "losses": 0,
                    "requests": 6,
                    "handler": "CNT"
                },
                {
                    "protocolSessionId": "ba9660ad-5df7-4753-aca1-09685f20c3a8",
                    "account": 123123100,
                    "date": "2025-04-28T02:34:50.001",
                    "duration": 675.0,
                    "used": 12922200,
                    "losses": 0,
                    "requests": 3,
                    "handler": "CNT"
                },
                {
                    "protocolSessionId": "7ac5c083-2c8a-46e8-bef8-a2639b898491",
                    "account": 123123100,
                    "date": "2025-04-28T02:46:13.001",
                    "duration": 173.0,
                    "used": 22490,
                    "losses": 0,
                    "requests": 3,
                    "handler": "CNT"
                },
                {
                    "protocolSessionId": "3c1c3c23-3166-4001-8dfc-2a902efd385d",
                    "account": 123123100,
                    "date": "2025-04-28T15:09:35.001",
                    "duration": 55017.0,
                    "used": 41482818,
                    "losses": 0,
                    "requests": 3,
                    "handler": "CNT"
                }
            ],
            "phase_two": [
                {
                    "protocolSessionId": "c6d2dfd4-998c-4864-9d92-ba267e0ba9ca",
                    "account": 123123100,
                    "duration": 20,
                    "date": "2025-04-28T22:29:34.001",
                    "used": 4392,
                    "losses": 0,
                    "requests": 2,
                    "handler": "CTG"
                },
                {
                    "protocolSessionId": "c7a5e48d-73f0-4911-9ce1-c611cdd4534f",
                    "account": 123123100,
                    "duration": 20,
                    "date": "2025-04-29T00:03:37.001",
                    "used": 79290,
                    "losses": 0,
                    "requests": 2,
                    "handler": "CTG"
                },
                {
                    "protocolSessionId": "4cadc296-2866-489d-b36e-862bfb248005",
                    "account": 123123100,
                    "duration": 20,
                    "date": "2025-04-29T00:15:49.001",
                    "used": 1034371117,
                    "losses": 0,
                    "requests": 5,
                    "handler": "CTG"
                },
                {
                    "protocolSessionId": "b5130d0a-b276-425c-9e17-849be071224d",
                    "account": 123123100,
                    "duration": 20,
                    "date": "2025-04-29T00:19:57.001",
                    "used": 11234,
                    "losses": 0,
                    "requests": 2,
                    "handler": "CTG"
                },
                {
                    "protocolSessionId": "a147659f-e32c-4385-9f1b-f11498d68986",
                    "account": 123123100,
                    "duration": 20,
                    "date": "2025-04-29T01:11:17.001",
                    "used": 18874621,
                    "losses": 0,
                    "requests": 2,
                    "handler": "CTG"
                },
                {
                    "protocolSessionId": "4957d1ad-154a-4de6-957c-b4222f049773",
                    "account": 123123100,
                    "duration": 20,
                    "date": "2025-04-29T01:14:17.001",
                    "used": 264969684,
                    "losses": 0,
                    "requests": 2,
                    "handler": "CTG"
                }
            ]
        }
    }
}