{
    "observation": {
        "previous_period_summary": {
            "cnt_percentage": 60.0,
            "cnt_requests": 3,
            "losses_percentage": 0.0,
            "losses_volume": 0
        },
        "current_period": {
            "phase_one": [
                {
                    "protocolSessionId": "2423b26e-ce11-440d-b1b9-cce3fc30f564",
                    "account": 123123100,
                    "date": "2025-04-03T06:01:55.001",
                    "duration": 8.0,
                    "used": 388904,
                    "losses": 0,
                    "requests": 3,
                    "handler": "CNT"
                },
                {
                    "protocolSessionId": "6c0b7bc2-f09d-4c84-bfdd-9f1814450a8f",
                    "account": 123123100,
                    "date": "2025-04-03T06:06:14.001",
                    "duration": 18.0,
                    "used": 792,
                    "losses": 0,
                    "requests": 3,
                    "handler": "CNT"
                },
                {
                    "protocolSessionId": "0593049e-2614-48a8-9573-b3b18a008cad",
                    "account": 123123100,
                    "date": "2025-04-03T06:37:51.001",
                    "duration": 14.0,
                    "used": 112504,
                    "losses": 0,
                    "requests": 3,
                    "handler": "CNT"
                },
                {
                    "protocolSessionId": "4bf6abc1-dbf7-49f7-86b1-c72519e36eeb",
                    "account": 123123100,
                    "date": "2025-04-03T07:17:38.001",
                    "duration": 24970.0,
                    "used": 115645819,
                    "losses": 0,
                    "requests": 6,
                    "handler": "CNT"
                },
                {
                    "protocolSessionId": "e159f645-28e3-4b23-be0f-d34e45d384f1",
                    "account": 123123100,
                    "date": "2025-04-03T14:22:23.001",
                    "duration": 53539.0,
                    "used": 90159676,
                    "losses": 0,
                    "requests": 3,
                    "handler": "CNT"
                }
            ],
            "phase_two": [
                {
                    "protocolSessionId": "3fb90507-e551-429c-ac9f-489d05e08b12",
                    "account": 123123100,
                    "duration": 20,
                    "date": "2025-04-04T16:24:55.001",
                    "used": 28592964,
                    "losses": 0,
                    "requests": 3,
                    "handler": "CTG"
                },
                {
                    "protocolSessionId": "97290fae-953e-41fa-9f7b-0b91dfc5d3e4",
                    "account": 123123100,
                    "duration": 20,
                    "date": "2025-04-04T19:06:13.001",
                    "used": 2225300,
                    "losses": 0,
                    "requests": 2,
                    "handler": "CTG"
                }
            ]
        }
    }
}