{
    "observation": {
        "previous_period_summary": {
            "cnt_percentage": 33.33,
            "cnt_requests": 3,
            "losses_percentage": 0.0,
            "losses_volume": 0
        },
        "current_period": {
            "phase_one": [
                {
                    "protocolSessionId": "00703eea-4371-455d-a9d8-35b0dd7009e2",
                    "account": 123123100,
                    "date": "2025-03-02T06:27:53.001",
                    "duration": 15767.0,
                    "used": 15767,
                    "losses": 0,
                    "requests": 3,
                    "handler": "CNT"
                }
            ],
            "phase_two": [
                {
                    "protocolSessionId": "8441d3e4-9bf0-45a1-95ff-ec666a821b9a",
                    "account": 123123100,
                    "duration": 20,
                    "date": "2025-03-02T08:21:51.001",
                    "used": 4103712,
                    "losses": 0,
                    "requests": 2,
                    "handler": "CTG"
                }
            ]
        }
    }
}