{
    "observation": {
        "previous_period_summary": {
            "cnt_percentage": 30.0,
            "cnt_requests": 6,
            "losses_percentage": 0.0,
            "losses_volume": 0
        },
        "current_period": {
            "phase_one": [
                {
                    "protocolSessionId": "ed8a3588-36e0-40ca-887d-8db6648a38a9",
                    "account": 123123100,
                    "date": "2025-05-19T23:38:25.001",
                    "duration": 14.0,
                    "used": 1846964,
                    "losses": 0,
                    "requests": 3,
                    "handler": "CNT"
                },
                {
                    "protocolSessionId": "8c7ffc6b-a569-4e46-990d-c38fb06fd1a1",
                    "account": 123123100,
                    "date": "2025-05-20T06:07:37.001",
                    "duration": 759.0,
                    "used": 759,
                    "losses": 0,
                    "requests": 3,
                    "handler": "CNT"
                },
                {
                    "protocolSessionId": "dad20dd2-52b3-4cb2-9f6b-aa967836a2f5",
                    "account": 123123100,
                    "date": "2025-05-20T06:20:54.001",
                    "duration": 5344.0,
                    "used": 105006192,
                    "losses": 0,
                    "requests": 6,
                    "handler": "CNT"
                }
            ],
            "phase_two": [
                {
                    "protocolSessionId": "6861f22b-fa9e-438e-be8b-4ad6f8292886",
                    "account": 123123100,
                    "duration": 20,
                    "date": "2025-05-20T11:32:00.001",
                    "used": 48728,
                    "losses": 0,
                    "requests": 2,
                    "handler": "CTG"
                },
                {
                    "protocolSessionId": "95981452-e652-4d43-975d-d917fe05b1ec",
                    "account": 123123100,
                    "duration": 20,
                    "date": "2025-05-20T14:20:36.001",
                    "used": 5418,
                    "losses": 0,
                    "requests": 2,
                    "handler": "CTG"
                }
            ]
        }
    }
}