{
    "observation": {
        "previous_period_summary": {
            "cnt_percentage": 92.31,
            "cnt_requests": 24,
            "losses_percentage": 0.0,
            "losses_volume": 0
        },
        "current_period": {
            "phase_one": [
                {
                    "protocolSessionId": "7fcbf5a9-633a-4624-b3e2-fd549e52ac31",
                    "account": 123123100,
                    "date": "2025-04-07T17:00:53.001",
                    "duration": 849.0,
                    "used": 4245,
                    "losses": 0,
                    "requests": 3,
                    "handler": "CNT"
                },
                {
                    "protocolSessionId": "3dfde6dc-9afa-4536-81e0-df12aac99c19",
                    "account": 123123100,
                    "date": "2025-04-07T18:11:27.001",
                    "duration": 8466.0,
                    "used": 352950727,
                    "losses": 0,
                    "requests": 15,
                    "handler": "CNT"
                },
                {
                    "protocolSessionId": "131316b5-dfaa-44d4-95d0-4e4a212fd905",
                    "account": 123123100,
                    "date": "2025-04-08T05:57:19.001",
                    "duration": 2095.0,
                    "used": 662020,
                    "losses": 0,
                    "requests": 3,
                    "handler": "CNT"
                },
                {
                    "protocolSessionId": "b4eeff54-c017-4f42-ab43-f37717debab9",
                    "account": 123123100,
                    "date": "2025-04-08T06:41:13.001",
                    "duration": 4930.0,
                    "used": 246500,
                    "losses": 0,
                    "requests": 3,
                    "handler": "CNT"
                },
                {
                    "protocolSessionId": "1a25d663-5d29-48b8-addc-ffea569a1d89",
                    "account": 123123100,
                    "date": "2025-04-08T09:57:42.001",
                    "duration": 83736.0,
                    "used": 251208,
                    "losses": 0,
                    "requests": 3,
                    "handler": "CNT"
                },
                {
                    "protocolSessionId": "fb4293b1-5532-42c4-9a97-fa6907fa15e1",
                    "account": 123123100,
                    "date": "2025-04-08T12:24:51.001",
                    "duration": 2307.0,
                    "used": 161490,
                    "losses": 0,
                    "requests": 3,
                    "handler": "CNT"
                },
                {
                    "protocolSessionId": "13ba4a03-2711-4898-8ad5-1a6aefff57c8",
                    "account": 123123100,
                    "date": "2025-04-08T13:06:54.001",
                    "duration": 9874.0,
                    "used": 21288344,
                    "losses": 0,
                    "requests": 3,
                    "handler": "CNT"
                },
                {
                    "protocolSessionId": "69dde0bb-1519-4816-8f54-bddfe562797d",
                    "account": 123123100,
                    "date": "2025-04-08T22:07:58.001",
                    "duration": 14265.0,
                    "used": 105010808,
                    "losses": 0,
                    "requests": 6,
                    "handler": "CNT"
                },
                {
                    "protocolSessionId": "a74b41c2-c0d9-4fd5-ae7f-3cfea95a3a88",
                    "account": 123123100,
                    "date": "2025-04-09T09:16:24.001",
                    "duration": 6015.0,
                    "used": 5996955,
                    "losses": 0,
                    "requests": 3,
                    "handler": "CNT"
                },
                {
                    "protocolSessionId": "bd9b152d-284f-4216-80b8-ff660091a502",
                    "account": 123123100,
                    "date": "2025-04-09T12:51:15.001",
                    "duration": 751.0,
                    "used": 56343024,
                    "losses": 0,
                    "requests": 3,
                    "handler": "CNT"
                },
                {
                    "protocolSessionId": "520cbc7f-f13c-4196-9846-fe863d233893",
                    "account": 123123100,
                    "date": "2025-04-09T14:17:49.001",
                    "duration": 24143.0,
                    "used": 11612783,
                    "losses": 0,
                    "requests": 3,
                    "handler": "CNT"
                },
                {
                    "protocolSessionId": "57e4ee31-91d4-4e29-92a2-c22867ab1d2a",
                    "account": 123123100,
                    "date": "2025-04-09T23:18:47.001",
                    "duration": 17179.0,
                    "used": 209737856,
                    "losses": 0,
                    "requests": 10,
                    "handler": "CNT"
                },
                {
                    "protocolSessionId": "71893218-a293-4159-a2d8-680992d4653a",
                    "account": 123123100,
                    "date": "2025-04-10T06:11:09.001",
                    "duration": 125166.0,
                    "used": 1877490,
                    "losses": 0,
                    "requests": 3,
                    "handler": "CNT"
                }
            ],
            "phase_two": [
                {
                    "protocolSessionId": "0d12c291-d89d-481d-95d6-f62c176cccd7",
                    "account": 123123100,
                    "duration": 20,
                    "date": "2025-04-10T19:33:25.001",
                    "used": 366384415,
                    "losses": 0,
                    "requests": 3,
                    "handler": "CTG"
                },
                {
                    "protocolSessionId": "485c8841-ef12-4f74-b094-15959c91b5a3",
                    "account": 123123100,
                    "duration": 20,
                    "date": "2025-04-11T15:42:23.001",
                    "used": 222410,
                    "losses": 0,
                    "requests": 2,
                    "handler": "CTG"
                },
                {
                    "protocolSessionId": "26de4753-0048-48bb-8e78-c93e2b83722b",
                    "account": 123123100,
                    "duration": 20,
                    "date": "2025-04-11T16:30:51.001",
                    "used": 71767512,
                    "losses": 0,
                    "requests": 2,
                    "handler": "CTG"
                }
            ]
        }
    }
}