{
    "observation": {
        "previous_period_summary": {
            "cnt_percentage": 94.74,
            "cnt_requests": 36,
            "losses_percentage": 0.0,
            "losses_volume": 0
        },
        "current_period": {
            "phase_one": [
                {
                    "protocolSessionId": "5b2730c8-f72c-44be-b3de-bcdb266e7cf0",
                    "account": 123123100,
                    "date": "2025-05-17T13:04:15.001",
                    "duration": 30953.0,
                    "used": 1052402,
                    "losses": 0,
                    "requests": 3,
                    "handler": "CNT"
                },
                {
                    "protocolSessionId": "41002118-80c0-4114-993c-85c69e2babd8",
                    "account": 123123100,
                    "date": "2025-05-17T21:40:30.001",
                    "duration": 970.0,
                    "used": 4759790,
                    "losses": 0,
                    "requests": 3,
                    "handler": "CNT"
                },
                {
                    "protocolSessionId": "42e3bb1c-9e6d-4dd3-95d9-0d76040aebb4",
                    "account": 123123100,
                    "date": "2025-05-17T22:04:32.001",
                    "duration": 4034.0,
                    "used": 17184840,
                    "losses": 0,
                    "requests": 3,
                    "handler": "CNT"
                }
            ],
            "phase_two": [
                {
                    "protocolSessionId": "ad5089d3-fa6e-4ada-a957-18231cce619a",
                    "account": 123123100,
                    "duration": 20,
                    "date": "2025-05-18T01:06:01.001",
                    "used": 170639200,
                    "losses": 0,
                    "requests": 2,
                    "handler": "CTG"
                }
            ]
        }
    }
}