{
    "observation": {
        "previous_period_summary": {
            "cnt_percentage": 37.5,
            "cnt_requests": 3,
            "losses_percentage": 0.0,
            "losses_volume": 0
        },
        "current_period": {
            "phase_one": [
                {
                    "protocolSessionId": "fc038673-9591-4ac7-8e96-403b29ec66b6",
                    "account": 123123100,
                    "date": "2025-03-18T06:13:20.001",
                    "duration": 42027.0,
                    "used": 469978190,
                    "losses": 0,
                    "requests": 21,
                    "handler": "CNT"
                },
                {
                    "protocolSessionId": "3d9891f0-6a53-42b6-b332-ee637d732b39",
                    "account": 123123100,
                    "date": "2025-03-18T19:41:16.001",
                    "duration": 2327.0,
                    "used": 5878002,
                    "losses": 0,
                    "requests": 3,
                    "handler": "CNT"
                },
                {
                    "protocolSessionId": "fb4b23bf-442c-4314-a877-019f72a52c97",
                    "account": 123123100,
                    "date": "2025-03-18T20:53:59.001",
                    "duration": 3096.0,
                    "used": 73647648,
                    "losses": 0,
                    "requests": 3,
                    "handler": "CNT"
                },
                {
                    "protocolSessionId": "9013571e-b2ea-455e-a338-6dba71261a4e",
                    "account": 123123100,
                    "date": "2025-03-18T21:46:13.001",
                    "duration": 1368.0,
                    "used": 443232,
                    "losses": 0,
                    "requests": 3,
                    "handler": "CNT"
                },
                {
                    "protocolSessionId": "c7761f9f-eafe-47cb-b523-420fe54d7f59",
                    "account": 123123100,
                    "date": "2025-03-18T22:09:07.001",
                    "duration": 91572.0,
                    "used": 105200716,
                    "losses": 0,
                    "requests": 6,
                    "handler": "CNT"
                },
                {
                    "protocolSessionId": "f4c625d6-15da-404c-86e5-594d18b24219",
                    "account": 123123100,
                    "date": "2025-03-19T09:17:39.001",
                    "duration": 141935.0,
                    "used": 7664490,
                    "losses": 0,
                    "requests": 3,
                    "handler": "CNT"
                },
                {
                    "protocolSessionId": "456a40ea-666d-43fb-abbc-32f77c59bd33",
                    "account": 123123100,
                    "date": "2025-03-20T04:00:15.001",
                    "duration": 86174.0,
                    "used": 140808697,
                    "losses": 0,
                    "requests": 6,
                    "handler": "CNT"
                },
                {
                    "protocolSessionId": "629c37d0-f556-4537-8579-3af3ae6f868b",
                    "account": 123123100,
                    "date": "2025-03-21T06:48:21.001",
                    "duration": 22042.0,
                    "used": 0,
                    "losses": 0,
                    "requests": 3,
                    "handler": "CNT"
                },
                {
                    "protocolSessionId": "f71fff55-3f2e-4d77-aa81-8875a9fb78d0",
                    "account": 123123100,
                    "date": "2025-03-21T09:57:29.001",
                    "duration": 6.0,
                    "used": 12,
                    "losses": 0,
                    "requests": 3,
                    "handler": "CNT"
                },
                {
                    "protocolSessionId": "4b544cb2-08a3-4d7c-941b-4292056e2e9c",
                    "account": 123123100,
                    "date": "2025-03-21T09:58:03.001",
                    "duration": 241.0,
                    "used": 2892,
                    "losses": 0,
                    "requests": 3,
                    "handler": "CNT"
                }
            ],
            "phase_two": [
                {
                    "protocolSessionId": "c768c7a1-2e56-4a3e-8a91-fc42fa9f2e1a",
                    "account": 123123100,
                    "duration": 20,
                    "date": "2025-03-21T10:02:09.001",
                    "used": 0,
                    "losses": 0,
                    "requests": 1,
                    "handler": "CTG"
                },
                {
                    "protocolSessionId": "46053d76-027d-4742-9cf1-870b5e426ec8",
                    "account": 123123100,
                    "duration": 20,
                    "date": "2025-03-21T10:02:28.001",
                    "used": 0,
                    "losses": 0,
                    "requests": 1,
                    "handler": "CTG"
                },
                {
                    "protocolSessionId": "2287484f-5ee4-4b04-b755-d10ccdbd23cd",
                    "account": 123123100,
                    "duration": 20,
                    "date": "2025-03-22T00:50:47.001",
                    "used": 5725017,
                    "losses": 0,
                    "requests": 3,
                    "handler": "CTG"
                },
                {
                    "protocolSessionId": "e8c1d675-93c2-46db-aed3-aa00a8256531",
                    "account": 123123100,
                    "duration": 20,
                    "date": "2025-03-22T01:21:20.001",
                    "used": 244007829,
                    "losses": 0,
                    "requests": 3,
                    "handler": "CTG"
                },
                {
                    "protocolSessionId": "b82720e6-454b-49c4-8afb-8ca79f725598",
                    "account": 123123100,
                    "duration": 20,
                    "date": "2025-03-22T02:15:28.001",
                    "used": 0,
                    "losses": 0,
                    "requests": 1,
                    "handler": "CTG"
                },
                {
                    "protocolSessionId": "7e83db6f-0787-4bb2-9af9-04b0ff1cc9f5",
                    "account": 123123100,
                    "duration": 20,
                    "date": "2025-03-22T16:04:41.001",
                    "used": 1292639811,
                    "losses": 0,
                    "requests": 5,
                    "handler": "CTG"
                },
                {
                    "protocolSessionId": "eca53f07-b88c-4ddc-8cc3-8f207957a4fe",
                    "account": 123123100,
                    "duration": 20,
                    "date": "2025-03-22T23:13:50.001",
                    "used": 487863231,
                    "losses": 0,
                    "requests": 3,
                    "handler": "CTG"
                },
                {
                    "protocolSessionId": "ee647c6b-c5aa-4f3e-b283-febfdd131679",
                    "account": 123123100,
                    "duration": 20,
                    "date": "2025-03-23T00:17:50.001",
                    "used": 298532455,
                    "losses": 0,
                    "requests": 3,
                    "handler": "CTG"
                },
                {
                    "protocolSessionId": "f42d6a7e-9605-4078-a6be-a16a1b350864",
                    "account": 123123100,
                    "duration": 20,
                    "date": "2025-03-23T00:32:50.001",
                    "used": 0,
                    "losses": 0,
                    "requests": 1,
                    "handler": "CTG"
                },
                {
                    "protocolSessionId": "a9b92cb0-4b24-427c-99e9-59452713e6bc",
                    "account": 123123100,
                    "duration": 20,
                    "date": "2025-03-23T21:08:12.001",
                    "used": 660897,
                    "losses": 0,
                    "requests": 2,
                    "handler": "CTG"
                },
                {
                    "protocolSessionId": "5d4f8d8d-17b2-4abf-994d-620a65c51cd3",
                    "account": 123123100,
                    "duration": 20,
                    "date": "2025-03-24T13:36:53.001",
                    "used": 128888177,
                    "losses": 0,
                    "requests": 2,
                    "handler": "CTG"
                },
                {
                    "protocolSessionId": "89bc67d6-bb8c-4cdc-b003-d8a46b098a55",
                    "account": 123123100,
                    "duration": 20,
                    "date": "2025-03-24T15:29:42.001",
                    "used": 2911405,
                    "losses": 0,
                    "requests": 2,
                    "handler": "CTG"
                },
                {
                    "protocolSessionId": "914196ac-e50c-496c-875c-478762370e11",
                    "account": 123123100,
                    "duration": 20,
                    "date": "2025-03-24T16:04:56.001",
                    "used": 170184364,
                    "losses": 0,
                    "requests": 2,
                    "handler": "CTG"
                },
                {
                    "protocolSessionId": "27e51c10-574a-4985-a95f-55c03f226825",
                    "account": 123123100,
                    "duration": 20,
                    "date": "2025-03-25T02:35:19.001",
                    "used": 123370270,
                    "losses": 0,
                    "requests": 3,
                    "handler": "CTG"
                },
                {
                    "protocolSessionId": "f1317454-7b98-48f4-bf8f-ec256ab945d7",
                    "account": 123123100,
                    "duration": 20,
                    "date": "2025-03-25T04:57:45.001",
                    "used": 395172555,
                    "losses": 0,
                    "requests": 6,
                    "handler": "CTG"
                },
                {
                    "protocolSessionId": "39e4274e-11ff-4c61-8a0e-d74fb1af1d34",
                    "account": 123123100,
                    "duration": 20,
                    "date": "2025-03-25T13:08:25.001",
                    "used": 198798,
                    "losses": 0,
                    "requests": 2,
                    "handler": "CTG"
                },
                {
                    "protocolSessionId": "12e630e3-1ee2-44fe-a4af-569254d019b1",
                    "account": 123123100,
                    "duration": 20,
                    "date": "2025-03-25T14:25:57.001",
                    "used": 6535515,
                    "losses": 0,
                    "requests": 2,
                    "handler": "CTG"
                },
                {
                    "protocolSessionId": "91033398-dba4-47de-a104-1c0c23d23f76",
                    "account": 123123100,
                    "duration": 20,
                    "date": "2025-03-25T14:58:54.001",
                    "used": 0,
                    "losses": 0,
                    "requests": 1,
                    "handler": "CTG"
                },
                {
                    "protocolSessionId": "981a5716-c63d-450e-ac4b-a483a67a3eaa",
                    "account": 123123100,
                    "duration": 20,
                    "date": "2025-03-27T01:47:39.001",
                    "used": 777357658,
                    "losses": 0,
                    "requests": 7,
                    "handler": "CTG"
                },
                {
                    "protocolSessionId": "891533c3-a6d3-4938-b413-533ded681a86",
                    "account": 123123100,
                    "duration": 20,
                    "date": "2025-03-27T02:19:35.001",
                    "used": 2479620,
                    "losses": 0,
                    "requests": 2,
                    "handler": "CTG"
                },
                {
                    "protocolSessionId": "eb5c4acb-9aa4-418a-8624-964f3a3e24db",
                    "account": 123123100,
                    "duration": 20,
                    "date": "2025-03-27T03:24:03.001",
                    "used": 0,
                    "losses": 0,
                    "requests": 1,
                    "handler": "CTG"
                },
                {
                    "protocolSessionId": "5ee44a65-4f97-47df-8d44-6b9c6d469650",
                    "account": 123123100,
                    "duration": 20,
                    "date": "2025-03-28T00:12:59.001",
                    "used": 12674068,
                    "losses": 0,
                    "requests": 3,
                    "handler": "CTG"
                },
                {
                    "protocolSessionId": "e6d91833-817c-4793-839c-52aeadcd0d3b",
                    "account": 123123100,
                    "duration": 20,
                    "date": "2025-03-28T10:02:12.001",
                    "used": 198505065,
                    "losses": 0,
                    "requests": 9,
                    "handler": "CTG"
                },
                {
                    "protocolSessionId": "35893198-6bbe-428b-a35b-9d9a89bce5bf",
                    "account": 123123100,
                    "duration": 20,
                    "date": "2025-03-28T13:35:23.001",
                    "used": 195319750,
                    "losses": 0,
                    "requests": 3,
                    "handler": "CTG"
                },
                {
                    "protocolSessionId": "a7eb858c-0037-4caf-adb1-a4d5cc70e3e7",
                    "account": 123123100,
                    "duration": 20,
                    "date": "2025-03-28T13:44:07.001",
                    "used": 918264,
                    "losses": 0,
                    "requests": 2,
                    "handler": "CTG"
                },
                {
                    "protocolSessionId": "2cfe9b7e-30f8-4084-9cbf-44df7a5e4ae5",
                    "account": 123123100,
                    "duration": 20,
                    "date": "2025-03-28T14:48:54.001",
                    "used": 70878206,
                    "losses": 0,
                    "requests": 7,
                    "handler": "CTG"
                },
                {
                    "protocolSessionId": "fbbb528f-a670-4330-b250-41d1c85792d2",
                    "account": 123123100,
                    "duration": 20,
                    "date": "2025-03-28T15:17:56.001",
                    "used": 1370,
                    "losses": 0,
                    "requests": 2,
                    "handler": "CTG"
                },
                {
                    "protocolSessionId": "39879e7f-05c5-4d72-989f-1133c75da892",
                    "account": 123123100,
                    "duration": 20,
                    "date": "2025-03-28T18:57:59.001",
                    "used": 37733,
                    "losses": 0,
                    "requests": 2,
                    "handler": "CTG"
                },
                {
                    "protocolSessionId": "e54f720b-44e6-4ecf-8b90-a6f83ca969ff",
                    "account": 123123100,
                    "duration": 20,
                    "date": "2025-03-29T07:53:51.001",
                    "used": 71511815,
                    "losses": 0,
                    "requests": 2,
                    "handler": "CTG"
                },
                {
                    "protocolSessionId": "138b7e8e-e7f5-4696-a7ea-036e04b10117",
                    "account": 123123100,
                    "duration": 20,
                    "date": "2025-03-29T13:07:44.001",
                    "used": 76699028,
                    "losses": 0,
                    "requests": 3,
                    "handler": "CTG"
                },
                {
                    "protocolSessionId": "bb734f3a-06cb-437f-a293-dfaaa6f1da0e",
                    "account": 123123100,
                    "duration": 20,
                    "date": "2025-03-29T15:14:37.001",
                    "used": 1658,
                    "losses": 0,
                    "requests": 2,
                    "handler": "CTG"
                },
                {
                    "protocolSessionId": "db651357-2c36-4cbd-aae3-58eca60f36e4",
                    "account": 123123100,
                    "duration": 20,
                    "date": "2025-03-29T22:40:23.001",
                    "used": 46012279,
                    "losses": 0,
                    "requests": 3,
                    "handler": "CTG"
                },
                {
                    "protocolSessionId": "9559bf9f-cf2d-4b47-8978-8561421dbbea",
                    "account": 123123100,
                    "duration": 20,
                    "date": "2025-03-30T04:29:49.001",
                    "used": 64280530,
                    "losses": 0,
                    "requests": 4,
                    "handler": "CTG"
                },
                {
                    "protocolSessionId": "7743914c-185a-4a70-844e-37d4c4d207ae",
                    "account": 123123100,
                    "duration": 20,
                    "date": "2025-03-30T05:29:27.001",
                    "used": 0,
                    "losses": 0,
                    "requests": 1,
                    "handler": "CTG"
                },
                {
                    "protocolSessionId": "fe521f0a-ab87-441a-8032-09882b33d65c",
                    "account": 123123100,
                    "duration": 20,
                    "date": "2025-03-30T09:44:14.001",
                    "used": 0,
                    "losses": 0,
                    "requests": 1,
                    "handler": "CTG"
                },
                {
                    "protocolSessionId": "0c764773-df36-4b31-9978-96904530f20e",
                    "account": 123123100,
                    "duration": 20,
                    "date": "2025-03-30T09:47:15.001",
                    "used": 0,
                    "losses": 0,
                    "requests": 1,
                    "handler": "CTG"
                },
                {
                    "protocolSessionId": "4096576f-6ae1-4b20-b52e-0cf8d61bf91d",
                    "account": 123123100,
                    "duration": 20,
                    "date": "2025-03-30T09:54:27.001",
                    "used": 34853,
                    "losses": 0,
                    "requests": 2,
                    "handler": "CTG"
                },
                {
                    "protocolSessionId": "4debaa2e-2d6e-4272-be2a-a0cf9137124b",
                    "account": 123123100,
                    "duration": 20,
                    "date": "2025-03-30T13:49:34.001",
                    "used": 327132,
                    "losses": 0,
                    "requests": 2,
                    "handler": "CTG"
                },
                {
                    "protocolSessionId": "2b744c30-ca4f-4927-be46-abc39a1054ed",
                    "account": 123123100,
                    "duration": 20,
                    "date": "2025-03-31T01:45:15.001",
                    "used": 11052522,
                    "losses": 0,
                    "requests": 3,
                    "handler": "CTG"
                }
            ]
        }
    }
}