{
    "observation": {
        "previous_period_summary": {
            "cnt_percentage": 60.0,
            "cnt_requests": 3,
            "losses_percentage": 0.0,
            "losses_volume": 0
        },
        "current_period": {
            "phase_one": [
                {
                    "protocolSessionId": "3bca75c5-6eb1-4e2d-8471-3d0ebf4bb455",
                    "account": 123123100,
                    "date": "2025-04-07T04:45:06.001",
                    "duration": 1167.0,
                    "used": 104928505,
                    "losses": 0,
                    "requests": 6,
                    "handler": "CNT"
                },
                {
                    "protocolSessionId": "9077bd2f-c219-4e74-b9c6-2f2ceb04aa58",
                    "account": 123123100,
                    "date": "2025-04-07T07:02:53.001",
                    "duration": 289.0,
                    "used": 2476152,
                    "losses": 0,
                    "requests": 3,
                    "handler": "CNT"
                },
                {
                    "protocolSessionId": "ff921f8f-31dc-4c3a-9e5e-6408044ea35c",
                    "account": 123123100,
                    "date": "2025-04-07T07:11:11.001",
                    "duration": 176.0,
                    "used": 1343584,
                    "losses": 0,
                    "requests": 3,
                    "handler": "CNT"
                },
                {
                    "protocolSessionId": "147c8bf6-aff3-4f24-ae75-a6a2be1dfa58",
                    "account": 123123100,
                    "date": "2025-04-07T07:37:33.001",
                    "duration": 33766.0,
                    "used": 337660,
                    "losses": 0,
                    "requests": 3,
                    "handler": "CNT"
                },
                {
                    "protocolSessionId": "043538f5-8615-4f1f-9859-8d8bf99fda57",
                    "account": 123123100,
                    "date": "2025-04-07T13:15:58.001",
                    "duration": 1123.0,
                    "used": 107070192,
                    "losses": 0,
                    "requests": 6,
                    "handler": "CNT"
                },
                {
                    "protocolSessionId": "aaf42651-6d70-40dc-811f-d09c0ebb124e",
                    "account": 123123100,
                    "date": "2025-04-07T13:58:22.001",
                    "duration": 46.0,
                    "used": 427708,
                    "losses": 0,
                    "requests": 3,
                    "handler": "CNT"
                }
            ],
            "phase_two": [
                {
                    "protocolSessionId": "ec62fe01-ad56-4734-95db-366837cfda3a",
                    "account": 123123100,
                    "duration": 20,
                    "date": "2025-04-07T16:05:47.001",
                    "used": 2311908,
                    "losses": 0,
                    "requests": 2,
                    "handler": "CTG"
                }
            ]
        }
    }
}