{
    "observation": {
        "previous_period_summary": {
            "cnt_percentage": 30.0,
            "cnt_requests": 6,
            "losses_percentage": 0.0,
            "losses_volume": 0
        },
        "current_period": {
            "phase_one": [
                {
                    "protocolSessionId": "aadb5f3c-1e44-462f-8e19-606fc7def829",
                    "account": 123123100,
                    "date": "2025-04-22T10:46:16.001",
                    "duration": 162823.0,
                    "used": 1791053,
                    "losses": 0,
                    "requests": 3,
                    "handler": "CNT"
                }
            ],
            "phase_two": [
                {
                    "protocolSessionId": "15d7f5c3-0f7e-435e-aa47-6691504d4f9e",
                    "account": 123123100,
                    "duration": 20,
                    "date": "2025-04-22T14:31:53.001",
                    "used": 2499,
                    "losses": 0,
                    "requests": 2,
                    "handler": "CTG"
                },
                {
                    "protocolSessionId": "0b474df3-2726-409d-9e72-4575f0774602",
                    "account": 123123100,
                    "duration": 20,
                    "date": "2025-04-22T15:52:15.001",
                    "used": 3291298,
                    "losses": 0,
                    "requests": 2,
                    "handler": "CTG"
                },
                {
                    "protocolSessionId": "2e6517c5-9824-48fe-837e-abcb46b69aa3",
                    "account": 123123100,
                    "duration": 20,
                    "date": "2025-04-23T06:14:26.001",
                    "used": 245550,
                    "losses": 0,
                    "requests": 2,
                    "handler": "CTG"
                },
                {
                    "protocolSessionId": "f20a4629-656e-432e-910c-f6e83d5ff2a6",
                    "account": 123123100,
                    "duration": 20,
                    "date": "2025-04-24T02:12:50.001",
                    "used": 112378536,
                    "losses": 0,
                    "requests": 2,
                    "handler": "CTG"
                },
                {
                    "protocolSessionId": "4e570ac5-5ab0-4ad8-9f09-4b024d04e6c3",
                    "account": 123123100,
                    "duration": 20,
                    "date": "2025-04-25T05:46:23.001",
                    "used": 25499592,
                    "losses": 0,
                    "requests": 2,
                    "handler": "CTG"
                },
                {
                    "protocolSessionId": "a4ed265c-173c-49c3-91f0-b7074c60eb92",
                    "account": 123123100,
                    "duration": 20,
                    "date": "2025-04-25T18:34:13.001",
                    "used": 178651480,
                    "losses": 0,
                    "requests": 2,
                    "handler": "CTG"
                },
                {
                    "protocolSessionId": "59424db5-848b-49fc-81ab-d5f6949e3d4b",
                    "account": 123123100,
                    "duration": 20,
                    "date": "2025-04-25T19:35:27.001",
                    "used": 1633720,
                    "losses": 0,
                    "requests": 2,
                    "handler": "CTG"
                },
                {
                    "protocolSessionId": "b695c314-9a19-495c-a457-f6312b84ffcc",
                    "account": 123123100,
                    "duration": 20,
                    "date": "2025-04-25T23:34:09.001",
                    "used": 4566,
                    "losses": 0,
                    "requests": 2,
                    "handler": "CTG"
                },
                {
                    "protocolSessionId": "894b9444-ed89-4eb8-b183-69f6a5372f8b",
                    "account": 123123100,
                    "duration": 20,
                    "date": "2025-04-26T16:40:06.001",
                    "used": 1080151226,
                    "losses": 0,
                    "requests": 4,
                    "handler": "CTG"
                },
                {
                    "protocolSessionId": "8cb1008c-8e8e-4d47-9279-f54f2055eae7",
                    "account": 123123100,
                    "duration": 20,
                    "date": "2025-04-26T18:19:06.001",
                    "used": 167461544,
                    "losses": 0,
                    "requests": 2,
                    "handler": "CTG"
                }
            ]
        }
    }
}