{
    "observation": {
        "previous_period_summary": {
            "cnt_percentage": 33.33,
            "cnt_requests": 3,
            "losses_percentage": 0.0,
            "losses_volume": 0
        },
        "current_period": {
            "phase_one": [
                {
                    "protocolSessionId": "a19d9a78-6290-4108-b221-038ff3313436",
                    "account": 123123100,
                    "date": "2025-04-01T01:47:08.001",
                    "duration": 7494.0,
                    "used": 104939600,
                    "losses": 0,
                    "requests": 6,
                    "handler": "CNT"
                },
                {
                    "protocolSessionId": "a6d1d7ea-9701-4996-babf-cf8acd99d975",
                    "account": 123123100,
                    "date": "2025-04-01T03:52:47.001",
                    "duration": 1.0,
                    "used": 2291,
                    "losses": 0,
                    "requests": 3,
                    "handler": "CNT"
                },
                {
                    "protocolSessionId": "2219cfb5-b4a6-404e-8091-b6d04a90dbf5",
                    "account": 123123100,
                    "date": "2025-04-01T15:55:00.001",
                    "duration": 15004.0,
                    "used": 122222908,
                    "losses": 0,
                    "requests": 6,
                    "handler": "CNT"
                },
                {
                    "protocolSessionId": "39061662-b6ee-4fc6-92a5-82b2b3c73382",
                    "account": 123123100,
                    "date": "2025-04-01T20:17:45.001",
                    "duration": 15861.0,
                    "used": 218804798,
                    "losses": 0,
                    "requests": 10,
                    "handler": "CNT"
                },
                {
                    "protocolSessionId": "a471a221-1163-4728-bb34-5a8852d4f846",
                    "account": 123123100,
                    "date": "2025-04-02T00:42:07.001",
                    "duration": 5682.0,
                    "used": 104908000,
                    "losses": 0,
                    "requests": 6,
                    "handler": "CNT"
                },
                {
                    "protocolSessionId": "d67c75aa-614f-4781-8051-6ee829d83f18",
                    "account": 123123100,
                    "date": "2025-04-02T02:18:20.001",
                    "duration": 2020.0,
                    "used": 104905948,
                    "losses": 0,
                    "requests": 6,
                    "handler": "CNT"
                }
            ],
            "phase_two": [
                {
                    "protocolSessionId": "dfa111a8-31ad-4603-a8c1-3c9e97eb1781",
                    "account": 123123100,
                    "duration": 20,
                    "date": "2025-04-02T02:25:28.001",
                    "used": 466074145,
                    "losses": 0,
                    "requests": 5,
                    "handler": "CTG"
                },
                {
                    "protocolSessionId": "467d5560-e9db-445c-b7fc-bc6ab73fe1b5",
                    "account": 123123100,
                    "duration": 20,
                    "date": "2025-04-02T03:06:59.001",
                    "used": 93936494,
                    "losses": 0,
                    "requests": 3,
                    "handler": "CTG"
                }
            ]
        }
    }
}