{
    "observation": {
        "previous_period_summary": {
            "cnt_percentage": 66.67,
            "cnt_requests": 16,
            "losses_percentage": 0.0,
            "losses_volume": 0
        },
        "current_period": {
            "phase_one": [
                {
                    "protocolSessionId": "6ada9d7b-e4e0-4368-af16-076c0ffb9f60",
                    "account": 123123100,
                    "date": "2025-04-06T06:12:15.001",
                    "duration": 1336.0,
                    "used": 9352,
                    "losses": 0,
                    "requests": 3,
                    "handler": "CNT"
                },
                {
                    "protocolSessionId": "b166b96d-2481-473e-b363-81f0350b49e9",
                    "account": 123123100,
                    "date": "2025-04-06T06:41:14.001",
                    "duration": 84428.0,
                    "used": 108742250,
                    "losses": 0,
                    "requests": 6,
                    "handler": "CNT"
                }
            ],
            "phase_two": [
                {
                    "protocolSessionId": "b79ee7ac-1346-4902-b29d-744fb7a7da1a",
                    "account": 123123100,
                    "duration": 20,
                    "date": "2025-04-06T16:36:27.001",
                    "used": 33410398,
                    "losses": 0,
                    "requests": 2,
                    "handler": "CTG"
                },
                {
                    "protocolSessionId": "9e3ad5b5-3e7c-4feb-a8b1-3d5b3b364cbc",
                    "account": 123123100,
                    "duration": 20,
                    "date": "2025-04-06T16:41:38.001",
                    "used": 12915,
                    "losses": 0,
                    "requests": 2,
                    "handler": "CTG"
                },
                {
                    "protocolSessionId": "6b15610c-7e1a-4048-8a2f-1d2b9da17197",
                    "account": 123123100,
                    "duration": 20,
                    "date": "2025-04-06T17:09:10.001",
                    "used": 91154,
                    "losses": 0,
                    "requests": 2,
                    "handler": "CTG"
                }
            ]
        }
    }
}