{
    "observation": {
        "previous_period_summary": {
            "cnt_percentage": 66.67,
            "cnt_requests": 28,
            "losses_percentage": 0.0,
            "losses_volume": 0
        },
        "current_period": {
            "phase_one": [
                {
                    "protocolSessionId": "14a98578-4829-4032-8b58-79a795d059bb",
                    "account": 123123100,
                    "date": "2025-04-02T19:09:37.001",
                    "duration": 97.0,
                    "used": 631761,
                    "losses": 0,
                    "requests": 3,
                    "handler": "CNT"
                },
                {
                    "protocolSessionId": "65a94d1f-9c19-41c3-8eec-0ed1ff5caaf9",
                    "account": 123123100,
                    "date": "2025-04-02T21:19:07.001",
                    "duration": 1113.0,
                    "used": 948276,
                    "losses": 0,
                    "requests": 3,
                    "handler": "CNT"
                }
            ],
            "phase_two": [
                {
                    "protocolSessionId": "714174a6-c30c-40cb-a57a-25e8f2108060",
                    "account": 123123100,
                    "duration": 20,
                    "date": "2025-04-03T01:53:00.001",
                    "used": 33671845,
                    "losses": 0,
                    "requests": 5,
                    "handler": "CTG"
                }
            ]
        }
    }
}