{
    "observation": {
        "previous_period_summary": {
            "cnt_percentage": 21.43,
            "cnt_requests": 6,
            "losses_percentage": 0.0,
            "losses_volume": 0
        },
        "current_period": {
            "phase_one": [
                {
                    "protocolSessionId": "44dffdb9-5579-4ee8-b6a6-184eb010b6a3",
                    "account": 123123101,
                    "date": "2025-05-12T16:29:18.001",
                    "duration": 3.0,
                    "used": 135,
                    "losses": 0,
                    "requests": 3,
                    "handler": "CNT"
                },
                {
                    "protocolSessionId": "8fb3dc73-65f3-492c-8025-d5f018166e27",
                    "account": 123123101,
                    "date": "2025-05-12T16:29:26.001",
                    "duration": 11337.0,
                    "used": 77783157,
                    "losses": 0,
                    "requests": 3,
                    "handler": "CNT"
                }
            ],
            "phase_two": [
                {
                    "protocolSessionId": "54c33eac-cc93-46fe-8991-f66a8368cbef",
                    "account": 123123101,
                    "duration": 20,
                    "date": "2025-05-12T19:03:00.001",
                    "used": 482664,
                    "losses": 0,
                    "requests": 2,
                    "handler": "CTG"
                }
            ]
        }
    }
}