{
    "observation": {
        "previous_period_summary": {
            "cnt_percentage": 16.36,
            "cnt_requests": 9,
            "losses_percentage": 0.0,
            "losses_volume": 0
        },
        "current_period": {
            "phase_one": [
                {
                    "protocolSessionId": "6c41370c-1a23-4c72-a648-23406a796850",
                    "account": 123123101,
                    "date": "2025-04-25T11:40:13.001",
                    "duration": 857.0,
                    "used": 0,
                    "losses": 0,
                    "requests": 3,
                    "handler": "CNT"
                },
                {
                    "protocolSessionId": "337c6b82-4606-4646-a768-cee975fd2112",
                    "account": 123123101,
                    "date": "2025-04-25T18:37:36.001",
                    "duration": 20093.0,
                    "used": 314700976,
                    "losses": 0,
                    "requests": 15,
                    "handler": "CNT"
                }
            ],
            "phase_two": [
                {
                    "protocolSessionId": "4155d044-cef3-4b90-8737-d5cfd4db2fc0",
                    "account": 123123101,
                    "duration": 20,
                    "date": "2025-04-25T18:53:04.001",
                    "used": 14213958,
                    "losses": 0,
                    "requests": 2,
                    "handler": "CTG"
                },
                {
                    "protocolSessionId": "7455ba45-decf-467e-b22a-7bb96c0cb93e",
                    "account": 123123101,
                    "duration": 20,
                    "date": "2025-04-25T23:29:40.001",
                    "used": 143384251,
                    "losses": 0,
                    "requests": 3,
                    "handler": "CTG"
                },
                {
                    "protocolSessionId": "5d839d2c-4b42-48a8-bb48-8db802490712",
                    "account": 123123101,
                    "duration": 20,
                    "date": "2025-04-25T23:29:41.001",
                    "used": 0,
                    "losses": 0,
                    "requests": 1,
                    "handler": "CTG"
                }
            ]
        }
    }
}