{
    "observation": {
        "previous_period_summary": {
            "cnt_percentage": 1.44,
            "cnt_requests": 3,
            "losses_percentage": 0.0769,
            "losses_volume": 3809859
        },
        "current_period": {
            "phase_one": [
                {
                    "protocolSessionId": "2135a1ff-4750-4778-bfdb-e2dcf1e384d4",
                    "account": 123123101,
                    "date": "2025-05-11T23:32:03.001",
                    "duration": 2599.0,
                    "used": 104857600,
                    "losses": 0,
                    "requests": 6,
                    "handler": "CNT"
                }
            ],
            "phase_two": [
                {
                    "protocolSessionId": "a0240cd8-2277-427c-a804-00b1bcc27657",
                    "account": 123123101,
                    "duration": 20,
                    "date": "2025-05-11T23:52:21.001",
                    "used": 395460,
                    "losses": 0,
                    "requests": 2,
                    "handler": "CTG"
                },
                {
                    "protocolSessionId": "ee5effae-137f-45f7-ae20-3015fc73ee4f",
                    "account": 123123101,
                    "duration": 20,
                    "date": "2025-05-12T03:59:11.001",
                    "used": 259541922,
                    "losses": 0,
                    "requests": 3,
                    "handler": "CTG"
                },
                {
                    "protocolSessionId": "94d0c529-2f1b-4c67-a080-8978b2acae31",
                    "account": 123123101,
                    "duration": 20,
                    "date": "2025-05-12T04:00:39.001",
                    "used": 4941300,
                    "losses": 0,
                    "requests": 2,
                    "handler": "CTG"
                },
                {
                    "protocolSessionId": "ed7ae844-4a52-4386-9ec4-afe4b4681353",
                    "account": 123123101,
                    "duration": 20,
                    "date": "2025-05-12T04:07:30.001",
                    "used": 0,
                    "losses": 0,
                    "requests": 1,
                    "handler": "CTG"
                },
                {
                    "protocolSessionId": "e36d6f21-9335-4be4-af0a-8a36bc45a8a9",
                    "account": 123123101,
                    "duration": 20,
                    "date": "2025-05-12T04:33:21.001",
                    "used": 159023508,
                    "losses": 0,
                    "requests": 2,
                    "handler": "CTG"
                },
                {
                    "protocolSessionId": "df7b7937-84c3-402c-ae06-f38da3c761b6",
                    "account": 123123101,
                    "duration": 20,
                    "date": "2025-05-12T06:12:54.001",
                    "used": 25256789,
                    "losses": 0,
                    "requests": 2,
                    "handler": "CTG"
                },
                {
                    "protocolSessionId": "d6530d6a-3955-49f2-8a29-6006b513708f",
                    "account": 123123101,
                    "duration": 20,
                    "date": "2025-05-12T06:36:35.001",
                    "used": 343,
                    "losses": 0,
                    "requests": 2,
                    "handler": "CTG"
                },
                {
                    "protocolSessionId": "7555ee83-9ebf-4794-aa4e-f2ee0a62950b",
                    "account": 123123101,
                    "duration": 20,
                    "date": "2025-05-12T08:58:39.001",
                    "used": 317992690,
                    "losses": 0,
                    "requests": 3,
                    "handler": "CTG"
                },
                {
                    "protocolSessionId": "dc2b6494-8c0b-450d-9e39-05c80c3a7495",
                    "account": 123123101,
                    "duration": 20,
                    "date": "2025-05-12T09:07:53.001",
                    "used": 29746,
                    "losses": 0,
                    "requests": 2,
                    "handler": "CTG"
                },
                {
                    "protocolSessionId": "1d1edd63-e85e-448d-88ee-f2fd5938eced",
                    "account": 123123101,
                    "duration": 20,
                    "date": "2025-05-12T16:29:17.001",
                    "used": 34068718,
                    "losses": 0,
                    "requests": 3,
                    "handler": "CTG"
                }
            ]
        }
    }
}