{
    "observation": {
        "previous_period_summary": {
            "cnt_percentage": 12.5,
            "cnt_requests": 3,
            "losses_percentage": 0.0,
            "losses_volume": 0
        },
        "current_period": {
            "phase_one": [
                {
                    "protocolSessionId": "5d4a27fd-73a9-4d91-9c77-258aaa338462",
                    "account": 123123101,
                    "date": "2025-03-02T10:14:45.001",
                    "duration": 7424.0,
                    "used": 141056,
                    "losses": 0,
                    "requests": 3,
                    "handler": "CNT"
                }
            ],
            "phase_two": [
                {
                    "protocolSessionId": "7591cad1-17df-4e05-a3c8-5d9460c2e86a",
                    "account": 123123101,
                    "duration": 20,
                    "date": "2025-03-02T13:26:34.001",
                    "used": 298311705,
                    "losses": 0,
                    "requests": 3,
                    "handler": "CTG"
                }
            ]
        }
    }
}