{
    "observation": {
        "previous_period_summary": {
            "cnt_percentage": 60.0,
            "cnt_requests": 3,
            "losses_percentage": 0.0,
            "losses_volume": 0
        },
        "current_period": {
            "phase_one": [
                {
                    "protocolSessionId": "c2cdbab1-c2ac-4412-9a12-1b5fdcd8aa6d",
                    "account": 123123101,
                    "date": "2025-04-28T18:55:16.001",
                    "duration": 2240.0,
                    "used": 10700480,
                    "losses": 0,
                    "requests": 3,
                    "handler": "CNT"
                },
                {
                    "protocolSessionId": "61777675-69ca-4558-9e51-9e2047bcc37e",
                    "account": 123123101,
                    "date": "2025-04-28T19:35:58.001",
                    "duration": 98356.0,
                    "used": 18589284,
                    "losses": 0,
                    "requests": 3,
                    "handler": "CNT"
                }
            ],
            "phase_two": [
                {
                    "protocolSessionId": "96ea9208-e9b7-4d35-b4b6-ae4a3274537e",
                    "account": 123123101,
                    "duration": 20,
                    "date": "2025-04-29T04:21:38.001",
                    "used": 23544400,
                    "losses": 0,
                    "requests": 2,
                    "handler": "CTG"
                },
                {
                    "protocolSessionId": "fbc740b3-5a13-4ba1-a257-a4162eb30f9d",
                    "account": 123123101,
                    "duration": 20,
                    "date": "2025-04-29T14:12:19.001",
                    "used": 104095566,
                    "losses": 0,
                    "requests": 3,
                    "handler": "CTG"
                },
                {
                    "protocolSessionId": "a6664d93-26c4-4dbc-9de2-d865193f465d",
                    "account": 123123101,
                    "duration": 20,
                    "date": "2025-04-29T16:27:54.001",
                    "used": 154625287,
                    "losses": 0,
                    "requests": 5,
                    "handler": "CTG"
                }
            ]
        }
    }
}