{
    "observation": {
        "previous_period_summary": {
            "cnt_percentage": 37.5,
            "cnt_requests": 3,
            "losses_percentage": 0.0,
            "losses_volume": 0
        },
        "current_period": {
            "phase_one": [
                {
                    "protocolSessionId": "4c6288ca-84fe-4e98-957f-3a5c2e93c251",
                    "account": 123123101,
                    "date": "2025-05-16T19:50:38.001",
                    "duration": 1477.0,
                    "used": 314572800,
                    "losses": 51726865,
                    "requests": 15,
                    "handler": "CNT"
                },
                {
                    "protocolSessionId": "55565d36-494e-4844-bfb8-5af7448de373",
                    "account": 123123101,
                    "date": "2025-05-16T20:15:16.001",
                    "duration": 19.0,
                    "used": 578151,
                    "losses": 0,
                    "requests": 3,
                    "handler": "CNT"
                },
                {
                    "protocolSessionId": "daa3e7d6-137e-4a3c-ab25-3ea7bdbb675c",
                    "account": 123123101,
                    "date": "2025-05-16T21:35:31.001",
                    "duration": 8.0,
                    "used": 976,
                    "losses": 0,
                    "requests": 3,
                    "handler": "CNT"
                },
                {
                    "protocolSessionId": "2158c00e-9eaf-481a-a015-8eb5db4f4b5e",
                    "account": 123123101,
                    "date": "2025-05-16T22:07:16.001",
                    "duration": 69332.0,
                    "used": 302007484,
                    "losses": 0,
                    "requests": 10,
                    "handler": "CNT"
                }
            ],
            "phase_two": [
                {
                    "protocolSessionId": "93150570-c958-4e81-8d65-420133c5ba19",
                    "account": 123123101,
                    "duration": 20,
                    "date": "2025-05-17T05:13:55.001",
                    "used": 210791017,
                    "losses": 0,
                    "requests": 3,
                    "handler": "CTG"
                },
                {
                    "protocolSessionId": "fd399700-1b06-48c5-a43a-f9fa129dc4a1",
                    "account": 123123101,
                    "duration": 20,
                    "date": "2025-05-17T21:29:18.001",
                    "used": 75928424,
                    "losses": 0,
                    "requests": 2,
                    "handler": "CTG"
                }
            ]
        }
    }
}