{
    "observation": {
        "previous_period_summary": {
            "cnt_percentage": 55.56,
            "cnt_requests": 15,
            "losses_percentage": 0.0,
            "losses_volume": 0
        },
        "current_period": {
            "phase_one": [
                {
                    "protocolSessionId": "cc55ebd7-5ffc-4e27-9e79-8280c1ea8bbc",
                    "account": 123123101,
                    "date": "2025-04-16T16:55:31.001",
                    "duration": 7739.0,
                    "used": 107582287,
                    "losses": 0,
                    "requests": 6,
                    "handler": "CNT"
                },
                {
                    "protocolSessionId": "126ce891-e852-442e-9335-0b91f41c6906",
                    "account": 123123101,
                    "date": "2025-04-16T20:54:04.001",
                    "duration": 25418.0,
                    "used": 482942,
                    "losses": 0,
                    "requests": 3,
                    "handler": "CNT"
                },
                {
                    "protocolSessionId": "7ee54978-ed51-4da1-88fa-be4424589543",
                    "account": 123123101,
                    "date": "2025-04-17T02:16:50.001",
                    "duration": 212212.0,
                    "used": 136886059,
                    "losses": 0,
                    "requests": 6,
                    "handler": "CNT"
                },
                {
                    "protocolSessionId": "25dc4e7c-a45f-4f03-9186-033bdfe98e9f",
                    "account": 123123101,
                    "date": "2025-04-17T03:57:43.001",
                    "duration": 18.0,
                    "used": 33773688,
                    "losses": 0,
                    "requests": 3,
                    "handler": "CNT"
                },
                {
                    "protocolSessionId": "4d905b19-c3db-445a-b35d-d9db26629cb3",
                    "account": 123123101,
                    "date": "2025-04-17T03:58:13.001",
                    "duration": 11.0,
                    "used": 116930,
                    "losses": 0,
                    "requests": 3,
                    "handler": "CNT"
                },
                {
                    "protocolSessionId": "01266f14-39cd-4afc-b446-85d27b76896d",
                    "account": 123123101,
                    "date": "2025-04-17T10:35:45.001",
                    "duration": 1818.0,
                    "used": 1818,
                    "losses": 0,
                    "requests": 3,
                    "handler": "CNT"
                },
                {
                    "protocolSessionId": "68d4f099-b4e3-4b07-bcd6-e97587269690",
                    "account": 123123101,
                    "date": "2025-04-17T11:33:53.001",
                    "duration": 108222.0,
                    "used": 104962250,
                    "losses": 0,
                    "requests": 6,
                    "handler": "CNT"
                },
                {
                    "protocolSessionId": "bd78d21c-11c2-4188-8071-1fa37de70636",
                    "account": 123123101,
                    "date": "2025-04-18T01:59:27.001",
                    "duration": 104.0,
                    "used": 61833408,
                    "losses": 0,
                    "requests": 3,
                    "handler": "CNT"
                },
                {
                    "protocolSessionId": "b6cb0d51-485b-4ab4-8ead-aa5e99e9aee3",
                    "account": 123123101,
                    "date": "2025-04-18T02:15:54.001",
                    "duration": 2246.0,
                    "used": 8984,
                    "losses": 0,
                    "requests": 3,
                    "handler": "CNT"
                },
                {
                    "protocolSessionId": "4504f5d7-1f04-4ffc-a0a3-9555836a116d",
                    "account": 123123101,
                    "date": "2025-04-18T03:21:50.001",
                    "duration": 9085.0,
                    "used": 114065158,
                    "losses": 0,
                    "requests": 6,
                    "handler": "CNT"
                },
                {
                    "protocolSessionId": "5628442d-2bf7-4a3e-a1db-9453ded9571a",
                    "account": 123123101,
                    "date": "2025-04-18T05:53:19.001",
                    "duration": 4540.0,
                    "used": 105698629,
                    "losses": 0,
                    "requests": 6,
                    "handler": "CNT"
                },
                {
                    "protocolSessionId": "9b441ff8-6651-4a74-bcb9-586fe65140d0",
                    "account": 123123101,
                    "date": "2025-04-18T09:54:27.001",
                    "duration": 48.0,
                    "used": 36834528,
                    "losses": 0,
                    "requests": 3,
                    "handler": "CNT"
                },
                {
                    "protocolSessionId": "d9782667-bb6f-41c0-92e6-edb3cc69e539",
                    "account": 123123101,
                    "date": "2025-04-18T09:55:16.001",
                    "duration": 154379.0,
                    "used": 43843636,
                    "losses": 0,
                    "requests": 3,
                    "handler": "CNT"
                },
                {
                    "protocolSessionId": "6159b6bf-a582-49e2-b6d1-bc00baafc42e",
                    "account": 123123101,
                    "date": "2025-04-18T17:37:36.001",
                    "duration": 121.0,
                    "used": 25481269,
                    "losses": 0,
                    "requests": 3,
                    "handler": "CNT"
                },
                {
                    "protocolSessionId": "7cf97208-8049-4d7f-a154-036fd8e1b893",
                    "account": 123123101,
                    "date": "2025-04-18T21:07:17.001",
                    "duration": 10346.0,
                    "used": 31038,
                    "losses": 0,
                    "requests": 3,
                    "handler": "CNT"
                },
                {
                    "protocolSessionId": "5e0c275d-5e82-40be-b429-4c5846a7aeee",
                    "account": 123123101,
                    "date": "2025-04-19T08:11:31.001",
                    "duration": 482.0,
                    "used": 482,
                    "losses": 0,
                    "requests": 3,
                    "handler": "CNT"
                },
                {
                    "protocolSessionId": "a7fe436e-063b-45fe-bf5c-8a27bde27410",
                    "account": 123123101,
                    "date": "2025-04-19T08:19:34.001",
                    "duration": 117.0,
                    "used": 7290387,
                    "losses": 0,
                    "requests": 3,
                    "handler": "CNT"
                },
                {
                    "protocolSessionId": "aff7219a-245b-472a-adbb-eaaf89da5578",
                    "account": 123123101,
                    "date": "2025-04-19T09:05:46.001",
                    "duration": 36397.0,
                    "used": 197922765,
                    "losses": 0,
                    "requests": 6,
                    "handler": "CNT"
                },
                {
                    "protocolSessionId": "988f3892-3d87-4a74-8cb2-7734e2693cbf",
                    "account": 123123101,
                    "date": "2025-04-19T13:18:51.001",
                    "duration": 1550.0,
                    "used": 658750,
                    "losses": 0,
                    "requests": 3,
                    "handler": "CNT"
                },
                {
                    "protocolSessionId": "3982202e-e73b-4f6d-8db2-4e436d7d4c7a",
                    "account": 123123101,
                    "date": "2025-04-19T19:13:00.001",
                    "duration": 9.0,
                    "used": 333,
                    "losses": 0,
                    "requests": 3,
                    "handler": "CNT"
                },
                {
                    "protocolSessionId": "8ce32e59-8e25-4de6-a4cc-d93f7a4ad7e4",
                    "account": 123123101,
                    "date": "2025-04-19T21:38:13.001",
                    "duration": 1942.0,
                    "used": 821466,
                    "losses": 0,
                    "requests": 3,
                    "handler": "CNT"
                },
                {
                    "protocolSessionId": "c762c105-c1bc-4511-8c73-dff79dc35d43",
                    "account": 123123101,
                    "date": "2025-04-20T02:36:34.001",
                    "duration": 1605.0,
                    "used": 2083290,
                    "losses": 0,
                    "requests": 3,
                    "handler": "CNT"
                },
                {
                    "protocolSessionId": "5291982c-7580-47b0-8ee2-04cd28ab0d9f",
                    "account": 123123101,
                    "date": "2025-04-20T03:31:41.001",
                    "duration": 40065.0,
                    "used": 116268230,
                    "losses": 0,
                    "requests": 6,
                    "handler": "CNT"
                },
                {
                    "protocolSessionId": "134323b4-558f-4ed3-a21a-63b0ea553df7",
                    "account": 123123101,
                    "date": "2025-04-20T03:44:09.001",
                    "duration": 4396.0,
                    "used": 629145600,
                    "losses": 0,
                    "requests": 36,
                    "handler": "CNT"
                },
                {
                    "protocolSessionId": "c819d090-4f92-4499-be24-bb1573cfd66d",
                    "account": 123123101,
                    "date": "2025-04-20T09:09:17.001",
                    "duration": 23712.0,
                    "used": 16740672,
                    "losses": 0,
                    "requests": 3,
                    "handler": "CNT"
                }
            ],
            "phase_two": [
                {
                    "protocolSessionId": "6821df95-a60d-4765-8c0a-bb578c1e9244",
                    "account": 123123101,
                    "duration": 20,
                    "date": "2025-04-20T10:05:49.001",
                    "used": 49215,
                    "losses": 0,
                    "requests": 2,
                    "handler": "CTG"
                }
            ]
        }
    }
}