{
    "observation": {
        "previous_period_summary": {
            "cnt_percentage": 20.51,
            "cnt_requests": 16,
            "losses_percentage": 0.0,
            "losses_volume": 0
        },
        "current_period": {
            "phase_one": [
                {
                    "protocolSessionId": "d578fe29-8a46-47d3-b464-5f8e1fe3c0f1",
                    "account": 123123101,
                    "date": "2025-03-24T06:35:00.001",
                    "duration": 28874.0,
                    "used": 105721930,
                    "losses": 0,
                    "requests": 6,
                    "handler": "CNT"
                },
                {
                    "protocolSessionId": "194d81d7-324a-48c4-af3b-7a81b81c2707",
                    "account": 123123101,
                    "date": "2025-03-24T14:37:34.001",
                    "duration": 44991.0,
                    "used": 480942100,
                    "losses": 0,
                    "requests": 21,
                    "handler": "CNT"
                }
            ],
            "phase_two": [
                {
                    "protocolSessionId": "4a33d70b-f358-404e-9b84-95e4937e5e5f",
                    "account": 123123101,
                    "duration": 20,
                    "date": "2025-03-24T18:59:11.001",
                    "used": 1518570,
                    "losses": 0,
                    "requests": 2,
                    "handler": "CTG"
                },
                {
                    "protocolSessionId": "4ec39dea-be3f-4a2b-a746-c342d62bbddd",
                    "account": 123123101,
                    "duration": 20,
                    "date": "2025-03-24T21:48:01.001",
                    "used": 82742,
                    "losses": 0,
                    "requests": 2,
                    "handler": "CTG"
                }
            ]
        }
    }
}