{
    "observation": {
        "previous_period_summary": {
            "cnt_percentage": 15.79,
            "cnt_requests": 3,
            "losses_percentage": 0.0,
            "losses_volume": 0
        },
        "current_period": {
            "phase_one": [
                {
                    "protocolSessionId": "5f7adb3c-addc-4e81-bb3d-fb449c743b35",
                    "account": 123123101,
                    "date": "2025-05-03T17:48:18.001",
                    "duration": 6.0,
                    "used": 1590,
                    "losses": 0,
                    "requests": 3,
                    "handler": "CNT"
                }
            ],
            "phase_two": [
                {
                    "protocolSessionId": "22609e87-1dce-4c48-8ef9-ed4a9e6a0d86",
                    "account": 123123101,
                    "duration": 20,
                    "date": "2025-05-03T23:27:16.001",
                    "used": 539254933,
                    "losses": 0,
                    "requests": 4,
                    "handler": "CTG"
                },
                {
                    "protocolSessionId": "1d2d5069-046d-440b-9513-2874d2cc2f7d",
                    "account": 123123101,
                    "duration": 20,
                    "date": "2025-05-03T23:45:51.001",
                    "used": 273329381,
                    "losses": 0,
                    "requests": 3,
                    "handler": "CTG"
                },
                {
                    "protocolSessionId": "f38368c1-959a-484a-bea0-bc82aec8e553",
                    "account": 123123101,
                    "duration": 20,
                    "date": "2025-05-04T02:18:09.001",
                    "used": 127454,
                    "losses": 0,
                    "requests": 2,
                    "handler": "CTG"
                },
                {
                    "protocolSessionId": "c45d8793-b938-42a6-9b63-7c25798bb4cd",
                    "account": 123123101,
                    "duration": 20,
                    "date": "2025-05-04T03:51:36.001",
                    "used": 65150,
                    "losses": 0,
                    "requests": 2,
                    "handler": "CTG"
                },
                {
                    "protocolSessionId": "00ab2806-2656-4219-9f9b-7c591daa0bbf",
                    "account": 123123101,
                    "duration": 20,
                    "date": "2025-05-04T04:32:11.001",
                    "used": 43875,
                    "losses": 0,
                    "requests": 2,
                    "handler": "CTG"
                },
                {
                    "protocolSessionId": "4fad83f1-fdf5-4d5d-a72f-03886ab01689",
                    "account": 123123101,
                    "duration": 20,
                    "date": "2025-05-04T09:33:52.001",
                    "used": 110811707,
                    "losses": 0,
                    "requests": 3,
                    "handler": "CTG"
                },
                {
                    "protocolSessionId": "09918b7a-d539-476a-819b-2289c632d75b",
                    "account": 123123101,
                    "duration": 20,
                    "date": "2025-05-04T09:43:38.001",
                    "used": 20713,
                    "losses": 0,
                    "requests": 2,
                    "handler": "CTG"
                },
                {
                    "protocolSessionId": "068e20d7-0cf4-497b-b27a-5c18d83f77ac",
                    "account": 123123101,
                    "duration": 20,
                    "date": "2025-05-04T12:00:21.001",
                    "used": 0,
                    "losses": 0,
                    "requests": 1,
                    "handler": "CTG"
                },
                {
                    "protocolSessionId": "be75e660-ae15-41f9-bfff-cbd13132645f",
                    "account": 123123101,
                    "duration": 20,
                    "date": "2025-05-04T12:15:19.001",
                    "used": 0,
                    "losses": 0,
                    "requests": 1,
                    "handler": "CTG"
                },
                {
                    "protocolSessionId": "c77b167a-8e98-481e-8e36-0f9343f7639d",
                    "account": 123123101,
                    "duration": 20,
                    "date": "2025-05-04T13:18:02.001",
                    "used": 3547341,
                    "losses": 0,
                    "requests": 2,
                    "handler": "CTG"
                },
                {
                    "protocolSessionId": "b86fc752-88d4-4e4f-bf2c-6a547841840b",
                    "account": 123123101,
                    "duration": 20,
                    "date": "2025-05-04T15:02:22.001",
                    "used": 5475,
                    "losses": 0,
                    "requests": 2,
                    "handler": "CTG"
                },
                {
                    "protocolSessionId": "e3600840-c5c5-4a8d-b2f6-07bfcfd2f32f",
                    "account": 123123101,
                    "duration": 20,
                    "date": "2025-05-04T15:03:09.001",
                    "used": 3907956,
                    "losses": 0,
                    "requests": 2,
                    "handler": "CTG"
                },
                {
                    "protocolSessionId": "0aedcb15-e496-4fd2-9f39-1632f11d00a0",
                    "account": 123123101,
                    "duration": 20,
                    "date": "2025-05-04T21:32:53.001",
                    "used": 20298,
                    "losses": 0,
                    "requests": 2,
                    "handler": "CTG"
                },
                {
                    "protocolSessionId": "9f28cff6-529c-49ca-9652-c62d94bc927a",
                    "account": 123123101,
                    "duration": 20,
                    "date": "2025-05-04T23:01:24.001",
                    "used": 0,
                    "losses": 0,
                    "requests": 1,
                    "handler": "CTG"
                },
                {
                    "protocolSessionId": "74617e1b-8cff-498a-8539-8b9b51008bc9",
                    "account": 123123101,
                    "duration": 20,
                    "date": "2025-05-04T23:01:26.001",
                    "used": 0,
                    "losses": 0,
                    "requests": 1,
                    "handler": "CTG"
                },
                {
                    "protocolSessionId": "60b43831-54c5-41d2-b83a-d4f7fbea9a1b",
                    "account": 123123101,
                    "duration": 20,
                    "date": "2025-05-04T23:07:50.001",
                    "used": 78311713,
                    "losses": 0,
                    "requests": 5,
                    "handler": "CTG"
                },
                {
                    "protocolSessionId": "757a452d-6b75-4649-bccc-ffff6b527eb0",
                    "account": 123123101,
                    "duration": 20,
                    "date": "2025-05-05T04:38:47.001",
                    "used": 131640,
                    "losses": 0,
                    "requests": 2,
                    "handler": "CTG"
                },
                {
                    "protocolSessionId": "fcbce44e-ee7a-436d-abad-75ce17cdaf05",
                    "account": 123123101,
                    "duration": 20,
                    "date": "2025-05-05T05:23:19.001",
                    "used": 280878,
                    "losses": 0,
                    "requests": 2,
                    "handler": "CTG"
                },
                {
                    "protocolSessionId": "b695b1f2-5d2a-4429-b35e-3e5eb17e42ee",
                    "account": 123123101,
                    "duration": 20,
                    "date": "2025-05-05T06:10:00.001",
                    "used": 0,
                    "losses": 0,
                    "requests": 1,
                    "handler": "CTG"
                },
                {
                    "protocolSessionId": "7b47aa15-6af9-4c7d-9ec1-7a83258e0086",
                    "account": 123123101,
                    "duration": 20,
                    "date": "2025-05-05T06:10:06.001",
                    "used": 21140,
                    "losses": 0,
                    "requests": 2,
                    "handler": "CTG"
                },
                {
                    "protocolSessionId": "706f8b02-6288-44cd-b737-0460ad011887",
                    "account": 123123101,
                    "duration": 20,
                    "date": "2025-05-05T09:39:19.001",
                    "used": 29147170,
                    "losses": 0,
                    "requests": 3,
                    "handler": "CTG"
                },
                {
                    "protocolSessionId": "deb3add4-29f7-4827-9da8-449433a079bf",
                    "account": 123123101,
                    "duration": 20,
                    "date": "2025-05-05T18:16:14.001",
                    "used": 12652250,
                    "losses": 0,
                    "requests": 2,
                    "handler": "CTG"
                },
                {
                    "protocolSessionId": "87f17685-624a-4f39-a386-0f4598740652",
                    "account": 123123101,
                    "duration": 20,
                    "date": "2025-05-05T18:34:10.001",
                    "used": 859264,
                    "losses": 0,
                    "requests": 2,
                    "handler": "CTG"
                },
                {
                    "protocolSessionId": "032c0d3b-f1cf-44bd-8208-4edba61a214d",
                    "account": 123123101,
                    "duration": 20,
                    "date": "2025-05-05T19:22:53.001",
                    "used": 1106865,
                    "losses": 0,
                    "requests": 2,
                    "handler": "CTG"
                },
                {
                    "protocolSessionId": "7d8b21ea-09a7-4a4b-8cd2-962d69c646b1",
                    "account": 123123101,
                    "duration": 20,
                    "date": "2025-05-05T22:49:54.001",
                    "used": 45341934,
                    "losses": 0,
                    "requests": 4,
                    "handler": "CTG"
                },
                {
                    "protocolSessionId": "9475b732-568a-4c88-892e-0f735d5b930e",
                    "account": 123123101,
                    "duration": 20,
                    "date": "2025-05-06T02:32:16.001",
                    "used": 774684,
                    "losses": 0,
                    "requests": 2,
                    "handler": "CTG"
                },
                {
                    "protocolSessionId": "34233329-3f22-4fe9-93d2-2e12d6d91e35",
                    "account": 123123101,
                    "duration": 20,
                    "date": "2025-05-06T02:49:29.001",
                    "used": 30673601,
                    "losses": 0,
                    "requests": 3,
                    "handler": "CTG"
                },
                {
                    "protocolSessionId": "aa5676ed-d80c-460b-9647-0eca65b5981c",
                    "account": 123123101,
                    "duration": 20,
                    "date": "2025-05-06T03:01:24.001",
                    "used": 25209,
                    "losses": 0,
                    "requests": 2,
                    "handler": "CTG"
                },
                {
                    "protocolSessionId": "2e0fbfe9-a07f-4933-98f7-05e6e791a793",
                    "account": 123123101,
                    "duration": 20,
                    "date": "2025-05-06T05:01:04.001",
                    "used": 72614380,
                    "losses": 0,
                    "requests": 5,
                    "handler": "CTG"
                },
                {
                    "protocolSessionId": "b6b876ad-f4df-4b9a-9978-dc333e251fd7",
                    "account": 123123101,
                    "duration": 20,
                    "date": "2025-05-06T10:16:21.001",
                    "used": 4132,
                    "losses": 0,
                    "requests": 2,
                    "handler": "CTG"
                },
                {
                    "protocolSessionId": "689d273d-a262-4c69-b35c-a462ff208c39",
                    "account": 123123101,
                    "duration": 20,
                    "date": "2025-05-06T11:04:28.001",
                    "used": 5530445,
                    "losses": 0,
                    "requests": 2,
                    "handler": "CTG"
                },
                {
                    "protocolSessionId": "39a524d6-c855-4b32-82b1-9330533dbad8",
                    "account": 123123101,
                    "duration": 20,
                    "date": "2025-05-06T14:39:55.001",
                    "used": 8831232,
                    "losses": 0,
                    "requests": 2,
                    "handler": "CTG"
                },
                {
                    "protocolSessionId": "b33e41f9-82b3-4a3a-a0db-69c8cc89b462",
                    "account": 123123101,
                    "duration": 20,
                    "date": "2025-05-06T14:40:10.001",
                    "used": 12,
                    "losses": 0,
                    "requests": 2,
                    "handler": "CTG"
                },
                {
                    "protocolSessionId": "f3b4d20e-cc3e-4ba8-ae17-c45550a584ce",
                    "account": 123123101,
                    "duration": 20,
                    "date": "2025-05-06T21:01:39.001",
                    "used": 7689432,
                    "losses": 0,
                    "requests": 2,
                    "handler": "CTG"
                },
                {
                    "protocolSessionId": "f0c57c1b-aeac-4afe-948b-a36baaf49f74",
                    "account": 123123101,
                    "duration": 20,
                    "date": "2025-05-06T23:24:27.001",
                    "used": 2435992,
                    "losses": 0,
                    "requests": 2,
                    "handler": "CTG"
                },
                {
                    "protocolSessionId": "c0c3b833-ef3c-4812-89b8-14d72be84630",
                    "account": 123123101,
                    "duration": 20,
                    "date": "2025-05-06T23:27:18.001",
                    "used": 121814,
                    "losses": 0,
                    "requests": 2,
                    "handler": "CTG"
                },
                {
                    "protocolSessionId": "79a0e015-990f-417d-b573-5fd988246eea",
                    "account": 123123101,
                    "duration": 20,
                    "date": "2025-05-07T22:49:36.001",
                    "used": 19615061,
                    "losses": 0,
                    "requests": 3,
                    "handler": "CTG"
                },
                {
                    "protocolSessionId": "f0596835-98ca-4495-acb3-701556876eae",
                    "account": 123123101,
                    "duration": 20,
                    "date": "2025-05-08T01:07:57.001",
                    "used": 450934,
                    "losses": 0,
                    "requests": 2,
                    "handler": "CTG"
                },
                {
                    "protocolSessionId": "b120a595-1bb7-4045-97fd-c26ec7de278c",
                    "account": 123123101,
                    "duration": 20,
                    "date": "2025-05-08T02:03:15.001",
                    "used": 92547,
                    "losses": 0,
                    "requests": 2,
                    "handler": "CTG"
                },
                {
                    "protocolSessionId": "9c3bdae2-630b-40ac-968b-23dd1b2601a5",
                    "account": 123123101,
                    "duration": 20,
                    "date": "2025-05-08T02:29:03.001",
                    "used": 947895,
                    "losses": 0,
                    "requests": 2,
                    "handler": "CTG"
                },
                {
                    "protocolSessionId": "a95894a2-d4d5-4a13-89f3-42eb03217fee",
                    "account": 123123101,
                    "duration": 20,
                    "date": "2025-05-08T07:00:49.001",
                    "used": 1521389,
                    "losses": 0,
                    "requests": 2,
                    "handler": "CTG"
                },
                {
                    "protocolSessionId": "a7ab27de-e024-41e5-be8a-c79811c58b80",
                    "account": 123123101,
                    "duration": 20,
                    "date": "2025-05-08T07:02:15.001",
                    "used": 767720,
                    "losses": 0,
                    "requests": 2,
                    "handler": "CTG"
                },
                {
                    "protocolSessionId": "28867295-8e32-42fa-b7da-aa7c058bfcc4",
                    "account": 123123101,
                    "duration": 20,
                    "date": "2025-05-08T09:48:02.001",
                    "used": 31619725,
                    "losses": 0,
                    "requests": 3,
                    "handler": "CTG"
                },
                {
                    "protocolSessionId": "3d32f616-ba30-4275-b43e-84659069dd5e",
                    "account": 123123101,
                    "duration": 20,
                    "date": "2025-05-08T09:54:44.001",
                    "used": 22585608,
                    "losses": 0,
                    "requests": 4,
                    "handler": "CTG"
                },
                {
                    "protocolSessionId": "9b1695fc-fa44-4094-afe6-8863698ab178",
                    "account": 123123101,
                    "duration": 20,
                    "date": "2025-05-08T09:55:12.001",
                    "used": 20971520,
                    "losses": 0,
                    "requests": 4,
                    "handler": "CTG"
                },
                {
                    "protocolSessionId": "386c8aff-020c-40b8-9f2a-c15dab8e3e9e",
                    "account": 123123101,
                    "duration": 20,
                    "date": "2025-05-08T10:41:54.001",
                    "used": 4721392,
                    "losses": 0,
                    "requests": 2,
                    "handler": "CTG"
                },
                {
                    "protocolSessionId": "7b4de57b-8a14-4a82-bcae-53e02183e730",
                    "account": 123123101,
                    "duration": 20,
                    "date": "2025-05-08T10:54:26.001",
                    "used": 7423815,
                    "losses": 0,
                    "requests": 2,
                    "handler": "CTG"
                },
                {
                    "protocolSessionId": "50eec38c-fafa-4ec0-b680-15046207845d",
                    "account": 123123101,
                    "duration": 20,
                    "date": "2025-05-08T11:06:03.001",
                    "used": 57902,
                    "losses": 0,
                    "requests": 2,
                    "handler": "CTG"
                },
                {
                    "protocolSessionId": "b4e80aa5-8a42-40ee-8aaa-2d5bc5865074",
                    "account": 123123101,
                    "duration": 20,
                    "date": "2025-05-08T11:10:59.001",
                    "used": 1142,
                    "losses": 0,
                    "requests": 2,
                    "handler": "CTG"
                },
                {
                    "protocolSessionId": "64d054ea-7839-4558-a7c9-768adf64c889",
                    "account": 123123101,
                    "duration": 20,
                    "date": "2025-05-08T11:33:02.001",
                    "used": 0,
                    "losses": 0,
                    "requests": 1,
                    "handler": "CTG"
                },
                {
                    "protocolSessionId": "7ca12992-6697-4824-b070-586d22250dd3",
                    "account": 123123101,
                    "duration": 20,
                    "date": "2025-05-08T11:36:34.001",
                    "used": 34402196,
                    "losses": 0,
                    "requests": 3,
                    "handler": "CTG"
                },
                {
                    "protocolSessionId": "383b6df9-9f27-4df1-b545-ffd61ec55f3d",
                    "account": 123123101,
                    "duration": 20,
                    "date": "2025-05-08T15:38:07.001",
                    "used": 24426,
                    "losses": 0,
                    "requests": 2,
                    "handler": "CTG"
                },
                {
                    "protocolSessionId": "6f1920bc-49f1-4a1e-91c6-b24a99417ab8",
                    "account": 123123101,
                    "duration": 20,
                    "date": "2025-05-08T15:41:53.001",
                    "used": 2036565,
                    "losses": 0,
                    "requests": 2,
                    "handler": "CTG"
                },
                {
                    "protocolSessionId": "df8e9977-5d9b-4186-b317-2e4a70f0ff77",
                    "account": 123123101,
                    "duration": 20,
                    "date": "2025-05-08T17:06:39.001",
                    "used": 25687863,
                    "losses": 0,
                    "requests": 4,
                    "handler": "CTG"
                },
                {
                    "protocolSessionId": "ac76c032-50b0-4185-b885-3165342e62d7",
                    "account": 123123101,
                    "duration": 20,
                    "date": "2025-05-08T19:06:52.001",
                    "used": 41943040,
                    "losses": 3809859,
                    "requests": 6,
                    "handler": "CTG"
                },
                {
                    "protocolSessionId": "551edc69-8c3f-47e4-94e4-eac486e36b9c",
                    "account": 123123101,
                    "duration": 20,
                    "date": "2025-05-08T19:07:52.001",
                    "used": 0,
                    "losses": 0,
                    "requests": 1,
                    "handler": "CTG"
                },
                {
                    "protocolSessionId": "22f55f4c-1ba7-4703-84ff-802ac5cf5502",
                    "account": 123123101,
                    "duration": 20,
                    "date": "2025-05-08T19:07:53.001",
                    "used": 0,
                    "losses": 0,
                    "requests": 1,
                    "handler": "CTG"
                },
                {
                    "protocolSessionId": "66bcfb38-bd29-42ac-90c2-1e95336484fb",
                    "account": 123123101,
                    "duration": 20,
                    "date": "2025-05-08T19:51:40.001",
                    "used": 9347960,
                    "losses": 0,
                    "requests": 2,
                    "handler": "CTG"
                },
                {
                    "protocolSessionId": "e0e1195b-381e-4880-be29-ee5f7517ca67",
                    "account": 123123101,
                    "duration": 20,
                    "date": "2025-05-08T19:53:13.001",
                    "used": 0,
                    "losses": 0,
                    "requests": 1,
                    "handler": "CTG"
                },
                {
                    "protocolSessionId": "49283871-6131-48aa-9b15-3ceb2195691c",
                    "account": 123123101,
                    "duration": 20,
                    "date": "2025-05-08T20:16:04.001",
                    "used": 124956,
                    "losses": 0,
                    "requests": 2,
                    "handler": "CTG"
                },
                {
                    "protocolSessionId": "b9566008-c54e-4c41-b1ea-e62f07e58fe3",
                    "account": 123123101,
                    "duration": 20,
                    "date": "2025-05-09T01:45:47.001",
                    "used": 0,
                    "losses": 0,
                    "requests": 1,
                    "handler": "CTG"
                },
                {
                    "protocolSessionId": "e0e3be08-767e-4bc2-bb03-cce0c366499b",
                    "account": 123123101,
                    "duration": 20,
                    "date": "2025-05-09T01:48:14.001",
                    "used": 5708016,
                    "losses": 0,
                    "requests": 2,
                    "handler": "CTG"
                },
                {
                    "protocolSessionId": "dfbbcee2-93d3-44e4-a2d0-3db43f67855d",
                    "account": 123123101,
                    "duration": 20,
                    "date": "2025-05-09T02:11:33.001",
                    "used": 262440,
                    "losses": 0,
                    "requests": 2,
                    "handler": "CTG"
                },
                {
                    "protocolSessionId": "2b5deb83-4f35-4aec-89b3-18948aa5948b",
                    "account": 123123101,
                    "duration": 20,
                    "date": "2025-05-09T02:16:29.001",
                    "used": 2156861,
                    "losses": 0,
                    "requests": 2,
                    "handler": "CTG"
                },
                {
                    "protocolSessionId": "8e07bde2-2d91-4f41-9235-03734b3e23d9",
                    "account": 123123101,
                    "duration": 20,
                    "date": "2025-05-09T06:51:54.001",
                    "used": 13290049,
                    "losses": 0,
                    "requests": 3,
                    "handler": "CTG"
                },
                {
                    "protocolSessionId": "d8ab2caf-a172-413e-91ff-aed08da93dd4",
                    "account": 123123101,
                    "duration": 20,
                    "date": "2025-05-09T08:36:56.001",
                    "used": 0,
                    "losses": 0,
                    "requests": 1,
                    "handler": "CTG"
                },
                {
                    "protocolSessionId": "6d46efea-4f23-484e-84a7-2f1b64d1d5d8",
                    "account": 123123101,
                    "duration": 20,
                    "date": "2025-05-09T11:07:57.001",
                    "used": 539924584,
                    "losses": 0,
                    "requests": 3,
                    "handler": "CTG"
                },
                {
                    "protocolSessionId": "12623a65-3f38-45ee-be5c-6ef7f7366eb5",
                    "account": 123123101,
                    "duration": 20,
                    "date": "2025-05-09T23:33:01.001",
                    "used": 192898043,
                    "losses": 0,
                    "requests": 3,
                    "handler": "CTG"
                },
                {
                    "protocolSessionId": "5096b0ac-70bf-4ead-93da-47e9827a225a",
                    "account": 123123101,
                    "duration": 20,
                    "date": "2025-05-10T08:11:15.001",
                    "used": 163833865,
                    "losses": 0,
                    "requests": 3,
                    "handler": "CTG"
                },
                {
                    "protocolSessionId": "d90156f9-76cc-4848-bf7a-fbc7eb34d398",
                    "account": 123123101,
                    "duration": 20,
                    "date": "2025-05-10T20:18:36.001",
                    "used": 3683524,
                    "losses": 0,
                    "requests": 2,
                    "handler": "CTG"
                },
                {
                    "protocolSessionId": "ee1c0804-3e9e-49f2-bf13-0ce8051c8898",
                    "account": 123123101,
                    "duration": 20,
                    "date": "2025-05-10T22:41:32.001",
                    "used": 385980553,
                    "losses": 0,
                    "requests": 4,
                    "handler": "CTG"
                },
                {
                    "protocolSessionId": "66659131-f06b-4863-9036-b90455cbcb3c",
                    "account": 123123101,
                    "duration": 20,
                    "date": "2025-05-10T22:54:38.001",
                    "used": 289674,
                    "losses": 0,
                    "requests": 2,
                    "handler": "CTG"
                },
                {
                    "protocolSessionId": "be131a3c-2813-4426-abee-40b7328f26a2",
                    "account": 123123101,
                    "duration": 20,
                    "date": "2025-05-10T22:59:40.001",
                    "used": 20120,
                    "losses": 0,
                    "requests": 2,
                    "handler": "CTG"
                },
                {
                    "protocolSessionId": "aebec1b9-ef98-41e2-9348-cdc0d8ea261b",
                    "account": 123123101,
                    "duration": 20,
                    "date": "2025-05-11T01:32:53.001",
                    "used": 22243126,
                    "losses": 0,
                    "requests": 4,
                    "handler": "CTG"
                },
                {
                    "protocolSessionId": "e88116ed-5eac-41db-846f-b0c81f37a0d2",
                    "account": 123123101,
                    "duration": 20,
                    "date": "2025-05-11T02:03:40.001",
                    "used": 0,
                    "losses": 0,
                    "requests": 1,
                    "handler": "CTG"
                },
                {
                    "protocolSessionId": "f5a5aa09-525f-444f-a51d-6c2ad6790dd2",
                    "account": 123123101,
                    "duration": 20,
                    "date": "2025-05-11T04:23:31.001",
                    "used": 5634216,
                    "losses": 0,
                    "requests": 2,
                    "handler": "CTG"
                },
                {
                    "protocolSessionId": "d1a9bc8e-31f3-45ce-a6de-89cc29327422",
                    "account": 123123101,
                    "duration": 20,
                    "date": "2025-05-11T05:38:04.001",
                    "used": 0,
                    "losses": 0,
                    "requests": 1,
                    "handler": "CTG"
                },
                {
                    "protocolSessionId": "c116c843-1249-412b-9229-331415a5629f",
                    "account": 123123101,
                    "duration": 20,
                    "date": "2025-05-11T06:07:38.001",
                    "used": 668770222,
                    "losses": 0,
                    "requests": 5,
                    "handler": "CTG"
                },
                {
                    "protocolSessionId": "4cb6ac55-0cfa-4c7d-b99e-6f3ec0d4ec5b",
                    "account": 123123101,
                    "duration": 20,
                    "date": "2025-05-11T06:39:05.001",
                    "used": 205735809,
                    "losses": 0,
                    "requests": 4,
                    "handler": "CTG"
                },
                {
                    "protocolSessionId": "eab23813-e55d-4a7b-ac0c-c8873015959c",
                    "account": 123123101,
                    "duration": 20,
                    "date": "2025-05-11T07:37:54.001",
                    "used": 0,
                    "losses": 0,
                    "requests": 1,
                    "handler": "CTG"
                },
                {
                    "protocolSessionId": "b5632a82-d76c-44bf-865d-43dca3bed6da",
                    "account": 123123101,
                    "duration": 20,
                    "date": "2025-05-11T10:10:28.001",
                    "used": 0,
                    "losses": 0,
                    "requests": 1,
                    "handler": "CTG"
                },
                {
                    "protocolSessionId": "d103172f-ecff-44a0-b9c1-715de1bf16f8",
                    "account": 123123101,
                    "duration": 20,
                    "date": "2025-05-11T10:10:48.001",
                    "used": 0,
                    "losses": 0,
                    "requests": 1,
                    "handler": "CTG"
                },
                {
                    "protocolSessionId": "45acba49-af6e-45a9-8383-6371703b8827",
                    "account": 123123101,
                    "duration": 20,
                    "date": "2025-05-11T14:52:16.001",
                    "used": 377870004,
                    "losses": 0,
                    "requests": 4,
                    "handler": "CTG"
                },
                {
                    "protocolSessionId": "250938c4-78db-4736-9a54-3d2a808da9cd",
                    "account": 123123101,
                    "duration": 20,
                    "date": "2025-05-11T15:31:18.001",
                    "used": 175158,
                    "losses": 0,
                    "requests": 2,
                    "handler": "CTG"
                },
                {
                    "protocolSessionId": "f4725fcc-6216-460b-a74d-da1ea9250701",
                    "account": 123123101,
                    "duration": 20,
                    "date": "2025-05-11T18:11:14.001",
                    "used": 512403757,
                    "losses": 0,
                    "requests": 4,
                    "handler": "CTG"
                },
                {
                    "protocolSessionId": "dec05736-44c1-4e56-bc1a-1584a8f11964",
                    "account": 123123101,
                    "duration": 20,
                    "date": "2025-05-11T19:07:23.001",
                    "used": 19776,
                    "losses": 0,
                    "requests": 2,
                    "handler": "CTG"
                },
                {
                    "protocolSessionId": "5aa63567-5e03-4016-8955-eec670198423",
                    "account": 123123101,
                    "duration": 20,
                    "date": "2025-05-11T21:38:46.001",
                    "used": 181573972,
                    "losses": 0,
                    "requests": 3,
                    "handler": "CTG"
                },
                {
                    "protocolSessionId": "dc69058a-762d-4e62-91bf-93f8fb16cab0",
                    "account": 123123101,
                    "duration": 20,
                    "date": "2025-05-11T22:02:29.001",
                    "used": 218753753,
                    "losses": 0,
                    "requests": 3,
                    "handler": "CTG"
                }
            ]
        }
    }
}