{
    "observation": {
        "previous_period_summary": {
            "cnt_percentage": 50.0,
            "cnt_requests": 9,
            "losses_percentage": 0.0,
            "losses_volume": 0
        },
        "current_period": {
            "phase_one": [
                {
                    "protocolSessionId": "9c591c3a-8242-4426-97ea-cd6815b601a0",
                    "account": 123123101,
                    "date": "2025-05-14T04:35:54.001",
                    "duration": 668.0,
                    "used": 112544616,
                    "losses": 0,
                    "requests": 6,
                    "handler": "CNT"
                },
                {
                    "protocolSessionId": "da63e910-0b12-48a5-86bb-49fd7f4b3414",
                    "account": 123123101,
                    "date": "2025-05-14T04:47:03.001",
                    "duration": 1069.0,
                    "used": 104857600,
                    "losses": 104857600,
                    "requests": 6,
                    "handler": "CNT"
                },
                {
                    "protocolSessionId": "fc66cbb9-48b4-4a39-92f1-54c01a5d4fb8",
                    "account": 123123101,
                    "date": "2025-05-14T05:17:24.001",
                    "duration": 24715.0,
                    "used": 315021751,
                    "losses": 0,
                    "requests": 15,
                    "handler": "CNT"
                },
                {
                    "protocolSessionId": "1a3ff006-9976-4e56-80ea-cbc100791629",
                    "account": 123123101,
                    "date": "2025-05-14T08:11:50.001",
                    "duration": 270.0,
                    "used": 270,
                    "losses": 0,
                    "requests": 3,
                    "handler": "CNT"
                },
                {
                    "protocolSessionId": "a1021e29-79c0-4c67-a231-8ac55eb2fdac",
                    "account": 123123101,
                    "date": "2025-05-14T10:20:54.001",
                    "duration": 231.0,
                    "used": 209715200,
                    "losses": 0,
                    "requests": 6,
                    "handler": "CNT"
                },
                {
                    "protocolSessionId": "115ea5ca-c6f1-4f1c-8ee7-e38ce2eb0176",
                    "account": 123123101,
                    "date": "2025-05-14T13:40:06.001",
                    "duration": 91.0,
                    "used": 2741375,
                    "losses": 0,
                    "requests": 3,
                    "handler": "CNT"
                }
            ],
            "phase_two": [
                {
                    "protocolSessionId": "167d5819-db50-42f7-8f9d-1d0ac4333ec7",
                    "account": 123123101,
                    "duration": 20,
                    "date": "2025-05-14T14:24:02.001",
                    "used": 22815,
                    "losses": 0,
                    "requests": 2,
                    "handler": "CTG"
                },
                {
                    "protocolSessionId": "ef8b4300-bb70-41dc-afb4-6bc2e0437911",
                    "account": 123123101,
                    "duration": 20,
                    "date": "2025-05-14T14:26:39.001",
                    "used": 188272,
                    "losses": 0,
                    "requests": 2,
                    "handler": "CTG"
                },
                {
                    "protocolSessionId": "649fc417-620e-44db-acb1-ed319f51d156",
                    "account": 123123101,
                    "duration": 20,
                    "date": "2025-05-14T14:30:16.001",
                    "used": 943,
                    "losses": 0,
                    "requests": 2,
                    "handler": "CTG"
                }
            ]
        }
    }
}