{
    "observation": {
        "previous_period_summary": {
            "cnt_percentage": 98.93,
            "cnt_requests": 185,
            "losses_percentage": 0.0,
            "losses_volume": 0
        },
        "current_period": {
            "phase_one": [
                {
                    "protocolSessionId": "ce4ec0b3-0a9e-4c77-a11e-e87c17ca6dc0",
                    "account": 123123101,
                    "date": "2025-03-09T22:23:35.001",
                    "duration": 172.0,
                    "used": 44153604,
                    "losses": 0,
                    "requests": 3,
                    "handler": "CNT"
                },
                {
                    "protocolSessionId": "245e9820-3fef-4b3e-bdfa-175e9d21ea4f",
                    "account": 123123101,
                    "date": "2025-03-09T22:26:36.001",
                    "duration": 6016.0,
                    "used": 209885300,
                    "losses": 0,
                    "requests": 10,
                    "handler": "CNT"
                },
                {
                    "protocolSessionId": "50112911-6854-4511-adda-a1cdb2378694",
                    "account": 123123101,
                    "date": "2025-03-10T00:06:55.001",
                    "duration": 1239.0,
                    "used": 109032,
                    "losses": 0,
                    "requests": 3,
                    "handler": "CNT"
                },
                {
                    "protocolSessionId": "c7937e7e-8bf2-433e-b32e-10680169f495",
                    "account": 123123101,
                    "date": "2025-03-10T06:57:24.001",
                    "duration": 26317.0,
                    "used": 130178495,
                    "losses": 0,
                    "requests": 6,
                    "handler": "CNT"
                },
                {
                    "protocolSessionId": "e21e5326-3922-4fd7-aca2-ab14242cec1c",
                    "account": 123123101,
                    "date": "2025-03-10T09:29:20.001",
                    "duration": 3602.0,
                    "used": 110548384,
                    "losses": 0,
                    "requests": 6,
                    "handler": "CNT"
                },
                {
                    "protocolSessionId": "bf26dcb9-1f7e-4f3d-8091-9c36319fa251",
                    "account": 123123101,
                    "date": "2025-03-10T12:03:48.001",
                    "duration": 133252.0,
                    "used": 377627376,
                    "losses": 0,
                    "requests": 15,
                    "handler": "CNT"
                },
                {
                    "protocolSessionId": "feb6f6ef-ca97-4441-a374-ce6253f2ed88",
                    "account": 123123101,
                    "date": "2025-03-10T13:48:00.001",
                    "duration": 3639.0,
                    "used": 7852962,
                    "losses": 7852962,
                    "requests": 3,
                    "handler": "CNT"
                },
                {
                    "protocolSessionId": "cd589f52-157c-4e07-a773-58735c6809fd",
                    "account": 123123101,
                    "date": "2025-03-10T14:28:43.001",
                    "duration": 4188.0,
                    "used": 352310700,
                    "losses": 0,
                    "requests": 15,
                    "handler": "CNT"
                }
            ],
            "phase_two": [
                {
                    "protocolSessionId": "1a21ece7-738d-4b03-b8fa-791fb3887d27",
                    "account": 123123101,
                    "duration": 20,
                    "date": "2025-03-10T14:49:02.001",
                    "used": 0,
                    "losses": 0,
                    "requests": 1,
                    "handler": "CTG"
                },
                {
                    "protocolSessionId": "1c384076-09ab-477e-b769-b271ebb92bab",
                    "account": 123123101,
                    "duration": 20,
                    "date": "2025-03-10T16:11:15.001",
                    "used": 0,
                    "losses": 0,
                    "requests": 1,
                    "handler": "CTG"
                },
                {
                    "protocolSessionId": "c8951632-b00f-4882-8d65-0b0a02edb767",
                    "account": 123123101,
                    "duration": 20,
                    "date": "2025-03-10T16:12:03.001",
                    "used": 0,
                    "losses": 0,
                    "requests": 1,
                    "handler": "CTG"
                }
            ]
        }
    }
}