{
    "observation": {
        "previous_period_summary": {
            "cnt_percentage": 87.1,
            "cnt_requests": 27,
            "losses_percentage": 0.0,
            "losses_volume": 0
        },
        "current_period": {
            "phase_one": [
                {
                    "protocolSessionId": "f40e3b32-a19f-4969-bfc1-1453ab709207",
                    "account": 123123101,
                    "date": "2025-03-25T03:25:52.001",
                    "duration": 160646.0,
                    "used": 1285168,
                    "losses": 0,
                    "requests": 3,
                    "handler": "CNT"
                }
            ],
            "phase_two": [
                {
                    "protocolSessionId": "d6986c4e-43b3-40be-aefe-bb8d846fb3a4",
                    "account": 123123101,
                    "duration": 20,
                    "date": "2025-03-25T04:59:48.001",
                    "used": 1063275629,
                    "losses": 0,
                    "requests": 4,
                    "handler": "CTG"
                },
                {
                    "protocolSessionId": "96e69f3e-d4f9-45be-b9d7-dfc692bc8e5e",
                    "account": 123123101,
                    "duration": 20,
                    "date": "2025-03-25T08:09:35.001",
                    "used": 160609806,
                    "losses": 0,
                    "requests": 2,
                    "handler": "CTG"
                },
                {
                    "protocolSessionId": "04934035-c170-4a96-8892-3f66646acccc",
                    "account": 123123101,
                    "duration": 20,
                    "date": "2025-03-25T15:00:43.001",
                    "used": 657203335,
                    "losses": 0,
                    "requests": 5,
                    "handler": "CTG"
                },
                {
                    "protocolSessionId": "73e18ae5-1950-4845-9b11-24f6da03fcba",
                    "account": 123123101,
                    "duration": 20,
                    "date": "2025-03-25T15:40:45.001",
                    "used": 3358180,
                    "losses": 0,
                    "requests": 2,
                    "handler": "CTG"
                },
                {
                    "protocolSessionId": "16c7c1bf-f41f-4bba-9b39-d0062035b04b",
                    "account": 123123101,
                    "duration": 20,
                    "date": "2025-03-26T01:46:09.001",
                    "used": 19938960,
                    "losses": 0,
                    "requests": 2,
                    "handler": "CTG"
                },
                {
                    "protocolSessionId": "cef8dee8-4347-4979-a6cd-91d09f071bf4",
                    "account": 123123101,
                    "duration": 20,
                    "date": "2025-03-26T04:50:03.001",
                    "used": 1928321018,
                    "losses": 0,
                    "requests": 5,
                    "handler": "CTG"
                },
                {
                    "protocolSessionId": "bb6e99d3-efd8-4647-8382-c654b2ce44bb",
                    "account": 123123101,
                    "duration": 20,
                    "date": "2025-03-26T10:00:10.001",
                    "used": 225139,
                    "losses": 0,
                    "requests": 2,
                    "handler": "CTG"
                },
                {
                    "protocolSessionId": "2b547bb2-e851-4a65-94b8-e58cacecf4b3",
                    "account": 123123101,
                    "duration": 20,
                    "date": "2025-03-26T10:37:56.001",
                    "used": 5230731,
                    "losses": 0,
                    "requests": 2,
                    "handler": "CTG"
                },
                {
                    "protocolSessionId": "2ad6cbbb-29e4-4d8b-9927-07ca20222a2e",
                    "account": 123123101,
                    "duration": 20,
                    "date": "2025-03-26T15:50:43.001",
                    "used": 558702913,
                    "losses": 0,
                    "requests": 4,
                    "handler": "CTG"
                },
                {
                    "protocolSessionId": "763be03f-9f08-4d8f-9561-d0f21ac643e7",
                    "account": 123123101,
                    "duration": 20,
                    "date": "2025-03-26T18:54:49.001",
                    "used": 96345606,
                    "losses": 0,
                    "requests": 2,
                    "handler": "CTG"
                },
                {
                    "protocolSessionId": "c7e8d1a5-0f59-49e6-94af-90dabe504de9",
                    "account": 123123101,
                    "duration": 20,
                    "date": "2025-03-26T23:57:02.001",
                    "used": 6900827,
                    "losses": 0,
                    "requests": 2,
                    "handler": "CTG"
                }
            ]
        }
    }
}