{
    "observation": {
        "previous_period_summary": {
            "cnt_percentage": 42.86,
            "cnt_requests": 6,
            "losses_percentage": 0.0,
            "losses_volume": 0
        },
        "current_period": {
            "phase_one": [
                {
                    "protocolSessionId": "f9548b20-808b-4544-b272-f93984987999",
                    "account": 123123101,
                    "date": "2025-04-14T05:07:52.001",
                    "duration": 1.0,
                    "used": 1281590,
                    "losses": 0,
                    "requests": 3,
                    "handler": "CNT"
                },
                {
                    "protocolSessionId": "7e5b315a-95b4-4c59-ae58-f2f91fd54df2",
                    "account": 123123101,
                    "date": "2025-04-14T05:07:54.001",
                    "duration": 144401.0,
                    "used": 158687794,
                    "losses": 0,
                    "requests": 6,
                    "handler": "CNT"
                },
                {
                    "protocolSessionId": "d777ea6c-d0f7-4bbc-a106-d84714353044",
                    "account": 123123101,
                    "date": "2025-04-15T21:29:41.001",
                    "duration": 69935.0,
                    "used": 107636129,
                    "losses": 0,
                    "requests": 6,
                    "handler": "CNT"
                }
            ],
            "phase_two": [
                {
                    "protocolSessionId": "1f5e5cc8-1832-4592-880d-a5f0b0484ca8",
                    "account": 123123101,
                    "duration": 20,
                    "date": "2025-04-16T04:53:56.001",
                    "used": 298426207,
                    "losses": 0,
                    "requests": 3,
                    "handler": "CTG"
                },
                {
                    "protocolSessionId": "f1211bd2-306e-4e1b-a654-c74b2c143730",
                    "account": 123123101,
                    "duration": 20,
                    "date": "2025-04-16T04:55:30.001",
                    "used": 68560,
                    "losses": 0,
                    "requests": 2,
                    "handler": "CTG"
                },
                {
                    "protocolSessionId": "f5f07e06-6023-41ab-a514-a0f59d36590e",
                    "account": 123123101,
                    "duration": 20,
                    "date": "2025-04-16T12:16:38.001",
                    "used": 373065614,
                    "losses": 0,
                    "requests": 5,
                    "handler": "CTG"
                },
                {
                    "protocolSessionId": "0e904250-148f-40ea-90fe-c42ad2d18f5d",
                    "account": 123123101,
                    "duration": 20,
                    "date": "2025-04-16T16:02:32.001",
                    "used": 184912,
                    "losses": 0,
                    "requests": 2,
                    "handler": "CTG"
                }
            ]
        }
    }
}