{
    "observation": {
        "previous_period_summary": {
            "cnt_percentage": 82.5,
            "cnt_requests": 33,
            "losses_percentage": 0.0,
            "losses_volume": 0
        },
        "current_period": {
            "phase_one": [
                {
                    "protocolSessionId": "26438d85-ecb6-4818-856e-b8c2bbd956d2",
                    "account": 123123101,
                    "date": "2025-05-16T16:01:09.001",
                    "duration": 450.0,
                    "used": 64502100,
                    "losses": 0,
                    "requests": 3,
                    "handler": "CNT"
                }
            ],
            "phase_two": [
                {
                    "protocolSessionId": "747344f7-0348-455b-939c-4aef4ae94de8",
                    "account": 123123101,
                    "duration": 20,
                    "date": "2025-05-16T16:09:02.001",
                    "used": 176,
                    "losses": 0,
                    "requests": 2,
                    "handler": "CTG"
                },
                {
                    "protocolSessionId": "b6aad22f-2820-40fa-b315-2ea355f56405",
                    "account": 123123101,
                    "duration": 20,
                    "date": "2025-05-16T19:21:10.001",
                    "used": 34068718,
                    "losses": 0,
                    "requests": 3,
                    "handler": "CTG"
                }
            ]
        }
    }
}