{
    "observation": {
        "previous_period_summary": {
            "cnt_percentage": 75.0,
            "cnt_requests": 6,
            "losses_percentage": 0.0,
            "losses_volume": 0
        },
        "current_period": {
            "phase_one": [
                {
                    "protocolSessionId": "af1f6904-336b-42d9-a31e-91bce256894b",
                    "account": 123123101,
                    "date": "2025-05-12T19:38:53.001",
                    "duration": 4315.0,
                    "used": 367811791,
                    "losses": 0,
                    "requests": 21,
                    "handler": "CNT"
                },
                {
                    "protocolSessionId": "27345b9f-f93d-4b36-af83-fbe3036dc317",
                    "account": 123123101,
                    "date": "2025-05-12T23:40:40.001",
                    "duration": 2372.0,
                    "used": 104859212,
                    "losses": 0,
                    "requests": 6,
                    "handler": "CNT"
                }
            ],
            "phase_two": [
                {
                    "protocolSessionId": "219f91b7-7d91-4967-b7df-63bbb67fc818",
                    "account": 123123101,
                    "duration": 20,
                    "date": "2025-05-13T00:51:15.001",
                    "used": 144618944,
                    "losses": 0,
                    "requests": 4,
                    "handler": "CTG"
                }
            ]
        }
    }
}