{
    "observation": {
        "previous_period_summary": {
            "cnt_percentage": 50.0,
            "cnt_requests": 3,
            "losses_percentage": 0.0,
            "losses_volume": 0
        },
        "current_period": {
            "phase_one": [
                {
                    "protocolSessionId": "3c567d87-5c81-491e-a95b-01bb82abdc75",
                    "account": 123123101,
                    "date": "2025-03-02T13:42:28.001",
                    "duration": 81.0,
                    "used": 5346,
                    "losses": 0,
                    "requests": 3,
                    "handler": "CNT"
                }
            ],
            "phase_two": [
                {
                    "protocolSessionId": "a31f4e8e-2744-41db-9b8a-a8420ed445e5",
                    "account": 123123101,
                    "duration": 20,
                    "date": "2025-03-02T14:54:45.001",
                    "used": 177031607,
                    "losses": 0,
                    "requests": 2,
                    "handler": "CTG"
                },
                {
                    "protocolSessionId": "bff080b7-01f2-4842-8faf-787bfe431919",
                    "account": 123123101,
                    "duration": 20,
                    "date": "2025-03-02T16:23:45.001",
                    "used": 385399391,
                    "losses": 0,
                    "requests": 3,
                    "handler": "CTG"
                },
                {
                    "protocolSessionId": "7f606561-fc6f-46c4-966c-9f2801b4809a",
                    "account": 123123101,
                    "duration": 20,
                    "date": "2025-03-02T17:06:10.001",
                    "used": 323106,
                    "losses": 0,
                    "requests": 2,
                    "handler": "CTG"
                },
                {
                    "protocolSessionId": "fd4771f9-19c3-4814-98ca-24693066414f",
                    "account": 123123101,
                    "duration": 20,
                    "date": "2025-03-02T17:21:43.001",
                    "used": 315,
                    "losses": 0,
                    "requests": 2,
                    "handler": "CTG"
                }
            ]
        }
    }
}