{
    "observation": {
        "previous_period_summary": {
            "cnt_percentage": 86.67,
            "cnt_requests": 39,
            "losses_percentage": 14.0731,
            "losses_volume": 104857600
        },
        "current_period": {
            "phase_one": [
                {
                    "protocolSessionId": "4f602adc-7d10-444d-900e-924b4c2fdebd",
                    "account": 123123101,
                    "date": "2025-05-14T15:53:10.001",
                    "duration": 12864.0,
                    "used": 59984832,
                    "losses": 0,
                    "requests": 3,
                    "handler": "CNT"
                }
            ],
            "phase_two": [
                {
                    "protocolSessionId": "80249fed-dd9f-41f4-ba28-f7ee250294cb",
                    "account": 123123101,
                    "duration": 20,
                    "date": "2025-05-14T16:22:17.001",
                    "used": 558156,
                    "losses": 0,
                    "requests": 2,
                    "handler": "CTG"
                },
                {
                    "protocolSessionId": "4587c815-7d49-4e53-a56e-91ccf29696b5",
                    "account": 123123101,
                    "duration": 20,
                    "date": "2025-05-14T16:25:48.001",
                    "used": 2699196,
                    "losses": 0,
                    "requests": 2,
                    "handler": "CTG"
                },
                {
                    "protocolSessionId": "192f74c8-722e-45bc-8a48-7988c15244cf",
                    "account": 123123101,
                    "duration": 20,
                    "date": "2025-05-14T19:19:39.001",
                    "used": 230925568,
                    "losses": 0,
                    "requests": 3,
                    "handler": "CTG"
                }
            ]
        }
    }
}