{
    "observation": {
        "previous_period_summary": {
            "cnt_percentage": 60.0,
            "cnt_requests": 3,
            "losses_percentage": 0.0,
            "losses_volume": 0
        },
        "current_period": {
            "phase_one": [
                {
                    "protocolSessionId": "a9b2e572-0232-409d-83fa-7fc9a537a75b",
                    "account": 123123101,
                    "date": "2025-04-23T03:37:19.001",
                    "duration": 4168.0,
                    "used": 127695889,
                    "losses": 0,
                    "requests": 6,
                    "handler": "CNT"
                }
            ],
            "phase_two": [
                {
                    "protocolSessionId": "a3e9116a-19f7-4ab0-9aec-bf684281626f",
                    "account": 123123101,
                    "duration": 20,
                    "date": "2025-04-23T18:57:05.001",
                    "used": 154148358,
                    "losses": 0,
                    "requests": 2,
                    "handler": "CTG"
                }
            ]
        }
    }
}