{
    "observation": {
        "previous_period_summary": {
            "cnt_percentage": 50.0,
            "cnt_requests": 6,
            "losses_percentage": 0.0,
            "losses_volume": 0
        },
        "current_period": {
            "phase_one": [
                {
                    "protocolSessionId": "817982d5-6249-44c9-b236-a16846a05402",
                    "account": 123123101,
                    "date": "2025-04-04T19:20:10.001",
                    "duration": 111.0,
                    "used": 11449539,
                    "losses": 0,
                    "requests": 3,
                    "handler": "CNT"
                },
                {
                    "protocolSessionId": "9871521e-fba7-42ea-b135-accdb9ed22f3",
                    "account": 123123101,
                    "date": "2025-04-04T19:22:02.001",
                    "duration": 48975.0,
                    "used": 105681131,
                    "losses": 0,
                    "requests": 6,
                    "handler": "CNT"
                },
                {
                    "protocolSessionId": "45daa674-d855-4303-8741-81050a9c7605",
                    "account": 123123101,
                    "date": "2025-04-05T08:58:25.001",
                    "duration": 1489.0,
                    "used": 178649248,
                    "losses": 0,
                    "requests": 6,
                    "handler": "CNT"
                },
                {
                    "protocolSessionId": "33f6f1f7-3673-4414-89d5-bd01f96ac9b5",
                    "account": 123123101,
                    "date": "2025-04-05T13:05:28.001",
                    "duration": 1315.0,
                    "used": 104857600,
                    "losses": 0,
                    "requests": 6,
                    "handler": "CNT"
                }
            ],
            "phase_two": [
                {
                    "protocolSessionId": "eec1c0e3-373b-4faa-9616-98bcde06f41b",
                    "account": 123123101,
                    "duration": 20,
                    "date": "2025-04-05T16:51:46.001",
                    "used": 184555354,
                    "losses": 0,
                    "requests": 3,
                    "handler": "CTG"
                },
                {
                    "protocolSessionId": "286befab-755b-44eb-90d8-22d652608428",
                    "account": 123123101,
                    "duration": 20,
                    "date": "2025-04-05T21:45:30.001",
                    "used": 158872332,
                    "losses": 0,
                    "requests": 3,
                    "handler": "CTG"
                },
                {
                    "protocolSessionId": "75289940-1d6f-43e8-a430-88df1172a701",
                    "account": 123123101,
                    "duration": 20,
                    "date": "2025-04-07T04:27:10.001",
                    "used": 226464333,
                    "losses": 0,
                    "requests": 4,
                    "handler": "CTG"
                },
                {
                    "protocolSessionId": "ad58b847-8cb3-4cd1-92d3-b7f39f27785b",
                    "account": 123123101,
                    "duration": 20,
                    "date": "2025-04-07T04:47:19.001",
                    "used": 1660032,
                    "losses": 0,
                    "requests": 2,
                    "handler": "CTG"
                },
                {
                    "protocolSessionId": "a034bb10-585e-4783-a9bd-420b4d8b3b91",
                    "account": 123123101,
                    "duration": 20,
                    "date": "2025-04-07T07:52:16.001",
                    "used": 3586965,
                    "losses": 0,
                    "requests": 2,
                    "handler": "CTG"
                },
                {
                    "protocolSessionId": "9f6e4e93-1be7-4014-8260-60462bdd8024",
                    "account": 123123101,
                    "duration": 20,
                    "date": "2025-04-07T08:48:37.001",
                    "used": 194209,
                    "losses": 0,
                    "requests": 2,
                    "handler": "CTG"
                },
                {
                    "protocolSessionId": "bbccbaa5-3cfc-409f-8c39-53f2749db4d0",
                    "account": 123123101,
                    "duration": 20,
                    "date": "2025-04-07T16:47:21.001",
                    "used": 284733838,
                    "losses": 0,
                    "requests": 5,
                    "handler": "CTG"
                },
                {
                    "protocolSessionId": "f4b24aeb-0abc-4194-a700-15b4931c5b42",
                    "account": 123123101,
                    "duration": 20,
                    "date": "2025-04-07T17:43:41.001",
                    "used": 37400307,
                    "losses": 0,
                    "requests": 3,
                    "handler": "CTG"
                },
                {
                    "protocolSessionId": "c229ff15-e07d-4fe6-a115-e478addc871b",
                    "account": 123123101,
                    "duration": 20,
                    "date": "2025-04-07T23:19:21.001",
                    "used": 6394980,
                    "losses": 0,
                    "requests": 2,
                    "handler": "CTG"
                },
                {
                    "protocolSessionId": "13330253-2414-43a0-b301-c20d6bae0e6f",
                    "account": 123123101,
                    "duration": 20,
                    "date": "2025-04-07T23:48:45.001",
                    "used": 1175436675,
                    "losses": 0,
                    "requests": 4,
                    "handler": "CTG"
                },
                {
                    "protocolSessionId": "3e100f7f-4cad-4fc0-9017-6d879139272b",
                    "account": 123123101,
                    "duration": 20,
                    "date": "2025-04-08T00:37:39.001",
                    "used": 3953516,
                    "losses": 0,
                    "requests": 2,
                    "handler": "CTG"
                },
                {
                    "protocolSessionId": "77281e87-fbcf-47e9-a910-970dc5d82293",
                    "account": 123123101,
                    "duration": 20,
                    "date": "2025-04-08T01:01:05.001",
                    "used": 90824851,
                    "losses": 0,
                    "requests": 2,
                    "handler": "CTG"
                },
                {
                    "protocolSessionId": "81eba081-4a57-4c82-8127-df0133a6a4d0",
                    "account": 123123101,
                    "duration": 20,
                    "date": "2025-04-08T01:42:15.001",
                    "used": 35062258,
                    "losses": 0,
                    "requests": 2,
                    "handler": "CTG"
                },
                {
                    "protocolSessionId": "8742dc16-5c69-4dc0-8673-9ebea63c56db",
                    "account": 123123101,
                    "duration": 20,
                    "date": "2025-04-08T03:03:46.001",
                    "used": 4395214,
                    "losses": 0,
                    "requests": 2,
                    "handler": "CTG"
                },
                {
                    "protocolSessionId": "7cd999eb-2f75-4961-ab68-bf2f2838ba35",
                    "account": 123123101,
                    "duration": 20,
                    "date": "2025-04-08T07:34:18.001",
                    "used": 2256184,
                    "losses": 0,
                    "requests": 2,
                    "handler": "CTG"
                },
                {
                    "protocolSessionId": "583ad647-120f-452f-9097-f5702497fb9b",
                    "account": 123123101,
                    "duration": 20,
                    "date": "2025-04-08T07:34:25.001",
                    "used": 0,
                    "losses": 0,
                    "requests": 1,
                    "handler": "CTG"
                },
                {
                    "protocolSessionId": "7b7897ec-9a89-4e77-8dd6-8b44f1418299",
                    "account": 123123101,
                    "duration": 20,
                    "date": "2025-04-08T12:35:36.001",
                    "used": 58737105,
                    "losses": 0,
                    "requests": 2,
                    "handler": "CTG"
                },
                {
                    "protocolSessionId": "f6270eee-51bb-4bc9-88cd-25f32fc6c6ae",
                    "account": 123123101,
                    "duration": 20,
                    "date": "2025-04-08T13:41:26.001",
                    "used": 451016313,
                    "losses": 0,
                    "requests": 3,
                    "handler": "CTG"
                },
                {
                    "protocolSessionId": "b0d968a3-4ee3-48c4-86a7-2f8e8efd166b",
                    "account": 123123101,
                    "duration": 20,
                    "date": "2025-04-08T13:44:03.001",
                    "used": 132,
                    "losses": 0,
                    "requests": 2,
                    "handler": "CTG"
                },
                {
                    "protocolSessionId": "76949d3a-1f9a-44b5-9689-60d75c63e503",
                    "account": 123123101,
                    "duration": 20,
                    "date": "2025-04-09T11:22:45.001",
                    "used": 1851,
                    "losses": 0,
                    "requests": 2,
                    "handler": "CTG"
                },
                {
                    "protocolSessionId": "43c051d3-52da-45ed-8fb3-d2909c707fa3",
                    "account": 123123101,
                    "duration": 20,
                    "date": "2025-04-09T11:44:06.001",
                    "used": 18450,
                    "losses": 0,
                    "requests": 2,
                    "handler": "CTG"
                },
                {
                    "protocolSessionId": "1e69d144-3091-470c-8075-4f687e62707c",
                    "account": 123123101,
                    "duration": 20,
                    "date": "2025-04-09T14:28:54.001",
                    "used": 24085600,
                    "losses": 0,
                    "requests": 2,
                    "handler": "CTG"
                },
                {
                    "protocolSessionId": "9d37670c-d812-40de-b097-d11b7d2ba21d",
                    "account": 123123101,
                    "duration": 20,
                    "date": "2025-04-09T14:41:25.001",
                    "used": 86152,
                    "losses": 0,
                    "requests": 2,
                    "handler": "CTG"
                },
                {
                    "protocolSessionId": "b363b5a9-244c-4dd4-a116-b79682c83f0f",
                    "account": 123123101,
                    "duration": 20,
                    "date": "2025-04-10T02:32:51.001",
                    "used": 94392732,
                    "losses": 0,
                    "requests": 2,
                    "handler": "CTG"
                },
                {
                    "protocolSessionId": "a5ad53a1-9fc5-4d48-8dc0-af7fa583ae38",
                    "account": 123123101,
                    "duration": 20,
                    "date": "2025-04-10T03:02:55.001",
                    "used": 13464654,
                    "losses": 0,
                    "requests": 2,
                    "handler": "CTG"
                },
                {
                    "protocolSessionId": "edd6b9d0-6436-4d5c-ac79-0a12b924216f",
                    "account": 123123101,
                    "duration": 20,
                    "date": "2025-04-10T06:06:47.001",
                    "used": 7987539,
                    "losses": 0,
                    "requests": 2,
                    "handler": "CTG"
                },
                {
                    "protocolSessionId": "0c1bfae6-706f-4c3e-aa15-4644968ff324",
                    "account": 123123101,
                    "duration": 20,
                    "date": "2025-04-10T08:20:24.001",
                    "used": 1918246,
                    "losses": 0,
                    "requests": 2,
                    "handler": "CTG"
                },
                {
                    "protocolSessionId": "c8e98fd1-aa9d-4f5b-8687-0a7f4054dc92",
                    "account": 123123101,
                    "duration": 20,
                    "date": "2025-04-10T08:23:18.001",
                    "used": 13260,
                    "losses": 0,
                    "requests": 2,
                    "handler": "CTG"
                },
                {
                    "protocolSessionId": "73acc31b-cd8f-451c-aeef-b4ca343146e8",
                    "account": 123123101,
                    "duration": 20,
                    "date": "2025-04-10T08:36:07.001",
                    "used": 503,
                    "losses": 0,
                    "requests": 2,
                    "handler": "CTG"
                },
                {
                    "protocolSessionId": "295e5630-5172-471c-af55-3232092de9e5",
                    "account": 123123101,
                    "duration": 20,
                    "date": "2025-04-10T14:14:48.001",
                    "used": 98506108,
                    "losses": 0,
                    "requests": 2,
                    "handler": "CTG"
                },
                {
                    "protocolSessionId": "aca30e21-0e3c-4516-8b43-20b2ce8440cd",
                    "account": 123123101,
                    "duration": 20,
                    "date": "2025-04-11T06:13:37.001",
                    "used": 23015241,
                    "losses": 0,
                    "requests": 2,
                    "handler": "CTG"
                },
                {
                    "protocolSessionId": "8c83e9bc-1542-4457-9839-985803c63042",
                    "account": 123123101,
                    "duration": 20,
                    "date": "2025-04-11T09:31:51.001",
                    "used": 492181695,
                    "losses": 0,
                    "requests": 3,
                    "handler": "CTG"
                },
                {
                    "protocolSessionId": "09376c57-dcff-4f10-b443-546e14b91ccd",
                    "account": 123123101,
                    "duration": 20,
                    "date": "2025-04-11T14:46:02.001",
                    "used": 736825114,
                    "losses": 0,
                    "requests": 4,
                    "handler": "CTG"
                },
                {
                    "protocolSessionId": "63c5c200-d27b-4e3b-be94-c85c27234d93",
                    "account": 123123101,
                    "duration": 20,
                    "date": "2025-04-11T17:59:36.001",
                    "used": 50605042,
                    "losses": 0,
                    "requests": 2,
                    "handler": "CTG"
                },
                {
                    "protocolSessionId": "8d2b92e7-2552-40a0-a349-3fa7de871f7d",
                    "account": 123123101,
                    "duration": 20,
                    "date": "2025-04-11T20:08:15.001",
                    "used": 391664595,
                    "losses": 0,
                    "requests": 5,
                    "handler": "CTG"
                },
                {
                    "protocolSessionId": "e1498fc6-442f-4356-97ca-c768895aa584",
                    "account": 123123101,
                    "duration": 20,
                    "date": "2025-04-11T20:45:48.001",
                    "used": 69671,
                    "losses": 0,
                    "requests": 2,
                    "handler": "CTG"
                },
                {
                    "protocolSessionId": "2cd9a3fa-8e82-4299-8ca8-4c4571739111",
                    "account": 123123101,
                    "duration": 20,
                    "date": "2025-04-11T21:01:20.001",
                    "used": 1957040,
                    "losses": 0,
                    "requests": 2,
                    "handler": "CTG"
                }
            ]
        }
    }
}