{
    "observation": {
        "previous_period_summary": {
            "cnt_percentage": 60.0,
            "cnt_requests": 3,
            "losses_percentage": 0.0,
            "losses_volume": 0
        },
        "current_period": {
            "phase_one": [
                {
                    "protocolSessionId": "41101d68-7687-4e83-93b0-88f7a8d2e237",
                    "account": 123123101,
                    "date": "2025-05-03T01:02:07.001",
                    "duration": 554.0,
                    "used": 26657372,
                    "losses": 0,
                    "requests": 3,
                    "handler": "CNT"
                }
            ],
            "phase_two": [
                {
                    "protocolSessionId": "bafe8773-6b8b-4152-9ced-0f93b33680ff",
                    "account": 123123101,
                    "duration": 20,
                    "date": "2025-05-03T02:31:36.001",
                    "used": 0,
                    "losses": 0,
                    "requests": 1,
                    "handler": "CTG"
                },
                {
                    "protocolSessionId": "99fb67ac-0dcd-4b69-8198-9a2ed4fa71c9",
                    "account": 123123101,
                    "duration": 20,
                    "date": "2025-05-03T04:01:45.001",
                    "used": 54742089,
                    "losses": 0,
                    "requests": 4,
                    "handler": "CTG"
                },
                {
                    "protocolSessionId": "fe11a3c3-5d5c-4aee-a86d-f8bdff31ada7",
                    "account": 123123101,
                    "duration": 20,
                    "date": "2025-05-03T14:45:10.001",
                    "used": 1430721664,
                    "losses": 0,
                    "requests": 8,
                    "handler": "CTG"
                },
                {
                    "protocolSessionId": "306963f8-4134-4f08-bffa-5a6738b881de",
                    "account": 123123101,
                    "duration": 20,
                    "date": "2025-05-03T17:25:58.001",
                    "used": 459037818,
                    "losses": 0,
                    "requests": 3,
                    "handler": "CTG"
                }
            ]
        }
    }
}