{
    "observation": {
        "previous_period_summary": {
            "cnt_percentage": 69.23,
            "cnt_requests": 9,
            "losses_percentage": 0.0,
            "losses_volume": 0
        },
        "current_period": {
            "phase_one": [
                {
                    "protocolSessionId": "72160d9f-c199-40f0-aa8a-5fe2e4dd89e7",
                    "account": 123123101,
                    "date": "2025-04-12T14:26:40.001",
                    "duration": 288.0,
                    "used": 18048960,
                    "losses": 0,
                    "requests": 3,
                    "handler": "CNT"
                },
                {
                    "protocolSessionId": "208d1706-dc35-43f5-8dfb-313810d2971a",
                    "account": 123123101,
                    "date": "2025-04-12T18:36:37.001",
                    "duration": 10.0,
                    "used": 3320,
                    "losses": 0,
                    "requests": 3,
                    "handler": "CNT"
                }
            ],
            "phase_two": [
                {
                    "protocolSessionId": "257f5d4c-fa94-4b78-bb69-3be1e5f4d95d",
                    "account": 123123101,
                    "duration": 20,
                    "date": "2025-04-12T19:52:46.001",
                    "used": 297527577,
                    "losses": 0,
                    "requests": 3,
                    "handler": "CTG"
                }
            ]
        }
    }
}