{
    "observation": {
        "previous_period_summary": {
            "cnt_percentage": 86.11,
            "cnt_requests": 31,
            "losses_percentage": 5.7228,
            "losses_volume": 51726865
        },
        "current_period": {
            "phase_one": [
                {
                    "protocolSessionId": "6702e08d-0bd2-4aab-bbd9-64ee873c7ae0",
                    "account": 123123101,
                    "date": "2025-05-18T01:05:44.001",
                    "duration": 69820.0,
                    "used": 139640,
                    "losses": 0,
                    "requests": 3,
                    "handler": "CNT"
                }
            ],
            "phase_two": [
                {
                    "protocolSessionId": "0143c4b4-d679-48df-b73e-ec87c796570e",
                    "account": 123123101,
                    "duration": 20,
                    "date": "2025-05-18T01:50:58.001",
                    "used": 42339680,
                    "losses": 0,
                    "requests": 2,
                    "handler": "CTG"
                },
                {
                    "protocolSessionId": "6000ce1c-b95f-4b7c-86ce-b354307094c3",
                    "account": 123123101,
                    "duration": 20,
                    "date": "2025-05-18T02:11:10.001",
                    "used": 553350,
                    "losses": 0,
                    "requests": 2,
                    "handler": "CTG"
                },
                {
                    "protocolSessionId": "5ee96e51-cb59-4e6e-ace4-c19c1377642c",
                    "account": 123123101,
                    "duration": 20,
                    "date": "2025-05-18T04:51:53.001",
                    "used": 16104,
                    "losses": 0,
                    "requests": 2,
                    "handler": "CTG"
                }
            ]
        }
    }
}