{
    "observation": {
        "previous_period_summary": {
            "cnt_percentage": 81.82,
            "cnt_requests": 9,
            "losses_percentage": 0.0,
            "losses_volume": 0
        },
        "current_period": {
            "phase_one": [
                {
                    "protocolSessionId": "18dcdd83-72b8-4e5c-992a-c9bf920724b1",
                    "account": 123123101,
                    "date": "2025-04-26T22:03:27.001",
                    "duration": 98.0,
                    "used": 2254,
                    "losses": 0,
                    "requests": 3,
                    "handler": "CNT"
                }
            ],
            "phase_two": [
                {
                    "protocolSessionId": "c85c652b-c71c-4762-a2fc-8807be6684e2",
                    "account": 123123101,
                    "duration": 20,
                    "date": "2025-04-26T22:49:20.001",
                    "used": 158345389,
                    "losses": 0,
                    "requests": 3,
                    "handler": "CTG"
                }
            ]
        }
    }
}