{
    "observation": {
        "previous_period_summary": {
            "cnt_percentage": 25.0,
            "cnt_requests": 3,
            "losses_percentage": 0.0,
            "losses_volume": 0
        },
        "current_period": {
            "phase_one": [
                {
                    "protocolSessionId": "cd3842af-3d94-453e-aa26-264a7a84dfe4",
                    "account": 123123101,
                    "date": "2025-03-02T20:26:58.001",
                    "duration": 1.0,
                    "used": 16564,
                    "losses": 0,
                    "requests": 3,
                    "handler": "CNT"
                },
                {
                    "protocolSessionId": "2b99e465-04a1-4e44-ad2d-2f25f71ab13f",
                    "account": 123123101,
                    "date": "2025-03-02T20:38:54.001",
                    "duration": 3.0,
                    "used": 65508,
                    "losses": 0,
                    "requests": 3,
                    "handler": "CNT"
                },
                {
                    "protocolSessionId": "79f35a71-bf68-4438-adc9-15d23f062bcc",
                    "account": 123123101,
                    "date": "2025-03-02T20:46:15.001",
                    "duration": 1049.0,
                    "used": 6848921,
                    "losses": 0,
                    "requests": 3,
                    "handler": "CNT"
                },
                {
                    "protocolSessionId": "edf09a16-2352-45aa-9dfc-dd2d9a4aa413",
                    "account": 123123101,
                    "date": "2025-03-02T20:57:16.001",
                    "duration": 2.0,
                    "used": 8996,
                    "losses": 0,
                    "requests": 3,
                    "handler": "CNT"
                },
                {
                    "protocolSessionId": "685f0746-7235-4202-a514-44cf87e459e2",
                    "account": 123123101,
                    "date": "2025-03-02T21:55:40.001",
                    "duration": 6.0,
                    "used": 20802,
                    "losses": 0,
                    "requests": 3,
                    "handler": "CNT"
                },
                {
                    "protocolSessionId": "29f1e69a-3bcd-4fbd-9050-a822456cd66e",
                    "account": 123123101,
                    "date": "2025-03-02T21:55:50.001",
                    "duration": 1907.0,
                    "used": 45087201,
                    "losses": 0,
                    "requests": 3,
                    "handler": "CNT"
                }
            ],
            "phase_two": [
                {
                    "protocolSessionId": "7dd07eee-082a-49e1-8965-c78f587af66d",
                    "account": 123123101,
                    "duration": 20,
                    "date": "2025-03-02T22:59:02.001",
                    "used": 323482500,
                    "losses": 0,
                    "requests": 3,
                    "handler": "CTG"
                },
                {
                    "protocolSessionId": "e111ad55-ff79-4d0f-9455-d70c14b1a1a2",
                    "account": 123123101,
                    "duration": 20,
                    "date": "2025-03-03T05:34:09.001",
                    "used": 3978480,
                    "losses": 0,
                    "requests": 2,
                    "handler": "CTG"
                }
            ]
        }
    }
}