{
    "observation": {
        "previous_period_summary": {
            "cnt_percentage": 75.0,
            "cnt_requests": 6,
            "losses_percentage": 0.0,
            "losses_volume": 0
        },
        "current_period": {
            "phase_one": [
                {
                    "protocolSessionId": "28c1afef-4c86-4085-8654-d7447abbb39c",
                    "account": 123123101,
                    "date": "2025-05-13T04:36:21.001",
                    "duration": 4042.0,
                    "used": 2481788,
                    "losses": 0,
                    "requests": 3,
                    "handler": "CNT"
                },
                {
                    "protocolSessionId": "c2c61675-0f55-4ad3-b9ea-1edae7c408c4",
                    "account": 123123101,
                    "date": "2025-05-13T05:02:15.001",
                    "duration": 28947.0,
                    "used": 12939309,
                    "losses": 0,
                    "requests": 3,
                    "handler": "CNT"
                },
                {
                    "protocolSessionId": "b5c81655-6165-4d67-a89e-7b978fa02c9d",
                    "account": 123123101,
                    "date": "2025-05-13T13:04:43.001",
                    "duration": 19314.0,
                    "used": 19314,
                    "losses": 0,
                    "requests": 3,
                    "handler": "CNT"
                }
            ],
            "phase_two": [
                {
                    "protocolSessionId": "36d7d072-966e-445c-abb5-2d99bfd88680",
                    "account": 123123101,
                    "duration": 20,
                    "date": "2025-05-13T16:06:51.001",
                    "used": 2976568,
                    "losses": 0,
                    "requests": 2,
                    "handler": "CTG"
                },
                {
                    "protocolSessionId": "d7835e13-ed3e-4e96-ae5f-22c6a56daf2a",
                    "account": 123123101,
                    "duration": 20,
                    "date": "2025-05-13T16:25:56.001",
                    "used": 15596152,
                    "losses": 0,
                    "requests": 2,
                    "handler": "CTG"
                },
                {
                    "protocolSessionId": "af03e70d-6a57-4a0d-84e7-ba5822b990a8",
                    "account": 123123101,
                    "duration": 20,
                    "date": "2025-05-14T03:51:02.001",
                    "used": 1197225,
                    "losses": 0,
                    "requests": 2,
                    "handler": "CTG"
                },
                {
                    "protocolSessionId": "78115ad3-07ea-47d4-9f23-03bc92868c8c",
                    "account": 123123101,
                    "duration": 20,
                    "date": "2025-05-14T04:34:22.001",
                    "used": 37854131,
                    "losses": 0,
                    "requests": 3,
                    "handler": "CTG"
                }
            ]
        }
    }
}