{
    "observation": {
        "previous_period_summary": {
            "cnt_percentage": 75.0,
            "cnt_requests": 18,
            "losses_percentage": 0.0,
            "losses_volume": 0
        },
        "current_period": {
            "phase_one": [
                {
                    "protocolSessionId": "1efffbe8-f5a4-41e5-96c2-c78266ac62ae",
                    "account": 123123101,
                    "date": "2025-04-26T01:35:55.001",
                    "duration": 21.0,
                    "used": 2646,
                    "losses": 0,
                    "requests": 3,
                    "handler": "CNT"
                },
                {
                    "protocolSessionId": "c456ee39-8d9f-4d8b-9bfb-59495b3b7111",
                    "account": 123123101,
                    "date": "2025-04-26T06:39:21.001",
                    "duration": 2.0,
                    "used": 388124,
                    "losses": 0,
                    "requests": 3,
                    "handler": "CNT"
                },
                {
                    "protocolSessionId": "cedf735c-aaea-4ea6-bec3-80ff7dec7ff5",
                    "account": 123123101,
                    "date": "2025-04-26T09:08:41.001",
                    "duration": 21054.0,
                    "used": 21454026,
                    "losses": 0,
                    "requests": 3,
                    "handler": "CNT"
                }
            ],
            "phase_two": [
                {
                    "protocolSessionId": "534cee74-fa05-45c6-a777-770ff1ae28da",
                    "account": 123123101,
                    "duration": 20,
                    "date": "2025-04-26T11:59:29.001",
                    "used": 0,
                    "losses": 0,
                    "requests": 1,
                    "handler": "CTG"
                },
                {
                    "protocolSessionId": "3c5fd38e-a635-41f7-a129-bc76fd382332",
                    "account": 123123101,
                    "duration": 20,
                    "date": "2025-04-26T16:56:46.001",
                    "used": 0,
                    "losses": 0,
                    "requests": 1,
                    "handler": "CTG"
                }
            ]
        }
    }
}