{
    "observation": {
        "previous_period_summary": {
            "cnt_percentage": 8.57,
            "cnt_requests": 3,
            "losses_percentage": 0.0,
            "losses_volume": 0
        },
        "current_period": {
            "phase_one": [
                {
                    "protocolSessionId": "78463e47-cd2f-4340-bd48-e017d9519e86",
                    "account": 123123101,
                    "date": "2025-03-27T00:03:23.001",
                    "duration": 952.0,
                    "used": 6975304,
                    "losses": 0,
                    "requests": 3,
                    "handler": "CNT"
                },
                {
                    "protocolSessionId": "56d605cb-6943-4d12-87f1-e6e6fb74ab40",
                    "account": 123123101,
                    "date": "2025-03-27T00:19:16.001",
                    "duration": 29.0,
                    "used": 203,
                    "losses": 0,
                    "requests": 3,
                    "handler": "CNT"
                }
            ],
            "phase_two": [
                {
                    "protocolSessionId": "bf5ddad1-e010-449a-bc0c-1cabd8949b51",
                    "account": 123123101,
                    "duration": 20,
                    "date": "2025-03-27T01:05:30.001",
                    "used": 190414202,
                    "losses": 0,
                    "requests": 3,
                    "handler": "CTG"
                }
            ]
        }
    }
}