{
    "observation": {
        "previous_period_summary": {
            "cnt_percentage": 78.26,
            "cnt_requests": 18,
            "losses_percentage": 0.0,
            "losses_volume": 0
        },
        "current_period": {
            "phase_one": [
                {
                    "protocolSessionId": "5abd9020-5127-4dc7-aaca-f417ec796ba7",
                    "account": 123123101,
                    "date": "2025-03-03T07:05:26.001",
                    "duration": 17663.0,
                    "used": 9732313,
                    "losses": 0,
                    "requests": 3,
                    "handler": "CNT"
                },
                {
                    "protocolSessionId": "4a515473-b5a6-4538-b798-a30148c924a9",
                    "account": 123123101,
                    "date": "2025-03-03T09:01:34.001",
                    "duration": 1.0,
                    "used": 706147,
                    "losses": 0,
                    "requests": 3,
                    "handler": "CNT"
                },
                {
                    "protocolSessionId": "7a6c62e7-9387-4550-b4e1-91c0c71ce3ce",
                    "account": 123123101,
                    "date": "2025-03-03T10:08:53.001",
                    "duration": 164.0,
                    "used": 89217968,
                    "losses": 0,
                    "requests": 3,
                    "handler": "CNT"
                },
                {
                    "protocolSessionId": "e8b1933e-784f-48d4-aebe-b4d4de0e2ee9",
                    "account": 123123101,
                    "date": "2025-03-03T10:16:13.001",
                    "duration": 593.0,
                    "used": 109326564,
                    "losses": 0,
                    "requests": 6,
                    "handler": "CNT"
                },
                {
                    "protocolSessionId": "f05e5714-25cf-4add-b839-3f55438b3083",
                    "account": 123123101,
                    "date": "2025-03-03T10:26:07.001",
                    "duration": 577.0,
                    "used": 13271,
                    "losses": 0,
                    "requests": 3,
                    "handler": "CNT"
                },
                {
                    "protocolSessionId": "aaec3193-1395-45e5-bc31-0e669d30cb46",
                    "account": 123123101,
                    "date": "2025-03-03T12:04:21.001",
                    "duration": 1823.0,
                    "used": 1823,
                    "losses": 0,
                    "requests": 3,
                    "handler": "CNT"
                },
                {
                    "protocolSessionId": "a7e4e0e7-664a-44b7-863c-2334daecc8e7",
                    "account": 123123101,
                    "date": "2025-03-03T12:34:45.001",
                    "duration": 3289.0,
                    "used": 509795,
                    "losses": 0,
                    "requests": 3,
                    "handler": "CNT"
                },
                {
                    "protocolSessionId": "ef14f701-7756-439e-be1e-b329a85b2b9f",
                    "account": 123123101,
                    "date": "2025-03-03T13:29:45.001",
                    "duration": 12880.0,
                    "used": 88421200,
                    "losses": 0,
                    "requests": 3,
                    "handler": "CNT"
                },
                {
                    "protocolSessionId": "e00bb7c1-5e13-4c36-8ae4-5f2ee31d46e3",
                    "account": 123123101,
                    "date": "2025-03-03T13:30:25.001",
                    "duration": 68745.0,
                    "used": 209829369,
                    "losses": 0,
                    "requests": 10,
                    "handler": "CNT"
                },
                {
                    "protocolSessionId": "eab7e61b-d402-4bea-af24-7499ba950e93",
                    "account": 123123101,
                    "date": "2025-03-03T17:05:43.001",
                    "duration": 5464.0,
                    "used": 94243072,
                    "losses": 0,
                    "requests": 3,
                    "handler": "CNT"
                },
                {
                    "protocolSessionId": "2195e346-5518-4bbb-92f9-244a513e2bf7",
                    "account": 123123101,
                    "date": "2025-03-04T05:07:27.001",
                    "duration": 284.0,
                    "used": 3105256,
                    "losses": 0,
                    "requests": 3,
                    "handler": "CNT"
                },
                {
                    "protocolSessionId": "6b7ff7fa-6ddc-486c-9f39-ede56da35f0f",
                    "account": 123123101,
                    "date": "2025-03-04T05:17:57.001",
                    "duration": 52280.0,
                    "used": 321562848,
                    "losses": 0,
                    "requests": 15,
                    "handler": "CNT"
                },
                {
                    "protocolSessionId": "98973baf-046a-468e-9ccd-4b7cc2e7eb0f",
                    "account": 123123101,
                    "date": "2025-03-04T08:43:13.001",
                    "duration": 9509.0,
                    "used": 9509,
                    "losses": 0,
                    "requests": 3,
                    "handler": "CNT"
                },
                {
                    "protocolSessionId": "23bc56d1-b683-434f-bba4-226e87111c4d",
                    "account": 123123101,
                    "date": "2025-03-04T18:52:23.001",
                    "duration": 1881.0,
                    "used": 116712744,
                    "losses": 0,
                    "requests": 6,
                    "handler": "CNT"
                },
                {
                    "protocolSessionId": "208dceb0-270e-4a91-b987-1b93fb24b4b1",
                    "account": 123123101,
                    "date": "2025-03-05T06:13:38.001",
                    "duration": 251.0,
                    "used": 172437,
                    "losses": 0,
                    "requests": 3,
                    "handler": "CNT"
                },
                {
                    "protocolSessionId": "27522028-0a32-4895-8438-abebb0dd3535",
                    "account": 123123101,
                    "date": "2025-03-05T06:20:44.001",
                    "duration": 32502.0,
                    "used": 107366275,
                    "losses": 0,
                    "requests": 6,
                    "handler": "CNT"
                },
                {
                    "protocolSessionId": "fbb12e1c-f13e-4be6-8a51-b8bf7c1a111a",
                    "account": 123123101,
                    "date": "2025-03-05T15:22:28.001",
                    "duration": 275.0,
                    "used": 48675,
                    "losses": 0,
                    "requests": 3,
                    "handler": "CNT"
                },
                {
                    "protocolSessionId": "4e9c25d6-2b22-4bcf-b081-d2965deb194c",
                    "account": 123123101,
                    "date": "2025-03-05T15:27:19.001",
                    "duration": 6443.0,
                    "used": 314862372,
                    "losses": 0,
                    "requests": 15,
                    "handler": "CNT"
                },
                {
                    "protocolSessionId": "f4b76a85-4d08-4dfc-b66f-68e5a453365c",
                    "account": 123123101,
                    "date": "2025-03-05T18:54:59.001",
                    "duration": 2113.0,
                    "used": 568397,
                    "losses": 0,
                    "requests": 3,
                    "handler": "CNT"
                },
                {
                    "protocolSessionId": "fb7506cc-0376-4900-9a43-1ca96b445621",
                    "account": 123123101,
                    "date": "2025-03-05T18:58:35.001",
                    "duration": 6333.0,
                    "used": 487641,
                    "losses": 0,
                    "requests": 3,
                    "handler": "CNT"
                },
                {
                    "protocolSessionId": "22c45a32-934a-4314-ae98-0f6eb8e0430e",
                    "account": 123123101,
                    "date": "2025-03-05T19:48:25.001",
                    "duration": 9.0,
                    "used": 261441,
                    "losses": 0,
                    "requests": 3,
                    "handler": "CNT"
                },
                {
                    "protocolSessionId": "1c4ba6d0-5ecf-46a6-bb02-cde4fce294cc",
                    "account": 123123101,
                    "date": "2025-03-05T21:09:36.001",
                    "duration": 90.0,
                    "used": 104866720,
                    "losses": 0,
                    "requests": 6,
                    "handler": "CNT"
                },
                {
                    "protocolSessionId": "1d6817a8-f2fe-4f94-8050-e8db335155d3",
                    "account": 123123101,
                    "date": "2025-03-05T21:40:43.001",
                    "duration": 90955.0,
                    "used": 239579264,
                    "losses": 0,
                    "requests": 10,
                    "handler": "CNT"
                },
                {
                    "protocolSessionId": "da463487-ee7a-4f4a-b601-600c7b941838",
                    "account": 123123101,
                    "date": "2025-03-06T03:13:12.001",
                    "duration": 7755.0,
                    "used": 88135575,
                    "losses": 0,
                    "requests": 3,
                    "handler": "CNT"
                },
                {
                    "protocolSessionId": "09cedaa2-3564-4f12-a78f-0573b951bedb",
                    "account": 123123101,
                    "date": "2025-03-06T06:06:29.001",
                    "duration": 354866.0,
                    "used": 734252340,
                    "losses": 0,
                    "requests": 45,
                    "handler": "CNT"
                },
                {
                    "protocolSessionId": "5d83785f-76b5-47b8-ac5d-8efe48ff3ba8",
                    "account": 123123101,
                    "date": "2025-03-07T03:01:36.001",
                    "duration": 2852.0,
                    "used": 35995092,
                    "losses": 0,
                    "requests": 3,
                    "handler": "CNT"
                },
                {
                    "protocolSessionId": "9ec25ed9-3d2b-48df-a694-fa6244c6537a",
                    "account": 123123101,
                    "date": "2025-03-07T12:12:03.001",
                    "duration": 262840.0,
                    "used": 315611172,
                    "losses": 0,
                    "requests": 15,
                    "handler": "CNT"
                }
            ],
            "phase_two": [
                {
                    "protocolSessionId": "bb84ff3e-5f24-4d98-9717-addd1c7bee09",
                    "account": 123123101,
                    "duration": 20,
                    "date": "2025-03-09T21:24:22.001",
                    "used": 1435089,
                    "losses": 0,
                    "requests": 2,
                    "handler": "CTG"
                }
            ]
        }
    }
}