{
    "observation": {
        "previous_period_summary": {
            "cnt_percentage": 75.0,
            "cnt_requests": 6,
            "losses_percentage": 0.0,
            "losses_volume": 0
        },
        "current_period": {
            "phase_one": [
                {
                    "protocolSessionId": "a36f4f3a-2116-45f0-b6d8-dafe56008eec",
                    "account": 123123101,
                    "date": "2025-04-23T19:13:54.001",
                    "duration": 5.0,
                    "used": 809110,
                    "losses": 0,
                    "requests": 3,
                    "handler": "CNT"
                },
                {
                    "protocolSessionId": "07ba8381-36c1-436b-8656-bc9dcedd41f7",
                    "account": 123123101,
                    "date": "2025-04-23T19:50:35.001",
                    "duration": 1630.0,
                    "used": 2622670,
                    "losses": 0,
                    "requests": 3,
                    "handler": "CNT"
                },
                {
                    "protocolSessionId": "85e5b195-d89e-4bd1-a4aa-0d195e3ff50e",
                    "account": 123123101,
                    "date": "2025-04-23T20:17:53.001",
                    "duration": 4909.0,
                    "used": 3637569,
                    "losses": 0,
                    "requests": 3,
                    "handler": "CNT"
                }
            ],
            "phase_two": [
                {
                    "protocolSessionId": "586717b0-0a02-42f9-b8e4-78eb075eafcf",
                    "account": 123123101,
                    "duration": 20,
                    "date": "2025-04-23T22:52:32.001",
                    "used": 204,
                    "losses": 0,
                    "requests": 2,
                    "handler": "CTG"
                },
                {
                    "protocolSessionId": "0ee09091-56ec-4450-b023-d4cac0b5c868",
                    "account": 123123101,
                    "duration": 20,
                    "date": "2025-04-24T01:34:20.001",
                    "used": 259172107,
                    "losses": 0,
                    "requests": 3,
                    "handler": "CTG"
                },
                {
                    "protocolSessionId": "c1c9ee49-4ce1-4348-9199-17a18c4c4f65",
                    "account": 123123101,
                    "duration": 20,
                    "date": "2025-04-24T04:09:33.001",
                    "used": 265243567,
                    "losses": 0,
                    "requests": 3,
                    "handler": "CTG"
                },
                {
                    "protocolSessionId": "02dcc82f-42f3-4b2c-8e43-1678a54fe38d",
                    "account": 123123101,
                    "duration": 20,
                    "date": "2025-04-24T04:17:04.001",
                    "used": 73308,
                    "losses": 0,
                    "requests": 2,
                    "handler": "CTG"
                },
                {
                    "protocolSessionId": "66db10ce-4e9a-43af-afdd-cac5ad06bc59",
                    "account": 123123101,
                    "duration": 20,
                    "date": "2025-04-24T05:40:23.001",
                    "used": 218303689,
                    "losses": 0,
                    "requests": 3,
                    "handler": "CTG"
                },
                {
                    "protocolSessionId": "71bb1750-436d-49b5-8697-1abf69112600",
                    "account": 123123101,
                    "duration": 20,
                    "date": "2025-04-24T05:50:37.001",
                    "used": 4352816,
                    "losses": 0,
                    "requests": 2,
                    "handler": "CTG"
                },
                {
                    "protocolSessionId": "1212cb8a-00ed-4cef-9ac1-0fe05577e9af",
                    "account": 123123101,
                    "duration": 20,
                    "date": "2025-04-24T07:44:22.001",
                    "used": 275275182,
                    "losses": 0,
                    "requests": 3,
                    "handler": "CTG"
                },
                {
                    "protocolSessionId": "9d4b650b-a522-416a-8d51-7afc55b1ddae",
                    "account": 123123101,
                    "duration": 20,
                    "date": "2025-04-24T08:23:32.001",
                    "used": 520997130,
                    "losses": 0,
                    "requests": 4,
                    "handler": "CTG"
                },
                {
                    "protocolSessionId": "b92e87e1-c9c7-4f34-986f-18279f79bf79",
                    "account": 123123101,
                    "duration": 20,
                    "date": "2025-04-24T13:14:28.001",
                    "used": 151008,
                    "losses": 0,
                    "requests": 2,
                    "handler": "CTG"
                },
                {
                    "protocolSessionId": "8f49fbab-3080-456e-926f-b177d332df4a",
                    "account": 123123101,
                    "duration": 20,
                    "date": "2025-04-24T15:04:01.001",
                    "used": 38367,
                    "losses": 0,
                    "requests": 2,
                    "handler": "CTG"
                },
                {
                    "protocolSessionId": "1bf05df2-b662-466d-aae8-d5a31cbfd286",
                    "account": 123123101,
                    "duration": 20,
                    "date": "2025-04-24T18:52:50.001",
                    "used": 34491399,
                    "losses": 0,
                    "requests": 2,
                    "handler": "CTG"
                },
                {
                    "protocolSessionId": "e332307f-4238-40dc-bb3c-35f3c9cdc9b1",
                    "account": 123123101,
                    "duration": 20,
                    "date": "2025-04-25T00:43:51.001",
                    "used": 62979,
                    "losses": 0,
                    "requests": 2,
                    "handler": "CTG"
                },
                {
                    "protocolSessionId": "708bf16c-4626-43c0-92e0-ea93a9ce2157",
                    "account": 123123101,
                    "duration": 20,
                    "date": "2025-04-25T02:51:06.001",
                    "used": 224293414,
                    "losses": 0,
                    "requests": 6,
                    "handler": "CTG"
                },
                {
                    "protocolSessionId": "ffe9fb43-7fb5-4fbc-8f99-d416cab74fb5",
                    "account": 123123101,
                    "duration": 20,
                    "date": "2025-04-25T02:53:09.001",
                    "used": 45312,
                    "losses": 0,
                    "requests": 2,
                    "handler": "CTG"
                },
                {
                    "protocolSessionId": "88974831-790d-4987-8453-5616a0e3df07",
                    "account": 123123101,
                    "duration": 20,
                    "date": "2025-04-25T05:41:45.001",
                    "used": 16695792,
                    "losses": 0,
                    "requests": 2,
                    "handler": "CTG"
                },
                {
                    "protocolSessionId": "260c3e99-859d-422f-9293-6ef5dbe5532c",
                    "account": 123123101,
                    "duration": 20,
                    "date": "2025-04-25T06:20:40.001",
                    "used": 149303646,
                    "losses": 0,
                    "requests": 2,
                    "handler": "CTG"
                },
                {
                    "protocolSessionId": "c3d83a3a-b7d8-43de-a1a2-1324e9c4727d",
                    "account": 123123101,
                    "duration": 20,
                    "date": "2025-04-25T06:57:49.001",
                    "used": 71010,
                    "losses": 0,
                    "requests": 2,
                    "handler": "CTG"
                },
                {
                    "protocolSessionId": "d510851a-8f32-49df-b35a-c2788b586b8b",
                    "account": 123123101,
                    "duration": 20,
                    "date": "2025-04-25T11:40:06.001",
                    "used": 109999926,
                    "losses": 0,
                    "requests": 2,
                    "handler": "CTG"
                }
            ]
        }
    }
}