{
    "observation": {
        "previous_period_summary": {
            "cnt_percentage": 70.59,
            "cnt_requests": 12,
            "losses_percentage": 0.0,
            "losses_volume": 0
        },
        "current_period": {
            "phase_one": [
                {
                    "protocolSessionId": "dca6f422-47fc-42cd-9366-925f3fc0ace1",
                    "account": 123123104,
                    "date": "2025-03-12T22:27:48.001",
                    "duration": 527.0,
                    "used": 0,
                    "losses": 0,
                    "requests": 3,
                    "handler": "CNT"
                },
                {
                    "protocolSessionId": "5cc9e7c5-9b10-4584-b8eb-02598c650cd5",
                    "account": 123123104,
                    "date": "2025-03-13T00:45:42.001",
                    "duration": 6301.0,
                    "used": 2640119,
                    "losses": 0,
                    "requests": 3,
                    "handler": "CNT"
                }
            ],
            "phase_two": [
                {
                    "protocolSessionId": "b59d6dea-0449-422f-bf92-a90cef757fe4",
                    "account": 123123104,
                    "duration": 20,
                    "date": "2025-03-13T12:46:28.001",
                    "used": 12116125,
                    "losses": 0,
                    "requests": 2,
                    "handler": "CTG"
                }
            ]
        }
    }
}