{
    "observation": {
        "previous_period_summary": {
            "cnt_percentage": 88.0,
            "cnt_requests": 22,
            "losses_percentage": 0.0,
            "losses_volume": 0
        },
        "current_period": {
            "phase_one": [
                {
                    "protocolSessionId": "aefa1be0-a613-483a-8c1e-f88c2aca8694",
                    "account": 123123104,
                    "date": "2025-03-15T15:20:12.001",
                    "duration": 19938.0,
                    "used": 155284768,
                    "losses": 0,
                    "requests": 6,
                    "handler": "CNT"
                }
            ],
            "phase_two": [
                {
                    "protocolSessionId": "48209460-75f6-479b-a9ef-047ec746f768",
                    "account": 123123104,
                    "duration": 20,
                    "date": "2025-03-15T15:20:29.001",
                    "used": 5396202,
                    "losses": 0,
                    "requests": 2,
                    "handler": "CTG"
                },
                {
                    "protocolSessionId": "109f7908-f82c-4035-af5e-bce6080bfc80",
                    "account": 123123104,
                    "duration": 20,
                    "date": "2025-03-15T17:10:08.001",
                    "used": 296652000,
                    "losses": 0,
                    "requests": 2,
                    "handler": "CTG"
                }
            ]
        }
    }
}