{
    "observation": {
        "previous_period_summary": {
            "cnt_percentage": 33.33,
            "cnt_requests": 3,
            "losses_percentage": 0.0,
            "losses_volume": 0
        },
        "current_period": {
            "phase_one": [
                {
                    "protocolSessionId": "8d0d1799-4e9a-4876-8135-e2c0fb9e7d16",
                    "account": 123123104,
                    "date": "2025-03-12T18:50:52.001",
                    "duration": 2355.0,
                    "used": 104859578,
                    "losses": 0,
                    "requests": 6,
                    "handler": "CNT"
                },
                {
                    "protocolSessionId": "df4ebec6-25bb-47d4-826d-cdf8d69097c4",
                    "account": 123123104,
                    "date": "2025-03-12T19:00:01.001",
                    "duration": 2333.0,
                    "used": 117217195,
                    "losses": 0,
                    "requests": 6,
                    "handler": "CNT"
                }
            ],
            "phase_two": [
                {
                    "protocolSessionId": "5c53addf-7b3f-4b99-891d-9d68a28cc4e1",
                    "account": 123123104,
                    "duration": 20,
                    "date": "2025-03-12T19:50:20.001",
                    "used": 0,
                    "losses": 0,
                    "requests": 1,
                    "handler": "CTG"
                },
                {
                    "protocolSessionId": "8f12bf09-6975-4453-acf0-26db768d84f8",
                    "account": 123123104,
                    "duration": 20,
                    "date": "2025-03-12T22:21:10.001",
                    "used": 0,
                    "losses": 0,
                    "requests": 1,
                    "handler": "CTG"
                },
                {
                    "protocolSessionId": "0168ad22-4b43-4172-a507-946c824b21d8",
                    "account": 123123104,
                    "duration": 20,
                    "date": "2025-03-12T22:27:47.001",
                    "used": 97978941,
                    "losses": 0,
                    "requests": 3,
                    "handler": "CTG"
                }
            ]
        }
    }
}