{
    "observation": {
        "previous_period_summary": {
            "cnt_percentage": 47.37,
            "cnt_requests": 9,
            "losses_percentage": 0.0,
            "losses_volume": 0
        },
        "current_period": {
            "phase_one": [
                {
                    "protocolSessionId": "c595e06c-14e7-4c76-86d9-eb1f98978b74",
                    "account": 123123104,
                    "date": "2025-05-06T22:45:24.001",
                    "duration": 2445.0,
                    "used": 148498267,
                    "losses": 0,
                    "requests": 6,
                    "handler": "CNT"
                },
                {
                    "protocolSessionId": "85dd543e-1e15-4f00-adac-5fbccf05e62f",
                    "account": 123123104,
                    "date": "2025-05-06T23:29:54.001",
                    "duration": 3.0,
                    "used": 6,
                    "losses": 0,
                    "requests": 3,
                    "handler": "CNT"
                },
                {
                    "protocolSessionId": "62e46caf-80b2-459b-9874-5c0e0eb2b4e6",
                    "account": 123123104,
                    "date": "2025-05-07T00:02:59.001",
                    "duration": 65056.0,
                    "used": 84052352,
                    "losses": 0,
                    "requests": 3,
                    "handler": "CNT"
                }
            ],
            "phase_two": [
                {
                    "protocolSessionId": "c5460cb0-e7dd-4457-bcd3-b4470cba3c00",
                    "account": 123123104,
                    "duration": 20,
                    "date": "2025-05-07T08:39:49.001",
                    "used": 39646555,
                    "losses": 0,
                    "requests": 4,
                    "handler": "CTG"
                },
                {
                    "protocolSessionId": "0d16cd92-cf32-41ba-a2c3-29b4ea6e40fd",
                    "account": 123123104,
                    "duration": 20,
                    "date": "2025-05-07T13:58:01.001",
                    "used": 163862905,
                    "losses": 0,
                    "requests": 2,
                    "handler": "CTG"
                },
                {
                    "protocolSessionId": "03dd8500-28e2-413d-afbe-93fb1bb2d2ed",
                    "account": 123123104,
                    "duration": 20,
                    "date": "2025-05-07T15:10:40.001",
                    "used": 12315302,
                    "losses": 0,
                    "requests": 2,
                    "handler": "CTG"
                }
            ]
        }
    }
}