{
    "observation": {
        "previous_period_summary": {
            "cnt_percentage": 85.71,
            "cnt_requests": 12,
            "losses_percentage": 0.0,
            "losses_volume": 0
        },
        "current_period": {
            "phase_one": [
                {
                    "protocolSessionId": "209c713d-8e41-49fe-a016-d83bfce8d017",
                    "account": 123123104,
                    "date": "2025-05-26T00:40:15.001",
                    "duration": 9384.0,
                    "used": 111364924,
                    "losses": 0,
                    "requests": 6,
                    "handler": "CNT"
                },
                {
                    "protocolSessionId": "9116e970-28ca-4715-be42-a5cbbaeeb425",
                    "account": 123123104,
                    "date": "2025-05-26T03:17:02.001",
                    "duration": 2317.0,
                    "used": 24840557,
                    "losses": 0,
                    "requests": 3,
                    "handler": "CNT"
                }
            ],
            "phase_two": [
                {
                    "protocolSessionId": "6d13a221-88d3-492a-b9a7-d60dd22f2fc3",
                    "account": 123123104,
                    "duration": 20,
                    "date": "2025-05-26T06:18:48.001",
                    "used": 41943583,
                    "losses": 0,
                    "requests": 2,
                    "handler": "CTG"
                }
            ]
        }
    }
}