{
    "observation": {
        "previous_period_summary": {
            "cnt_percentage": 16.67,
            "cnt_requests": 6,
            "losses_percentage": 0.0,
            "losses_volume": 0
        },
        "current_period": {
            "phase_one": [
                {
                    "protocolSessionId": "2893974e-c046-40b2-af4b-ed09f42104c4",
                    "account": 123123104,
                    "date": "2025-04-05T03:56:07.001",
                    "duration": 0.0,
                    "used": 1293592464,
                    "losses": 0,
                    "requests": 6,
                    "handler": "CNT"
                }
            ],
            "phase_two": [
                {
                    "protocolSessionId": "366ccd11-d872-42e8-8dcf-19d47640ae3d",
                    "account": 123123104,
                    "duration": 20,
                    "date": "2025-04-05T04:23:55.001",
                    "used": 29934,
                    "losses": 0,
                    "requests": 2,
                    "handler": "CTG"
                },
                {
                    "protocolSessionId": "85984754-dd52-4e7f-afa9-a374d61423f5",
                    "account": 123123104,
                    "duration": 20,
                    "date": "2025-04-05T08:04:33.001",
                    "used": 1288490,
                    "losses": 0,
                    "requests": 2,
                    "handler": "CTG"
                },
                {
                    "protocolSessionId": "90c4bf52-c832-42ef-960e-29141b74da95",
                    "account": 123123104,
                    "duration": 20,
                    "date": "2025-04-06T16:36:46.001",
                    "used": 119096320,
                    "losses": 0,
                    "requests": 2,
                    "handler": "CTG"
                },
                {
                    "protocolSessionId": "7e2ff304-8dc9-46ac-bdec-4181fe44d6ac",
                    "account": 123123104,
                    "duration": 20,
                    "date": "2025-04-06T21:43:11.001",
                    "used": 56097090,
                    "losses": 0,
                    "requests": 2,
                    "handler": "CTG"
                },
                {
                    "protocolSessionId": "ce68b567-f01f-4d74-b224-98c252a7dc66",
                    "account": 123123104,
                    "duration": 20,
                    "date": "2025-04-06T22:51:02.001",
                    "used": 1032,
                    "losses": 0,
                    "requests": 2,
                    "handler": "CTG"
                },
                {
                    "protocolSessionId": "af795e61-9c5b-4c5e-908d-e8193a5172b1",
                    "account": 123123104,
                    "duration": 20,
                    "date": "2025-04-07T02:39:15.001",
                    "used": 267988639,
                    "losses": 0,
                    "requests": 3,
                    "handler": "CTG"
                },
                {
                    "protocolSessionId": "e66d8e1b-7ac8-486b-96aa-045a49f982a4",
                    "account": 123123104,
                    "duration": 20,
                    "date": "2025-04-07T04:36:47.001",
                    "used": 10675200,
                    "losses": 0,
                    "requests": 2,
                    "handler": "CTG"
                },
                {
                    "protocolSessionId": "4736f330-525c-43d3-8cf6-95e3cb184468",
                    "account": 123123104,
                    "duration": 20,
                    "date": "2025-04-07T05:05:39.001",
                    "used": 15663897,
                    "losses": 0,
                    "requests": 2,
                    "handler": "CTG"
                },
                {
                    "protocolSessionId": "e6f1510c-19b3-4bb0-b524-dcd654c8e931",
                    "account": 123123104,
                    "duration": 20,
                    "date": "2025-04-07T23:17:04.001",
                    "used": 96746294,
                    "losses": 0,
                    "requests": 3,
                    "handler": "CTG"
                },
                {
                    "protocolSessionId": "bd364618-853b-459d-b437-a6e33cc89f71",
                    "account": 123123104,
                    "duration": 20,
                    "date": "2025-04-08T09:53:20.001",
                    "used": 273951550,
                    "losses": 0,
                    "requests": 5,
                    "handler": "CTG"
                },
                {
                    "protocolSessionId": "1e092363-cb19-47be-9083-466b96c3bf2b",
                    "account": 123123104,
                    "duration": 20,
                    "date": "2025-04-09T06:47:15.001",
                    "used": 46262542,
                    "losses": 0,
                    "requests": 3,
                    "handler": "CTG"
                },
                {
                    "protocolSessionId": "fb49a788-aa02-4aa4-b7ee-57e9158ea43d",
                    "account": 123123104,
                    "duration": 20,
                    "date": "2025-04-09T07:20:22.001",
                    "used": 1103181743,
                    "losses": 0,
                    "requests": 7,
                    "handler": "CTG"
                },
                {
                    "protocolSessionId": "fe0fd2c2-780d-478d-8cc1-73d239b647a8",
                    "account": 123123104,
                    "duration": 20,
                    "date": "2025-04-09T07:52:24.001",
                    "used": 43263,
                    "losses": 0,
                    "requests": 2,
                    "handler": "CTG"
                },
                {
                    "protocolSessionId": "8be80c4e-0134-40c4-a6dc-6caa0f3f8d73",
                    "account": 123123104,
                    "duration": 20,
                    "date": "2025-04-09T08:50:05.001",
                    "used": 57238722,
                    "losses": 0,
                    "requests": 2,
                    "handler": "CTG"
                },
                {
                    "protocolSessionId": "032974d2-7417-40b5-bfe3-80a7d4895407",
                    "account": 123123104,
                    "duration": 20,
                    "date": "2025-04-09T09:12:43.001",
                    "used": 59700279,
                    "losses": 0,
                    "requests": 4,
                    "handler": "CTG"
                },
                {
                    "protocolSessionId": "a8109f55-ee28-4b3e-a0e6-ceb4c5d262fd",
                    "account": 123123104,
                    "duration": 20,
                    "date": "2025-04-09T10:55:51.001",
                    "used": 352,
                    "losses": 0,
                    "requests": 2,
                    "handler": "CTG"
                },
                {
                    "protocolSessionId": "c82bbcff-7d4d-4271-b950-9d74e8c4c902",
                    "account": 123123104,
                    "duration": 20,
                    "date": "2025-04-09T11:02:29.001",
                    "used": 108141380,
                    "losses": 0,
                    "requests": 2,
                    "handler": "CTG"
                },
                {
                    "protocolSessionId": "eb45d739-2a7d-4c64-8591-67c452f2011f",
                    "account": 123123104,
                    "duration": 20,
                    "date": "2025-04-09T17:31:45.001",
                    "used": 782450,
                    "losses": 0,
                    "requests": 2,
                    "handler": "CTG"
                },
                {
                    "protocolSessionId": "197356d4-3908-476e-b3aa-4ee3c94562d9",
                    "account": 123123104,
                    "duration": 20,
                    "date": "2025-04-09T18:22:24.001",
                    "used": 29767568,
                    "losses": 0,
                    "requests": 3,
                    "handler": "CTG"
                },
                {
                    "protocolSessionId": "b513e7ce-acaa-408a-996d-83b6f0268da6",
                    "account": 123123104,
                    "duration": 20,
                    "date": "2025-04-09T19:37:29.001",
                    "used": 508147031,
                    "losses": 0,
                    "requests": 4,
                    "handler": "CTG"
                },
                {
                    "protocolSessionId": "569a50b9-f06b-43d3-ab22-4e8821432f2f",
                    "account": 123123104,
                    "duration": 20,
                    "date": "2025-04-09T20:05:24.001",
                    "used": 63294696,
                    "losses": 0,
                    "requests": 2,
                    "handler": "CTG"
                },
                {
                    "protocolSessionId": "f94607ce-5583-4fe4-810b-1722b336c637",
                    "account": 123123104,
                    "duration": 20,
                    "date": "2025-04-09T20:07:45.001",
                    "used": 18387837,
                    "losses": 0,
                    "requests": 2,
                    "handler": "CTG"
                },
                {
                    "protocolSessionId": "8e1a6c6c-e896-4821-bf2f-c5f67374178a",
                    "account": 123123104,
                    "duration": 20,
                    "date": "2025-04-09T22:05:54.001",
                    "used": 130748706,
                    "losses": 0,
                    "requests": 3,
                    "handler": "CTG"
                },
                {
                    "protocolSessionId": "5f3e0885-239e-4e77-850e-cc59996d38c1",
                    "account": 123123104,
                    "duration": 20,
                    "date": "2025-04-09T22:20:48.001",
                    "used": 1425204,
                    "losses": 0,
                    "requests": 2,
                    "handler": "CTG"
                },
                {
                    "protocolSessionId": "399c5fa1-e4e5-4b5d-9aa1-ee882cc0859b",
                    "account": 123123104,
                    "duration": 20,
                    "date": "2025-04-10T11:46:01.001",
                    "used": 235485279,
                    "losses": 0,
                    "requests": 3,
                    "handler": "CTG"
                },
                {
                    "protocolSessionId": "6d4788f5-15a2-4285-b886-902bbe35ccd8",
                    "account": 123123104,
                    "duration": 20,
                    "date": "2025-04-10T19:37:45.001",
                    "used": 946152,
                    "losses": 0,
                    "requests": 2,
                    "handler": "CTG"
                },
                {
                    "protocolSessionId": "3ae36d2d-2f52-4633-85be-805bd06cfc83",
                    "account": 123123104,
                    "duration": 20,
                    "date": "2025-04-10T21:50:47.001",
                    "used": 13500,
                    "losses": 0,
                    "requests": 2,
                    "handler": "CTG"
                },
                {
                    "protocolSessionId": "f5419fdb-c12e-4f51-9688-cffcc99a4963",
                    "account": 123123104,
                    "duration": 20,
                    "date": "2025-04-11T01:56:40.001",
                    "used": 45433752,
                    "losses": 0,
                    "requests": 2,
                    "handler": "CTG"
                },
                {
                    "protocolSessionId": "24c1f217-f59d-492c-88a5-7e1eb2a94a51",
                    "account": 123123104,
                    "duration": 20,
                    "date": "2025-04-11T12:21:53.001",
                    "used": 1046372443,
                    "losses": 0,
                    "requests": 7,
                    "handler": "CTG"
                },
                {
                    "protocolSessionId": "58f284cf-6147-45d4-814f-d2a2789a0990",
                    "account": 123123104,
                    "duration": 20,
                    "date": "2025-04-11T13:10:05.001",
                    "used": 2460160,
                    "losses": 0,
                    "requests": 2,
                    "handler": "CTG"
                },
                {
                    "protocolSessionId": "854f0806-5056-457a-9963-4ae8ca6bfb1b",
                    "account": 123123104,
                    "duration": 20,
                    "date": "2025-04-12T04:07:02.001",
                    "used": 29640800,
                    "losses": 0,
                    "requests": 2,
                    "handler": "CTG"
                },
                {
                    "protocolSessionId": "3f764b5b-8d30-452c-a030-6968a37021be",
                    "account": 123123104,
                    "duration": 20,
                    "date": "2025-04-12T19:40:57.001",
                    "used": 850772901,
                    "losses": 0,
                    "requests": 5,
                    "handler": "CTG"
                },
                {
                    "protocolSessionId": "1fa7742d-711a-429a-9fd1-5867ffac5eeb",
                    "account": 123123104,
                    "duration": 20,
                    "date": "2025-04-12T19:41:32.001",
                    "used": 0,
                    "losses": 0,
                    "requests": 1,
                    "handler": "CTG"
                },
                {
                    "protocolSessionId": "94680425-1a0f-44a8-a688-d2b7777a4703",
                    "account": 123123104,
                    "duration": 20,
                    "date": "2025-04-13T03:32:04.001",
                    "used": 221650577,
                    "losses": 0,
                    "requests": 3,
                    "handler": "CTG"
                },
                {
                    "protocolSessionId": "e95d7b84-0eb6-4b4d-b52c-c99483a35498",
                    "account": 123123104,
                    "duration": 20,
                    "date": "2025-04-13T04:03:14.001",
                    "used": 0,
                    "losses": 0,
                    "requests": 1,
                    "handler": "CTG"
                },
                {
                    "protocolSessionId": "ca49b3e7-d168-4d05-85a4-8549fe3c048b",
                    "account": 123123104,
                    "duration": 20,
                    "date": "2025-04-13T13:54:49.001",
                    "used": 329076,
                    "losses": 0,
                    "requests": 2,
                    "handler": "CTG"
                },
                {
                    "protocolSessionId": "88e74e56-3a96-4c1b-bb92-a7de4bb2ecdf",
                    "account": 123123104,
                    "duration": 20,
                    "date": "2025-04-13T14:12:22.001",
                    "used": 10902600,
                    "losses": 0,
                    "requests": 2,
                    "handler": "CTG"
                },
                {
                    "protocolSessionId": "67491b83-e797-4639-9a0e-6885c91a16bb",
                    "account": 123123104,
                    "duration": 20,
                    "date": "2025-04-13T14:51:59.001",
                    "used": 9846400,
                    "losses": 0,
                    "requests": 2,
                    "handler": "CTG"
                },
                {
                    "protocolSessionId": "c5b05b92-1f31-4a0a-8373-4d645b7e369b",
                    "account": 123123104,
                    "duration": 20,
                    "date": "2025-04-13T14:54:12.001",
                    "used": 4626198,
                    "losses": 0,
                    "requests": 2,
                    "handler": "CTG"
                },
                {
                    "protocolSessionId": "c42a324a-d461-4e9c-975d-a2993e25ef81",
                    "account": 123123104,
                    "duration": 20,
                    "date": "2025-04-13T21:46:41.001",
                    "used": 0,
                    "losses": 0,
                    "requests": 1,
                    "handler": "CTG"
                },
                {
                    "protocolSessionId": "d4b71741-b510-407b-a66f-fde414826aae",
                    "account": 123123104,
                    "duration": 20,
                    "date": "2025-04-14T10:44:00.001",
                    "used": 34959531,
                    "losses": 0,
                    "requests": 2,
                    "handler": "CTG"
                },
                {
                    "protocolSessionId": "78faa8e3-3148-4b7e-9ebb-7d28656acce7",
                    "account": 123123104,
                    "duration": 20,
                    "date": "2025-04-14T15:46:38.001",
                    "used": 3164840,
                    "losses": 0,
                    "requests": 2,
                    "handler": "CTG"
                },
                {
                    "protocolSessionId": "5f7c1782-11bb-4987-98d9-4d05c13d7858",
                    "account": 123123104,
                    "duration": 20,
                    "date": "2025-04-14T16:39:24.001",
                    "used": 4389849,
                    "losses": 0,
                    "requests": 2,
                    "handler": "CTG"
                },
                {
                    "protocolSessionId": "e161bca5-07df-431b-be29-9398bc386d98",
                    "account": 123123104,
                    "duration": 20,
                    "date": "2025-04-15T02:47:57.001",
                    "used": 626652,
                    "losses": 0,
                    "requests": 2,
                    "handler": "CTG"
                },
                {
                    "protocolSessionId": "87b7c051-4d31-4bff-a554-53a07094b3b2",
                    "account": 123123104,
                    "duration": 20,
                    "date": "2025-04-15T02:50:17.001",
                    "used": 446269468,
                    "losses": 0,
                    "requests": 3,
                    "handler": "CTG"
                },
                {
                    "protocolSessionId": "5b589dd0-b4e2-427a-a429-073619a95974",
                    "account": 123123104,
                    "duration": 20,
                    "date": "2025-04-15T03:48:29.001",
                    "used": 77198691,
                    "losses": 0,
                    "requests": 2,
                    "handler": "CTG"
                },
                {
                    "protocolSessionId": "e7b48821-5e5b-43b2-8329-e5e6f4c1daa4",
                    "account": 123123104,
                    "duration": 20,
                    "date": "2025-04-15T04:00:40.001",
                    "used": 393120,
                    "losses": 0,
                    "requests": 2,
                    "handler": "CTG"
                },
                {
                    "protocolSessionId": "5f3e6e6f-be9e-4896-ab99-890dd20af2c8",
                    "account": 123123104,
                    "duration": 20,
                    "date": "2025-04-15T04:41:16.001",
                    "used": 338740810,
                    "losses": 0,
                    "requests": 3,
                    "handler": "CTG"
                },
                {
                    "protocolSessionId": "27713f88-42ca-4027-8111-77a8412df5f3",
                    "account": 123123104,
                    "duration": 20,
                    "date": "2025-04-15T08:33:54.001",
                    "used": 779240,
                    "losses": 0,
                    "requests": 2,
                    "handler": "CTG"
                },
                {
                    "protocolSessionId": "17abe7e7-b495-4161-ac48-6ca1358a4348",
                    "account": 123123104,
                    "duration": 20,
                    "date": "2025-04-15T08:49:23.001",
                    "used": 112651360,
                    "losses": 0,
                    "requests": 2,
                    "handler": "CTG"
                },
                {
                    "protocolSessionId": "ad63b32d-a027-45fa-9f06-a2d670540b5a",
                    "account": 123123104,
                    "duration": 20,
                    "date": "2025-04-15T13:32:37.001",
                    "used": 354751862,
                    "losses": 0,
                    "requests": 3,
                    "handler": "CTG"
                },
                {
                    "protocolSessionId": "d0f30e77-3943-4ec7-b648-5cfd7d50514b",
                    "account": 123123104,
                    "duration": 20,
                    "date": "2025-04-15T13:46:03.001",
                    "used": 6542964,
                    "losses": 0,
                    "requests": 2,
                    "handler": "CTG"
                },
                {
                    "protocolSessionId": "d83f1140-187b-46a1-8237-6230a798fb07",
                    "account": 123123104,
                    "duration": 20,
                    "date": "2025-04-15T18:39:15.001",
                    "used": 0,
                    "losses": 0,
                    "requests": 1,
                    "handler": "CTG"
                },
                {
                    "protocolSessionId": "8f5b00f8-dd01-467c-b176-a74b94ba1965",
                    "account": 123123104,
                    "duration": 20,
                    "date": "2025-04-16T00:08:25.001",
                    "used": 569555852,
                    "losses": 0,
                    "requests": 3,
                    "handler": "CTG"
                },
                {
                    "protocolSessionId": "c738c749-732d-49b0-ac4a-b59f197a8e9e",
                    "account": 123123104,
                    "duration": 20,
                    "date": "2025-04-16T12:34:38.001",
                    "used": 36290560,
                    "losses": 0,
                    "requests": 2,
                    "handler": "CTG"
                },
                {
                    "protocolSessionId": "4a772a5e-b097-4f56-89fc-a68f0fa4cf3d",
                    "account": 123123104,
                    "duration": 20,
                    "date": "2025-04-16T12:43:56.001",
                    "used": 47543560,
                    "losses": 0,
                    "requests": 2,
                    "handler": "CTG"
                },
                {
                    "protocolSessionId": "545aacee-79b8-42d3-bce7-6dde5550aad6",
                    "account": 123123104,
                    "duration": 20,
                    "date": "2025-04-16T14:47:44.001",
                    "used": 220,
                    "losses": 0,
                    "requests": 2,
                    "handler": "CTG"
                },
                {
                    "protocolSessionId": "e1458172-e0b9-459b-b91c-58f8c8ef33c1",
                    "account": 123123104,
                    "duration": 20,
                    "date": "2025-04-16T17:13:55.001",
                    "used": 20677,
                    "losses": 0,
                    "requests": 2,
                    "handler": "CTG"
                },
                {
                    "protocolSessionId": "f44d23db-0a3c-4b5b-885b-142954dca905",
                    "account": 123123104,
                    "duration": 20,
                    "date": "2025-04-16T18:02:02.001",
                    "used": 373353301,
                    "losses": 0,
                    "requests": 4,
                    "handler": "CTG"
                },
                {
                    "protocolSessionId": "c7e0ef51-ad95-43f1-8239-c87202d3ce52",
                    "account": 123123104,
                    "duration": 20,
                    "date": "2025-04-16T18:09:01.001",
                    "used": 34188592,
                    "losses": 0,
                    "requests": 2,
                    "handler": "CTG"
                },
                {
                    "protocolSessionId": "0ba77f51-ffc8-486e-be4b-cdfac4da77f4",
                    "account": 123123104,
                    "duration": 20,
                    "date": "2025-04-16T21:38:34.001",
                    "used": 6252,
                    "losses": 0,
                    "requests": 2,
                    "handler": "CTG"
                },
                {
                    "protocolSessionId": "eaee8e86-a79e-4966-ab02-09e592192d05",
                    "account": 123123104,
                    "duration": 20,
                    "date": "2025-04-16T22:18:45.001",
                    "used": 37948680,
                    "losses": 0,
                    "requests": 2,
                    "handler": "CTG"
                },
                {
                    "protocolSessionId": "a2f8f588-e8f3-4d8a-901c-f60e01ae19b3",
                    "account": 123123104,
                    "duration": 20,
                    "date": "2025-04-17T01:45:10.001",
                    "used": 42852,
                    "losses": 0,
                    "requests": 2,
                    "handler": "CTG"
                },
                {
                    "protocolSessionId": "1a03781f-1a60-4c41-8b67-d41d4929577c",
                    "account": 123123104,
                    "duration": 20,
                    "date": "2025-04-17T04:43:33.001",
                    "used": 891910,
                    "losses": 0,
                    "requests": 2,
                    "handler": "CTG"
                },
                {
                    "protocolSessionId": "11937d2e-fda9-46ac-aca6-e47bbc8f89a1",
                    "account": 123123104,
                    "duration": 20,
                    "date": "2025-04-17T17:39:25.001",
                    "used": 27593120,
                    "losses": 0,
                    "requests": 2,
                    "handler": "CTG"
                },
                {
                    "protocolSessionId": "37dbe430-c979-4649-bcf4-4de06faaaafd",
                    "account": 123123104,
                    "duration": 20,
                    "date": "2025-04-17T18:18:02.001",
                    "used": 247226736,
                    "losses": 0,
                    "requests": 3,
                    "handler": "CTG"
                },
                {
                    "protocolSessionId": "9639c5bd-2b51-497c-b94e-3c4dbbf180e0",
                    "account": 123123104,
                    "duration": 20,
                    "date": "2025-04-17T18:33:01.001",
                    "used": 14265210,
                    "losses": 0,
                    "requests": 2,
                    "handler": "CTG"
                },
                {
                    "protocolSessionId": "6f216349-2aef-4078-b296-94b5bd2bab38",
                    "account": 123123104,
                    "duration": 20,
                    "date": "2025-04-17T23:48:58.001",
                    "used": 235144728,
                    "losses": 0,
                    "requests": 2,
                    "handler": "CTG"
                },
                {
                    "protocolSessionId": "95b0f9dd-5092-4812-a91b-ff90fb15f713",
                    "account": 123123104,
                    "duration": 20,
                    "date": "2025-04-18T00:38:10.001",
                    "used": 2781081,
                    "losses": 0,
                    "requests": 2,
                    "handler": "CTG"
                },
                {
                    "protocolSessionId": "8f810557-d3c7-4705-a7f4-d9c30a66ee98",
                    "account": 123123104,
                    "duration": 20,
                    "date": "2025-04-18T01:15:41.001",
                    "used": 40140189,
                    "losses": 0,
                    "requests": 2,
                    "handler": "CTG"
                },
                {
                    "protocolSessionId": "e8e94f62-1342-41b3-a02d-5bb7187e6aec",
                    "account": 123123104,
                    "duration": 20,
                    "date": "2025-04-18T01:36:14.001",
                    "used": 652320735,
                    "losses": 0,
                    "requests": 4,
                    "handler": "CTG"
                },
                {
                    "protocolSessionId": "27181b1d-9b22-45bb-b46a-7d652b500b4b",
                    "account": 123123104,
                    "duration": 20,
                    "date": "2025-04-18T03:15:56.001",
                    "used": 261625796,
                    "losses": 0,
                    "requests": 3,
                    "handler": "CTG"
                },
                {
                    "protocolSessionId": "dfdd0921-a2ca-425a-9e9b-628a0216fc59",
                    "account": 123123104,
                    "duration": 20,
                    "date": "2025-04-18T08:07:20.001",
                    "used": 417792,
                    "losses": 0,
                    "requests": 2,
                    "handler": "CTG"
                },
                {
                    "protocolSessionId": "783f1628-3b3a-4da9-b12f-1e3c38fbaeec",
                    "account": 123123104,
                    "duration": 20,
                    "date": "2025-04-18T08:07:30.001",
                    "used": 477,
                    "losses": 0,
                    "requests": 2,
                    "handler": "CTG"
                }
            ]
        }
    }
}