{
    "observation": {
        "previous_period_summary": {
            "cnt_percentage": 82.93,
            "cnt_requests": 34,
            "losses_percentage": 0.0,
            "losses_volume": 0
        },
        "current_period": {
            "phase_one": [
                {
                    "protocolSessionId": "722bd353-74b5-48a1-bd0c-fdd06229f2ef",
                    "account": 123123104,
                    "date": "2025-03-11T19:09:08.001",
                    "duration": 507.0,
                    "used": 0,
                    "losses": 0,
                    "requests": 3,
                    "handler": "CNT"
                },
                {
                    "protocolSessionId": "e8d35987-9bf4-435a-a65b-62f58c55757c",
                    "account": 123123104,
                    "date": "2025-03-11T21:48:22.001",
                    "duration": 4672.0,
                    "used": 209715200,
                    "losses": 0,
                    "requests": 10,
                    "handler": "CNT"
                },
                {
                    "protocolSessionId": "64ae9b41-7b78-45e4-ae5f-5f84f38b6bdc",
                    "account": 123123104,
                    "date": "2025-03-11T23:53:19.001",
                    "duration": 68248.0,
                    "used": 12352888,
                    "losses": 0,
                    "requests": 3,
                    "handler": "CNT"
                }
            ],
            "phase_two": [
                {
                    "protocolSessionId": "4b9321ca-4ae0-4b9e-8155-6219aa3b82d3",
                    "account": 123123104,
                    "duration": 20,
                    "date": "2025-03-12T06:45:11.001",
                    "used": 218872912,
                    "losses": 0,
                    "requests": 3,
                    "handler": "CTG"
                }
            ]
        }
    }
}