{
    "observation": {
        "previous_period_summary": {
            "cnt_percentage": 99.21,
            "cnt_requests": 125,
            "losses_percentage": 0.1157,
            "losses_volume": 1903383
        },
        "current_period": {
            "phase_one": [
                {
                    "protocolSessionId": "0e8109d1-a7a5-49bb-9078-1fb9f4ffd3c8",
                    "account": 123123104,
                    "date": "2025-03-08T12:47:47.001",
                    "duration": 2423.0,
                    "used": 69169381,
                    "losses": 0,
                    "requests": 3,
                    "handler": "CNT"
                }
            ],
            "phase_two": [
                {
                    "protocolSessionId": "90702be7-e14a-4647-a02d-20609fffc850",
                    "account": 123123104,
                    "duration": 20,
                    "date": "2025-03-08T14:55:02.001",
                    "used": 168622,
                    "losses": 0,
                    "requests": 2,
                    "handler": "CTG"
                }
            ]
        }
    }
}