{
    "observation": {
        "previous_period_summary": {
            "cnt_percentage": 50.0,
            "cnt_requests": 3,
            "losses_percentage": 0.0,
            "losses_volume": 0
        },
        "current_period": {
            "phase_one": [
                {
                    "protocolSessionId": "c0c0f486-8c71-4880-9b9f-cb33282a0592",
                    "account": 123123104,
                    "date": "2025-05-25T12:39:33.001",
                    "duration": 1150.0,
                    "used": 23000,
                    "losses": 0,
                    "requests": 3,
                    "handler": "CNT"
                },
                {
                    "protocolSessionId": "549ee2c7-e530-4c3c-9170-3e51ffc54548",
                    "account": 123123104,
                    "date": "2025-05-25T13:01:07.001",
                    "duration": 2989.0,
                    "used": 133751677,
                    "losses": 0,
                    "requests": 6,
                    "handler": "CNT"
                },
                {
                    "protocolSessionId": "cee1e028-6938-451e-9e42-c6b224565b5c",
                    "account": 123123104,
                    "date": "2025-05-25T13:52:33.001",
                    "duration": 317.0,
                    "used": 3603339,
                    "losses": 0,
                    "requests": 3,
                    "handler": "CNT"
                }
            ],
            "phase_two": [
                {
                    "protocolSessionId": "750b5ad6-2ad3-4d08-bbd7-2be02bdd53c0",
                    "account": 123123104,
                    "duration": 20,
                    "date": "2025-05-25T23:50:26.001",
                    "used": 79088355,
                    "losses": 0,
                    "requests": 2,
                    "handler": "CTG"
                }
            ]
        }
    }
}