{
    "observation": {
        "previous_period_summary": {
            "cnt_percentage": 37.5,
            "cnt_requests": 6,
            "losses_percentage": 0.0,
            "losses_volume": 0
        },
        "current_period": {
            "phase_one": [
                {
                    "protocolSessionId": "b262eb25-1e45-41dc-8385-6256a028c53a",
                    "account": 123123104,
                    "date": "2025-04-01T09:33:09.001",
                    "duration": 18339369.711,
                    "used": 1606500,
                    "losses": 0,
                    "requests": 6,
                    "handler": "CNT"
                }
            ],
            "phase_two": [
                {
                    "protocolSessionId": "40d6ae78-7020-4075-87a4-8057d4a6bbf1",
                    "account": 123123104,
                    "duration": 20,
                    "date": "2025-04-01T10:35:52.001",
                    "used": 104799265,
                    "losses": 0,
                    "requests": 3,
                    "handler": "CTG"
                },
                {
                    "protocolSessionId": "8cc631df-bc2e-4cc1-bd3e-a0477d74e9c7",
                    "account": 123123104,
                    "duration": 20,
                    "date": "2025-04-01T11:21:28.001",
                    "used": 0,
                    "losses": 0,
                    "requests": 1,
                    "handler": "CTG"
                }
            ]
        }
    }
}