{
    "observation": {
        "previous_period_summary": {
            "cnt_percentage": 3.21,
            "cnt_requests": 6,
            "losses_percentage": 0.0,
            "losses_volume": 0
        },
        "current_period": {
            "phase_one": [
                {
                    "protocolSessionId": "cffb5bcf-874e-4191-93ba-5d7b3e9d77f6",
                    "account": 123123104,
                    "date": "2025-04-18T08:07:41.001",
                    "duration": 18449.0,
                    "used": 25404273,
                    "losses": 0,
                    "requests": 3,
                    "handler": "CNT"
                }
            ],
            "phase_two": [
                {
                    "protocolSessionId": "375b115e-563d-4bba-a338-e786549463e2",
                    "account": 123123104,
                    "duration": 20,
                    "date": "2025-04-18T19:21:38.001",
                    "used": 63777,
                    "losses": 0,
                    "requests": 2,
                    "handler": "CTG"
                }
            ]
        }
    }
}