{
    "observation": {
        "previous_period_summary": {
            "cnt_percentage": 38.89,
            "cnt_requests": 21,
            "losses_percentage": 0.0,
            "losses_volume": 0
        },
        "current_period": {
            "phase_one": [
                {
                    "protocolSessionId": "02f01945-ba21-47b4-96b7-bffc72d98b93",
                    "account": 123123104,
                    "date": "2025-05-06T01:05:59.001",
                    "duration": 6632.0,
                    "used": 105316375,
                    "losses": 0,
                    "requests": 6,
                    "handler": "CNT"
                },
                {
                    "protocolSessionId": "86856439-7041-4142-9034-b03151225055",
                    "account": 123123104,
                    "date": "2025-05-06T06:51:18.001",
                    "duration": 13.0,
                    "used": 157729,
                    "losses": 0,
                    "requests": 3,
                    "handler": "CNT"
                },
                {
                    "protocolSessionId": "0bdcfd97-0c9d-440b-b2a8-839a31ef9ae3",
                    "account": 123123104,
                    "date": "2025-05-06T07:05:09.001",
                    "duration": 109.0,
                    "used": 2309710,
                    "losses": 0,
                    "requests": 3,
                    "handler": "CNT"
                },
                {
                    "protocolSessionId": "f6bfc1e6-ba9b-480b-8cda-76d2a384e3e0",
                    "account": 123123104,
                    "date": "2025-05-06T07:09:39.001",
                    "duration": 79.0,
                    "used": 45296625,
                    "losses": 0,
                    "requests": 3,
                    "handler": "CNT"
                }
            ],
            "phase_two": [
                {
                    "protocolSessionId": "24b56b8b-9bda-4a04-ae21-086962e740f3",
                    "account": 123123104,
                    "duration": 20,
                    "date": "2025-05-06T13:25:18.001",
                    "used": 77795455,
                    "losses": 0,
                    "requests": 3,
                    "handler": "CTG"
                },
                {
                    "protocolSessionId": "ee7e0bd2-2c77-42da-a35a-6563af8b2fbf",
                    "account": 123123104,
                    "duration": 20,
                    "date": "2025-05-06T14:13:48.001",
                    "used": 86196,
                    "losses": 0,
                    "requests": 2,
                    "handler": "CTG"
                },
                {
                    "protocolSessionId": "48646062-a130-493b-8b10-e74aced8358f",
                    "account": 123123104,
                    "duration": 20,
                    "date": "2025-05-06T14:24:02.001",
                    "used": 322,
                    "losses": 0,
                    "requests": 2,
                    "handler": "CTG"
                },
                {
                    "protocolSessionId": "bb2c39a5-2c16-4f52-9308-a9de7e3e9106",
                    "account": 123123104,
                    "duration": 20,
                    "date": "2025-05-06T14:29:49.001",
                    "used": 33216,
                    "losses": 0,
                    "requests": 2,
                    "handler": "CTG"
                },
                {
                    "protocolSessionId": "8c072df2-d2e3-4ca9-a0bd-f93bda2eb6eb",
                    "account": 123123104,
                    "duration": 20,
                    "date": "2025-05-06T15:03:03.001",
                    "used": 154748158,
                    "losses": 0,
                    "requests": 3,
                    "handler": "CTG"
                }
            ]
        }
    }
}