{
    "observation": {
        "previous_period_summary": {
            "cnt_percentage": 75.0,
            "cnt_requests": 12,
            "losses_percentage": 0.0,
            "losses_volume": 0
        },
        "current_period": {
            "phase_one": [
                {
                    "protocolSessionId": "706b84e6-9fd4-44ae-bdd7-fc9f6a590e79",
                    "account": 123123104,
                    "date": "2025-03-02T19:34:58.001",
                    "duration": 33110.0,
                    "used": 7449750,
                    "losses": 0,
                    "requests": 3,
                    "handler": "CNT"
                }
            ],
            "phase_two": [
                {
                    "protocolSessionId": "e778d1cf-9cef-44f2-bb64-30468b52ddda",
                    "account": 123123104,
                    "duration": 20,
                    "date": "2025-03-03T01:16:44.001",
                    "used": 835,
                    "losses": 0,
                    "requests": 2,
                    "handler": "CTG"
                }
            ]
        }
    }
}