{
    "observation": {
        "previous_period_summary": {
            "cnt_percentage": 90.0,
            "cnt_requests": 18,
            "losses_percentage": 0.0,
            "losses_volume": 0
        },
        "current_period": {
            "phase_one": [
                {
                    "protocolSessionId": "d4375880-b8bd-4d7c-9f6d-5c4a9b513b7a",
                    "account": 123123104,
                    "date": "2025-05-02T12:23:43.001",
                    "duration": 64.0,
                    "used": 74048,
                    "losses": 0,
                    "requests": 3,
                    "handler": "CNT"
                }
            ],
            "phase_two": [
                {
                    "protocolSessionId": "55a10fe2-3a9d-416d-b6bb-70c72703ba72",
                    "account": 123123104,
                    "duration": 20,
                    "date": "2025-05-03T06:44:58.001",
                    "used": 212616,
                    "losses": 0,
                    "requests": 2,
                    "handler": "CTG"
                }
            ]
        }
    }
}