{
    "observation": {
        "previous_period_summary": {
            "cnt_percentage": 17.65,
            "cnt_requests": 3,
            "losses_percentage": 0.0,
            "losses_volume": 0
        },
        "current_period": {
            "phase_one": [
                {
                    "protocolSessionId": "3ed8a850-d676-4989-b80f-a40c135dff25",
                    "account": 123123104,
                    "date": "2025-04-19T23:13:52.001",
                    "duration": 14.0,
                    "used": 235214,
                    "losses": 0,
                    "requests": 3,
                    "handler": "CNT"
                },
                {
                    "protocolSessionId": "37cef04d-a0c3-403b-8ff2-3e361db8ba40",
                    "account": 123123104,
                    "date": "2025-04-20T01:02:59.001",
                    "duration": 359.0,
                    "used": 105034078,
                    "losses": 0,
                    "requests": 6,
                    "handler": "CNT"
                },
                {
                    "protocolSessionId": "7780f6f4-b7e8-4e24-af8b-8bbb23749d30",
                    "account": 123123104,
                    "date": "2025-04-20T01:12:51.001",
                    "duration": 4798.0,
                    "used": 2470970,
                    "losses": 0,
                    "requests": 3,
                    "handler": "CNT"
                },
                {
                    "protocolSessionId": "1cda608b-9a96-4f6c-907a-82056ceffe7a",
                    "account": 123123104,
                    "date": "2025-04-20T02:32:50.001",
                    "duration": 3.0,
                    "used": 74262,
                    "losses": 0,
                    "requests": 3,
                    "handler": "CNT"
                },
                {
                    "protocolSessionId": "c33e99d4-1c8c-4ef8-854a-43acd3a186b0",
                    "account": 123123104,
                    "date": "2025-04-20T02:36:40.001",
                    "duration": 122.0,
                    "used": 105300647,
                    "losses": 0,
                    "requests": 6,
                    "handler": "CNT"
                },
                {
                    "protocolSessionId": "094d4e33-b3cf-4e04-8296-aed2ddd0e7d7",
                    "account": 123123104,
                    "date": "2025-04-20T02:38:43.001",
                    "duration": 4.0,
                    "used": 44,
                    "losses": 0,
                    "requests": 3,
                    "handler": "CNT"
                },
                {
                    "protocolSessionId": "9e45f18e-81d3-40b9-899d-7e6d9ddbe278",
                    "account": 123123104,
                    "date": "2025-04-20T02:38:48.001",
                    "duration": 1943.0,
                    "used": 210224248,
                    "losses": 0,
                    "requests": 10,
                    "handler": "CNT"
                },
                {
                    "protocolSessionId": "aadfbe76-8869-4a86-92cc-5a2eeab51667",
                    "account": 123123104,
                    "date": "2025-04-20T03:11:14.001",
                    "duration": 16283.0,
                    "used": 321168030,
                    "losses": 0,
                    "requests": 15,
                    "handler": "CNT"
                },
                {
                    "protocolSessionId": "7d5f3f05-583f-4322-9af3-88fd5bd2662e",
                    "account": 123123104,
                    "date": "2025-04-20T04:14:18.001",
                    "duration": 12.0,
                    "used": 24,
                    "losses": 0,
                    "requests": 3,
                    "handler": "CNT"
                },
                {
                    "protocolSessionId": "7a7a2f87-b9a1-4d3d-965c-90e4533c4fe3",
                    "account": 123123104,
                    "date": "2025-04-20T04:14:35.001",
                    "duration": 14354.0,
                    "used": 209753336,
                    "losses": 0,
                    "requests": 10,
                    "handler": "CNT"
                }
            ],
            "phase_two": [
                {
                    "protocolSessionId": "85fe24d2-4ce4-47b5-8b03-b83e9b36bb20",
                    "account": 123123104,
                    "duration": 20,
                    "date": "2025-04-20T05:19:45.001",
                    "used": 21279788,
                    "losses": 0,
                    "requests": 2,
                    "handler": "CTG"
                },
                {
                    "protocolSessionId": "e77ece8a-c31a-4ded-9ce6-1644a34bc807",
                    "account": 123123104,
                    "duration": 20,
                    "date": "2025-04-20T05:27:12.001",
                    "used": 86001654,
                    "losses": 0,
                    "requests": 2,
                    "handler": "CTG"
                }
            ]
        }
    }
}