{
    "observation": {
        "previous_period_summary": {
            "cnt_percentage": 96.77,
            "cnt_requests": 60,
            "losses_percentage": 0.0,
            "losses_volume": 0
        },
        "current_period": {
            "phase_one": [
                {
                    "protocolSessionId": "d5b46565-37d1-437d-adf6-f89247e18091",
                    "account": 123123104,
                    "date": "2025-04-26T19:01:44.001",
                    "duration": 2569.0,
                    "used": 89915,
                    "losses": 0,
                    "requests": 3,
                    "handler": "CNT"
                },
                {
                    "protocolSessionId": "12c38904-6b66-448f-be82-344e973fcc10",
                    "account": 123123104,
                    "date": "2025-04-26T22:40:07.001",
                    "duration": 28.0,
                    "used": 66248,
                    "losses": 0,
                    "requests": 3,
                    "handler": "CNT"
                },
                {
                    "protocolSessionId": "854224ac-a2c6-4280-bb24-32968b4c6b1c",
                    "account": 123123104,
                    "date": "2025-04-26T22:42:10.001",
                    "duration": 80561.0,
                    "used": 29243643,
                    "losses": 0,
                    "requests": 3,
                    "handler": "CNT"
                }
            ],
            "phase_two": [
                {
                    "protocolSessionId": "a433261f-8e08-4cf5-a3f5-76edbc1f379a",
                    "account": 123123104,
                    "duration": 20,
                    "date": "2025-04-27T17:01:49.001",
                    "used": 931868313,
                    "losses": 0,
                    "requests": 6,
                    "handler": "CTG"
                }
            ]
        }
    }
}