{
    "observation": {
        "previous_period_summary": {
            "cnt_percentage": 36.0,
            "cnt_requests": 9,
            "losses_percentage": 0.0,
            "losses_volume": 0
        },
        "current_period": {
            "phase_one": [
                {
                    "protocolSessionId": "37d47284-1ff5-4eeb-b6eb-6ab4f87a06b7",
                    "account": 123123104,
                    "date": "2025-04-29T03:45:17.001",
                    "duration": 123.0,
                    "used": 10231632,
                    "losses": 0,
                    "requests": 3,
                    "handler": "CNT"
                },
                {
                    "protocolSessionId": "31a771bd-f90d-48ff-a49d-676116e267f7",
                    "account": 123123104,
                    "date": "2025-04-29T06:10:34.001",
                    "duration": 2660.0,
                    "used": 61475260,
                    "losses": 0,
                    "requests": 3,
                    "handler": "CNT"
                },
                {
                    "protocolSessionId": "1b362164-cfeb-4a0b-a209-f4a83f957b0f",
                    "account": 123123104,
                    "date": "2025-04-29T10:26:42.001",
                    "duration": 30036.0,
                    "used": 5496588,
                    "losses": 0,
                    "requests": 3,
                    "handler": "CNT"
                },
                {
                    "protocolSessionId": "52e78808-d8a8-4d1d-ae9f-8620b0cc8577",
                    "account": 123123104,
                    "date": "2025-04-29T21:28:49.001",
                    "duration": 35041.0,
                    "used": 16609434,
                    "losses": 0,
                    "requests": 3,
                    "handler": "CNT"
                },
                {
                    "protocolSessionId": "ea2c7f43-c1dc-418d-be6e-3392d63656de",
                    "account": 123123104,
                    "date": "2025-04-30T06:28:05.001",
                    "duration": 136.0,
                    "used": 21569056,
                    "losses": 0,
                    "requests": 3,
                    "handler": "CNT"
                },
                {
                    "protocolSessionId": "a6cf8542-4e68-428a-83a5-55fe689aa20d",
                    "account": 123123104,
                    "date": "2025-04-30T06:53:41.001",
                    "duration": 58123.0,
                    "used": 308005860,
                    "losses": 0,
                    "requests": 15,
                    "handler": "CNT"
                }
            ],
            "phase_two": [
                {
                    "protocolSessionId": "2d9bd0b3-423f-459c-8eec-6ce3f71e2335",
                    "account": 123123104,
                    "duration": 20,
                    "date": "2025-04-30T11:59:05.001",
                    "used": 439506,
                    "losses": 0,
                    "requests": 2,
                    "handler": "CTG"
                },
                {
                    "protocolSessionId": "0bbd231d-c67e-45c3-8f96-6ee3ea2f6811",
                    "account": 123123104,
                    "duration": 20,
                    "date": "2025-04-30T13:13:04.001",
                    "used": 98012096,
                    "losses": 0,
                    "requests": 2,
                    "handler": "CTG"
                }
            ]
        }
    }
}