{
    "observation": {
        "previous_period_summary": {
            "cnt_percentage": 60.0,
            "cnt_requests": 12,
            "losses_percentage": 0.0,
            "losses_volume": 0
        },
        "current_period": {
            "phase_one": [
                {
                    "protocolSessionId": "ec3f6898-5b39-43c4-ab88-91c04f9e8246",
                    "account": 123123104,
                    "date": "2025-05-07T18:08:35.001",
                    "duration": 2.0,
                    "used": 2068,
                    "losses": 0,
                    "requests": 3,
                    "handler": "CNT"
                }
            ],
            "phase_two": [
                {
                    "protocolSessionId": "e84dc324-68de-4db0-bb93-93d97fa6c6ab",
                    "account": 123123104,
                    "duration": 20,
                    "date": "2025-05-08T05:48:17.001",
                    "used": 142893870,
                    "losses": 0,
                    "requests": 5,
                    "handler": "CTG"
                },
                {
                    "protocolSessionId": "2af9c7eb-da54-4bbc-a900-8306e1ac38a7",
                    "account": 123123104,
                    "duration": 20,
                    "date": "2025-05-08T06:05:19.001",
                    "used": 0,
                    "losses": 0,
                    "requests": 1,
                    "handler": "CTG"
                },
                {
                    "protocolSessionId": "12507868-c856-4f19-b93c-7aa818832afc",
                    "account": 123123104,
                    "duration": 20,
                    "date": "2025-05-08T06:07:04.001",
                    "used": 0,
                    "losses": 0,
                    "requests": 1,
                    "handler": "CTG"
                },
                {
                    "protocolSessionId": "cee2608c-b5cd-4d14-bb54-ef9eb0c43711",
                    "account": 123123104,
                    "duration": 20,
                    "date": "2025-05-08T08:16:51.001",
                    "used": 117018594,
                    "losses": 0,
                    "requests": 6,
                    "handler": "CTG"
                },
                {
                    "protocolSessionId": "450d6491-87c2-48b8-98ff-2059c3fea1fe",
                    "account": 123123104,
                    "duration": 20,
                    "date": "2025-05-09T18:44:01.001",
                    "used": 409631271,
                    "losses": 0,
                    "requests": 5,
                    "handler": "CTG"
                },
                {
                    "protocolSessionId": "01db9d8f-1aaa-49f2-9ddc-ba7d0bf148de",
                    "account": 123123104,
                    "duration": 20,
                    "date": "2025-05-09T18:44:52.001",
                    "used": 86502,
                    "losses": 0,
                    "requests": 2,
                    "handler": "CTG"
                },
                {
                    "protocolSessionId": "58db8ad3-ff38-4a69-830b-2c812f9b6dc0",
                    "account": 123123104,
                    "duration": 20,
                    "date": "2025-05-09T21:32:38.001",
                    "used": 6869383,
                    "losses": 0,
                    "requests": 2,
                    "handler": "CTG"
                },
                {
                    "protocolSessionId": "d3e9a567-c3e3-4a63-bbae-d680a9078546",
                    "account": 123123104,
                    "duration": 20,
                    "date": "2025-05-10T00:58:38.001",
                    "used": 2699872,
                    "losses": 0,
                    "requests": 2,
                    "handler": "CTG"
                },
                {
                    "protocolSessionId": "c365039f-5102-404c-9218-13c6e651cf68",
                    "account": 123123104,
                    "duration": 20,
                    "date": "2025-05-10T11:32:52.001",
                    "used": 13633400,
                    "losses": 0,
                    "requests": 2,
                    "handler": "CTG"
                },
                {
                    "protocolSessionId": "6c50ec04-c695-4cd1-9945-b89028f1d91a",
                    "account": 123123104,
                    "duration": 20,
                    "date": "2025-05-10T15:18:05.001",
                    "used": 117952092,
                    "losses": 0,
                    "requests": 2,
                    "handler": "CTG"
                },
                {
                    "protocolSessionId": "9e1b478e-8c76-4882-9b5c-d95f8d21d3f2",
                    "account": 123123104,
                    "duration": 20,
                    "date": "2025-05-10T20:19:28.001",
                    "used": 165873960,
                    "losses": 0,
                    "requests": 2,
                    "handler": "CTG"
                },
                {
                    "protocolSessionId": "d7ed11fd-e799-4d70-b204-c07b2f6b7967",
                    "account": 123123104,
                    "duration": 20,
                    "date": "2025-05-10T21:24:37.001",
                    "used": 514042,
                    "losses": 0,
                    "requests": 2,
                    "handler": "CTG"
                },
                {
                    "protocolSessionId": "acdbfbb3-a3cf-485a-8669-c3ba2a40d2c8",
                    "account": 123123104,
                    "duration": 20,
                    "date": "2025-05-10T22:42:09.001",
                    "used": 27551931,
                    "losses": 0,
                    "requests": 2,
                    "handler": "CTG"
                },
                {
                    "protocolSessionId": "c55a8a84-03bc-4570-b809-75042d20ff84",
                    "account": 123123104,
                    "duration": 20,
                    "date": "2025-05-11T02:31:23.001",
                    "used": 9984,
                    "losses": 0,
                    "requests": 2,
                    "handler": "CTG"
                },
                {
                    "protocolSessionId": "f502384b-561d-4617-8519-6529ed19f99d",
                    "account": 123123104,
                    "duration": 20,
                    "date": "2025-05-12T03:21:34.001",
                    "used": 0,
                    "losses": 0,
                    "requests": 1,
                    "handler": "CTG"
                },
                {
                    "protocolSessionId": "a6b6cf6b-a437-4bc5-b1e2-fbbbaa78e0c5",
                    "account": 123123104,
                    "duration": 20,
                    "date": "2025-05-12T05:08:40.001",
                    "used": 203061974,
                    "losses": 0,
                    "requests": 4,
                    "handler": "CTG"
                },
                {
                    "protocolSessionId": "271bd56e-2329-401e-85eb-3acd5bf74448",
                    "account": 123123104,
                    "duration": 20,
                    "date": "2025-05-12T08:49:04.001",
                    "used": 1480696,
                    "losses": 0,
                    "requests": 2,
                    "handler": "CTG"
                },
                {
                    "protocolSessionId": "01f1225d-14ba-47d6-ba6d-b7f31794c132",
                    "account": 123123104,
                    "duration": 20,
                    "date": "2025-05-12T15:31:34.001",
                    "used": 179262512,
                    "losses": 0,
                    "requests": 3,
                    "handler": "CTG"
                },
                {
                    "protocolSessionId": "7f556ee5-f415-4ac9-be5d-f08ec0ce59e4",
                    "account": 123123104,
                    "duration": 20,
                    "date": "2025-05-12T19:28:59.001",
                    "used": 105506186,
                    "losses": 0,
                    "requests": 3,
                    "handler": "CTG"
                },
                {
                    "protocolSessionId": "775d17f1-3c2f-4dc3-9dc3-966ffb66a6de",
                    "account": 123123104,
                    "duration": 20,
                    "date": "2025-05-13T02:16:14.001",
                    "used": 234736554,
                    "losses": 0,
                    "requests": 5,
                    "handler": "CTG"
                },
                {
                    "protocolSessionId": "e6438b6c-d764-4ed9-8fd8-b8b99489071d",
                    "account": 123123104,
                    "duration": 20,
                    "date": "2025-05-13T07:31:13.001",
                    "used": 2464725,
                    "losses": 0,
                    "requests": 2,
                    "handler": "CTG"
                },
                {
                    "protocolSessionId": "92208361-a991-4049-8393-9871a2dc4b16",
                    "account": 123123104,
                    "duration": 20,
                    "date": "2025-05-14T07:06:21.001",
                    "used": 1784225,
                    "losses": 0,
                    "requests": 2,
                    "handler": "CTG"
                },
                {
                    "protocolSessionId": "ed40a2e2-109e-4dd5-80fd-acb953641675",
                    "account": 123123104,
                    "duration": 20,
                    "date": "2025-05-14T13:18:30.001",
                    "used": 173350,
                    "losses": 0,
                    "requests": 2,
                    "handler": "CTG"
                },
                {
                    "protocolSessionId": "b403a179-2147-47f7-a8ab-7241261ab756",
                    "account": 123123104,
                    "duration": 20,
                    "date": "2025-05-14T13:19:36.001",
                    "used": 0,
                    "losses": 0,
                    "requests": 1,
                    "handler": "CTG"
                },
                {
                    "protocolSessionId": "8cd054e4-d23a-4fb7-a411-52fb3e938c30",
                    "account": 123123104,
                    "duration": 20,
                    "date": "2025-05-14T14:20:05.001",
                    "used": 23,
                    "losses": 0,
                    "requests": 2,
                    "handler": "CTG"
                },
                {
                    "protocolSessionId": "ac7b6be6-9b05-43a8-a650-b4925b1d48bc",
                    "account": 123123104,
                    "duration": 20,
                    "date": "2025-05-14T22:09:02.001",
                    "used": 18992,
                    "losses": 0,
                    "requests": 2,
                    "handler": "CTG"
                },
                {
                    "protocolSessionId": "e4ecf75a-bddf-433e-a1cb-3f0cea688698",
                    "account": 123123104,
                    "duration": 20,
                    "date": "2025-05-14T23:10:21.001",
                    "used": 107956656,
                    "losses": 0,
                    "requests": 2,
                    "handler": "CTG"
                },
                {
                    "protocolSessionId": "05c7c589-384f-45ed-b91b-9b55a497ca37",
                    "account": 123123104,
                    "duration": 20,
                    "date": "2025-05-15T01:06:17.001",
                    "used": 71108721,
                    "losses": 0,
                    "requests": 4,
                    "handler": "CTG"
                },
                {
                    "protocolSessionId": "2568d8fa-66f3-4151-bf69-7d629ffe9a02",
                    "account": 123123104,
                    "duration": 20,
                    "date": "2025-05-15T01:14:44.001",
                    "used": 0,
                    "losses": 0,
                    "requests": 1,
                    "handler": "CTG"
                },
                {
                    "protocolSessionId": "6725dfca-8dc3-42ad-938c-1fc95d8de2de",
                    "account": 123123104,
                    "duration": 20,
                    "date": "2025-05-15T06:51:17.001",
                    "used": 384,
                    "losses": 0,
                    "requests": 2,
                    "handler": "CTG"
                },
                {
                    "protocolSessionId": "132b52a7-d918-4ad5-98f8-264b92163106",
                    "account": 123123104,
                    "duration": 20,
                    "date": "2025-05-16T05:06:39.001",
                    "used": 1535418,
                    "losses": 0,
                    "requests": 2,
                    "handler": "CTG"
                },
                {
                    "protocolSessionId": "fa2689f9-7406-4c8f-8696-463ec469775b",
                    "account": 123123104,
                    "duration": 20,
                    "date": "2025-05-16T06:50:18.001",
                    "used": 48248677,
                    "losses": 0,
                    "requests": 3,
                    "handler": "CTG"
                },
                {
                    "protocolSessionId": "67e91fef-f8df-4d87-a65e-390e9b0f6ba5",
                    "account": 123123104,
                    "duration": 20,
                    "date": "2025-05-16T08:23:48.001",
                    "used": 481077310,
                    "losses": 0,
                    "requests": 3,
                    "handler": "CTG"
                },
                {
                    "protocolSessionId": "37e01953-6585-480d-be7e-d37314af0f7f",
                    "account": 123123104,
                    "duration": 20,
                    "date": "2025-05-16T13:30:31.001",
                    "used": 1667207728,
                    "losses": 0,
                    "requests": 6,
                    "handler": "CTG"
                },
                {
                    "protocolSessionId": "5c1e57e3-9a49-48af-ba84-8c8a49c20449",
                    "account": 123123104,
                    "duration": 20,
                    "date": "2025-05-16T13:35:40.001",
                    "used": 425348,
                    "losses": 0,
                    "requests": 2,
                    "handler": "CTG"
                },
                {
                    "protocolSessionId": "c998e789-cc6f-4b62-9e85-d6e9efabd96c",
                    "account": 123123104,
                    "duration": 20,
                    "date": "2025-05-16T17:15:24.001",
                    "used": 219435629,
                    "losses": 0,
                    "requests": 3,
                    "handler": "CTG"
                },
                {
                    "protocolSessionId": "eaa481af-8e77-4ee3-afbc-24991f12f75a",
                    "account": 123123104,
                    "duration": 20,
                    "date": "2025-05-16T17:32:47.001",
                    "used": 0,
                    "losses": 0,
                    "requests": 1,
                    "handler": "CTG"
                },
                {
                    "protocolSessionId": "68a73128-64bb-4267-a71d-8ec007d0fae2",
                    "account": 123123104,
                    "duration": 20,
                    "date": "2025-05-17T02:50:41.001",
                    "used": 10211908,
                    "losses": 0,
                    "requests": 2,
                    "handler": "CTG"
                },
                {
                    "protocolSessionId": "5997b32e-11ad-4130-9586-982a4595b008",
                    "account": 123123104,
                    "duration": 20,
                    "date": "2025-05-17T21:54:38.001",
                    "used": 94607096,
                    "losses": 0,
                    "requests": 2,
                    "handler": "CTG"
                },
                {
                    "protocolSessionId": "115dd459-4513-46a3-82d4-505521d287ec",
                    "account": 123123104,
                    "duration": 20,
                    "date": "2025-05-18T02:58:20.001",
                    "used": 26964782,
                    "losses": 0,
                    "requests": 3,
                    "handler": "CTG"
                },
                {
                    "protocolSessionId": "cb261f18-6214-4679-953a-aa93122b7100",
                    "account": 123123104,
                    "duration": 20,
                    "date": "2025-05-18T09:36:51.001",
                    "used": 1231691100,
                    "losses": 0,
                    "requests": 3,
                    "handler": "CTG"
                },
                {
                    "protocolSessionId": "120c7be6-754f-4478-a6ee-e2e5422c61b4",
                    "account": 123123104,
                    "duration": 20,
                    "date": "2025-05-19T02:59:40.001",
                    "used": 59621070,
                    "losses": 0,
                    "requests": 2,
                    "handler": "CTG"
                },
                {
                    "protocolSessionId": "7cd0f9f0-847f-47e3-822d-0da9d148fae2",
                    "account": 123123104,
                    "duration": 20,
                    "date": "2025-05-19T19:55:57.001",
                    "used": 68191500,
                    "losses": 0,
                    "requests": 2,
                    "handler": "CTG"
                },
                {
                    "protocolSessionId": "9b3e17d9-11ef-4d4c-8446-ccd510020802",
                    "account": 123123104,
                    "duration": 20,
                    "date": "2025-05-19T21:25:27.001",
                    "used": 697656,
                    "losses": 0,
                    "requests": 2,
                    "handler": "CTG"
                },
                {
                    "protocolSessionId": "d6f9be7e-600a-4f9b-85bb-67dc31447635",
                    "account": 123123104,
                    "duration": 20,
                    "date": "2025-05-20T02:11:59.001",
                    "used": 707002091,
                    "losses": 0,
                    "requests": 3,
                    "handler": "CTG"
                },
                {
                    "protocolSessionId": "5c59507c-2437-4786-834b-56e3b0dbb67a",
                    "account": 123123104,
                    "duration": 20,
                    "date": "2025-05-20T02:16:23.001",
                    "used": 1310,
                    "losses": 0,
                    "requests": 2,
                    "handler": "CTG"
                },
                {
                    "protocolSessionId": "b20898de-7605-4978-89ad-ee0e3cc1713a",
                    "account": 123123104,
                    "duration": 20,
                    "date": "2025-05-20T14:25:26.001",
                    "used": 1479588575,
                    "losses": 0,
                    "requests": 5,
                    "handler": "CTG"
                },
                {
                    "protocolSessionId": "ce5945d2-d61b-4703-b06b-e479d34019e8",
                    "account": 123123104,
                    "duration": 20,
                    "date": "2025-05-20T22:11:08.001",
                    "used": 250754764,
                    "losses": 0,
                    "requests": 2,
                    "handler": "CTG"
                },
                {
                    "protocolSessionId": "feac76d9-09a7-4564-92b7-d9b3dbda404a",
                    "account": 123123104,
                    "duration": 20,
                    "date": "2025-05-20T22:11:14.001",
                    "used": 15,
                    "losses": 0,
                    "requests": 2,
                    "handler": "CTG"
                },
                {
                    "protocolSessionId": "b45766e0-987d-4f6e-9f88-508d8ef666cb",
                    "account": 123123104,
                    "duration": 20,
                    "date": "2025-05-20T23:37:42.001",
                    "used": 12,
                    "losses": 0,
                    "requests": 2,
                    "handler": "CTG"
                },
                {
                    "protocolSessionId": "27052035-81e9-426a-aa73-9728f978b4da",
                    "account": 123123104,
                    "duration": 20,
                    "date": "2025-05-21T00:13:26.001",
                    "used": 4984896,
                    "losses": 0,
                    "requests": 2,
                    "handler": "CTG"
                },
                {
                    "protocolSessionId": "6f46b54b-8bde-4aa7-ad66-1fad212c0cb8",
                    "account": 123123104,
                    "duration": 20,
                    "date": "2025-05-21T02:35:34.001",
                    "used": 216743593,
                    "losses": 0,
                    "requests": 3,
                    "handler": "CTG"
                },
                {
                    "protocolSessionId": "13b9e684-ed22-48ef-aada-ebc774cedd76",
                    "account": 123123104,
                    "duration": 20,
                    "date": "2025-05-21T03:09:24.001",
                    "used": 3068568,
                    "losses": 0,
                    "requests": 2,
                    "handler": "CTG"
                },
                {
                    "protocolSessionId": "0cab002f-ba34-4cca-b867-69eec441926d",
                    "account": 123123104,
                    "duration": 20,
                    "date": "2025-05-21T16:49:09.001",
                    "used": 1937340,
                    "losses": 0,
                    "requests": 2,
                    "handler": "CTG"
                },
                {
                    "protocolSessionId": "86db3f10-1b17-476a-988a-17fcd040e602",
                    "account": 123123104,
                    "duration": 20,
                    "date": "2025-05-21T23:31:49.001",
                    "used": 11899653,
                    "losses": 0,
                    "requests": 2,
                    "handler": "CTG"
                },
                {
                    "protocolSessionId": "82406fca-1649-4fe4-929f-f33a36746b7d",
                    "account": 123123104,
                    "duration": 20,
                    "date": "2025-05-22T01:08:32.001",
                    "used": 5926448,
                    "losses": 0,
                    "requests": 2,
                    "handler": "CTG"
                },
                {
                    "protocolSessionId": "800918f5-2358-4582-9ed5-62e14b4f05bc",
                    "account": 123123104,
                    "duration": 20,
                    "date": "2025-05-22T12:37:31.001",
                    "used": 102851317,
                    "losses": 0,
                    "requests": 3,
                    "handler": "CTG"
                },
                {
                    "protocolSessionId": "5559e037-e63a-43f7-8719-fc87bb66a3e0",
                    "account": 123123104,
                    "duration": 20,
                    "date": "2025-05-22T21:46:28.001",
                    "used": 37346604,
                    "losses": 0,
                    "requests": 2,
                    "handler": "CTG"
                },
                {
                    "protocolSessionId": "6b587add-0d64-48d0-87bd-66533f1aa908",
                    "account": 123123104,
                    "duration": 20,
                    "date": "2025-05-22T22:53:34.001",
                    "used": 59730,
                    "losses": 0,
                    "requests": 2,
                    "handler": "CTG"
                },
                {
                    "protocolSessionId": "cedc53ae-0cb1-47de-aaee-9ac859450591",
                    "account": 123123104,
                    "duration": 20,
                    "date": "2025-05-23T23:33:01.001",
                    "used": 0,
                    "losses": 0,
                    "requests": 1,
                    "handler": "CTG"
                },
                {
                    "protocolSessionId": "503dec77-90a3-4b55-b437-9bd0fe2bc140",
                    "account": 123123104,
                    "duration": 20,
                    "date": "2025-05-24T11:34:18.001",
                    "used": 131931,
                    "losses": 0,
                    "requests": 2,
                    "handler": "CTG"
                }
            ]
        }
    }
}