{
    "observation": {
        "previous_period_summary": {
            "cnt_percentage": 50.0,
            "cnt_requests": 3,
            "losses_percentage": 0.0,
            "losses_volume": 0
        },
        "current_period": {
            "phase_one": [
                {
                    "protocolSessionId": "7a624354-06bc-435f-b12c-b6d6c8ba1ec4",
                    "account": 123123104,
                    "date": "2025-03-17T09:39:50.001",
                    "duration": 257.0,
                    "used": 48573,
                    "losses": 0,
                    "requests": 3,
                    "handler": "CNT"
                },
                {
                    "protocolSessionId": "8b4f0c66-4efb-4185-87b4-8cf7609a5627",
                    "account": 123123104,
                    "date": "2025-03-17T09:45:34.001",
                    "duration": 24294.0,
                    "used": 420587148,
                    "losses": 0,
                    "requests": 21,
                    "handler": "CNT"
                },
                {
                    "protocolSessionId": "39b1a615-ef62-466a-b966-bc2f60908e97",
                    "account": 123123104,
                    "date": "2025-03-17T10:47:27.001",
                    "duration": 11071.0,
                    "used": 79356928,
                    "losses": 0,
                    "requests": 3,
                    "handler": "CNT"
                },
                {
                    "protocolSessionId": "239966de-67c2-42f3-9d87-3186cd82288e",
                    "account": 123123104,
                    "date": "2025-03-17T13:52:00.001",
                    "duration": 149.0,
                    "used": 170456,
                    "losses": 0,
                    "requests": 3,
                    "handler": "CNT"
                },
                {
                    "protocolSessionId": "160194c5-19cc-46b8-a6d1-d282e2f8e14b",
                    "account": 123123104,
                    "date": "2025-03-17T16:01:59.001",
                    "duration": 2722.0,
                    "used": 56927908,
                    "losses": 0,
                    "requests": 3,
                    "handler": "CNT"
                },
                {
                    "protocolSessionId": "975a0b41-7e78-4648-a35f-a0a18e87e9ce",
                    "account": 123123104,
                    "date": "2025-03-17T16:48:24.001",
                    "duration": 12143.0,
                    "used": 8876533,
                    "losses": 0,
                    "requests": 3,
                    "handler": "CNT"
                },
                {
                    "protocolSessionId": "9e43fd77-0595-4d63-871e-7db1aea085e0",
                    "account": 123123104,
                    "date": "2025-03-17T17:35:24.001",
                    "duration": 62268.0,
                    "used": 209923000,
                    "losses": 0,
                    "requests": 10,
                    "handler": "CNT"
                },
                {
                    "protocolSessionId": "3dd31d26-591c-43b0-8eb9-e17aacfc1e37",
                    "account": 123123104,
                    "date": "2025-03-17T19:51:01.001",
                    "duration": 32064.0,
                    "used": 39791424,
                    "losses": 0,
                    "requests": 3,
                    "handler": "CNT"
                },
                {
                    "protocolSessionId": "24296b36-2b29-4708-911e-0e945963ca97",
                    "account": 123123104,
                    "date": "2025-03-18T06:02:10.001",
                    "duration": 697.0,
                    "used": 27484104,
                    "losses": 0,
                    "requests": 3,
                    "handler": "CNT"
                },
                {
                    "protocolSessionId": "c6206b7d-4834-48e3-9e98-7cd77655451d",
                    "account": 123123104,
                    "date": "2025-03-18T12:07:34.001",
                    "duration": 430.0,
                    "used": 806680,
                    "losses": 0,
                    "requests": 3,
                    "handler": "CNT"
                },
                {
                    "protocolSessionId": "256693a0-7529-4db8-a040-fd22ecf9111a",
                    "account": 123123104,
                    "date": "2025-03-18T12:09:32.001",
                    "duration": 9901.0,
                    "used": 209801492,
                    "losses": 0,
                    "requests": 10,
                    "handler": "CNT"
                },
                {
                    "protocolSessionId": "41b2d1d2-30fd-4c8a-b933-30c9ce546b33",
                    "account": 123123104,
                    "date": "2025-03-18T16:12:34.001",
                    "duration": 371.0,
                    "used": 76884556,
                    "losses": 0,
                    "requests": 3,
                    "handler": "CNT"
                }
            ],
            "phase_two": [
                {
                    "protocolSessionId": "06b59bf8-048e-4ec9-998a-f0c31ece1542",
                    "account": 123123104,
                    "duration": 20,
                    "date": "2025-03-18T22:48:59.001",
                    "used": 2593654,
                    "losses": 0,
                    "requests": 2,
                    "handler": "CTG"
                },
                {
                    "protocolSessionId": "7b1cbd86-c611-4126-bf75-6b9b99ad7216",
                    "account": 123123104,
                    "duration": 20,
                    "date": "2025-03-19T04:44:45.001",
                    "used": 168029739,
                    "losses": 0,
                    "requests": 4,
                    "handler": "CTG"
                }
            ]
        }
    }
}