{
    "observation": {
        "previous_period_summary": {
            "cnt_percentage": 60.0,
            "cnt_requests": 6,
            "losses_percentage": 0.0,
            "losses_volume": 0
        },
        "current_period": {
            "phase_one": [
                {
                    "protocolSessionId": "020abe9f-d9ec-4637-ae29-eda7c8908e23",
                    "account": 123123104,
                    "date": "2025-04-01T14:09:21.001",
                    "duration": 237.0,
                    "used": 56855115,
                    "losses": 0,
                    "requests": 3,
                    "handler": "CNT"
                }
            ],
            "phase_two": [
                {
                    "protocolSessionId": "4ab67667-7989-433a-b9a5-c262d302b30f",
                    "account": 123123104,
                    "duration": 20,
                    "date": "2025-04-01T18:09:28.001",
                    "used": 567358,
                    "losses": 0,
                    "requests": 2,
                    "handler": "CTG"
                },
                {
                    "protocolSessionId": "415434e0-05af-4ff2-89cf-e87aa046077b",
                    "account": 123123104,
                    "duration": 20,
                    "date": "2025-04-01T18:54:42.001",
                    "used": 1920304,
                    "losses": 0,
                    "requests": 2,
                    "handler": "CTG"
                },
                {
                    "protocolSessionId": "951a67ff-fa99-46d3-9e18-23d86738038b",
                    "account": 123123104,
                    "duration": 20,
                    "date": "2025-04-01T19:15:54.001",
                    "used": 5934448,
                    "losses": 0,
                    "requests": 2,
                    "handler": "CTG"
                },
                {
                    "protocolSessionId": "468b2b10-c993-400e-af74-99ac9391044e",
                    "account": 123123104,
                    "duration": 20,
                    "date": "2025-04-01T21:29:51.001",
                    "used": 2360,
                    "losses": 0,
                    "requests": 2,
                    "handler": "CTG"
                },
                {
                    "protocolSessionId": "59e7b5b6-ff1f-4397-8402-291a0e085307",
                    "account": 123123104,
                    "duration": 20,
                    "date": "2025-04-01T22:58:07.001",
                    "used": 1049296,
                    "losses": 0,
                    "requests": 2,
                    "handler": "CTG"
                }
            ]
        }
    }
}