{
    "observation": {
        "previous_period_summary": {
            "cnt_percentage": 95.56,
            "cnt_requests": 43,
            "losses_percentage": 0.0,
            "losses_volume": 0
        },
        "current_period": {
            "phase_one": [
                {
                    "protocolSessionId": "ef3592aa-87b7-42b5-ac70-da248d79a53f",
                    "account": 123123104,
                    "date": "2025-02-28T20:03:19.001",
                    "duration": 102931.0,
                    "used": 105165658,
                    "losses": 0,
                    "requests": 6,
                    "handler": "CNT"
                }
            ],
            "phase_two": [
                {
                    "protocolSessionId": "d35d78e3-c2fc-4157-af4f-36c16fa117a6",
                    "account": 123123104,
                    "duration": 20,
                    "date": "2025-02-28T22:52:47.001",
                    "used": 2659986,
                    "losses": 0,
                    "requests": 2,
                    "handler": "CTG"
                },
                {
                    "protocolSessionId": "ed080d77-97ca-4f8d-a133-a5b6abc49fe1",
                    "account": 123123104,
                    "duration": 20,
                    "date": "2025-03-01T02:00:33.001",
                    "used": 18552,
                    "losses": 0,
                    "requests": 2,
                    "handler": "CTG"
                },
                {
                    "protocolSessionId": "fe2a76d2-63cb-4d0b-aee0-195d1eb9dd46",
                    "account": 123123104,
                    "duration": 20,
                    "date": "2025-03-01T02:04:01.001",
                    "used": 1753690,
                    "losses": 0,
                    "requests": 2,
                    "handler": "CTG"
                },
                {
                    "protocolSessionId": "bad16f4b-f2c9-4e00-b489-673ba4ef5358",
                    "account": 123123104,
                    "duration": 20,
                    "date": "2025-03-01T02:07:15.001",
                    "used": 419582,
                    "losses": 0,
                    "requests": 2,
                    "handler": "CTG"
                }
            ]
        }
    }
}