{
    "observation": {
        "previous_period_summary": {
            "cnt_percentage": 60.0,
            "cnt_requests": 3,
            "losses_percentage": 0.0,
            "losses_volume": 0
        },
        "current_period": {
            "phase_one": [
                {
                    "protocolSessionId": "9707f9f5-49ef-4796-8ee2-1f11355d3cc8",
                    "account": 123123104,
                    "date": "2025-04-18T21:43:30.001",
                    "duration": 2350.0,
                    "used": 17925800,
                    "losses": 0,
                    "requests": 3,
                    "handler": "CNT"
                }
            ],
            "phase_two": [
                {
                    "protocolSessionId": "698cb16a-e882-4f3c-b754-09bb7381750b",
                    "account": 123123104,
                    "duration": 20,
                    "date": "2025-04-18T22:31:34.001",
                    "used": 248044113,
                    "losses": 0,
                    "requests": 5,
                    "handler": "CTG"
                },
                {
                    "protocolSessionId": "7dd5a267-efb5-48fd-9f43-492639317bcb",
                    "account": 123123104,
                    "duration": 20,
                    "date": "2025-04-18T23:02:15.001",
                    "used": 290416,
                    "losses": 0,
                    "requests": 2,
                    "handler": "CTG"
                },
                {
                    "protocolSessionId": "1e7d6116-4034-44d3-905d-7fea3aa677ce",
                    "account": 123123104,
                    "duration": 20,
                    "date": "2025-04-19T09:29:36.001",
                    "used": 25231113,
                    "losses": 0,
                    "requests": 2,
                    "handler": "CTG"
                },
                {
                    "protocolSessionId": "610e7b3e-0b0e-49ea-b994-36bb8e82f983",
                    "account": 123123104,
                    "duration": 20,
                    "date": "2025-04-19T22:49:23.001",
                    "used": 289606,
                    "losses": 0,
                    "requests": 2,
                    "handler": "CTG"
                },
                {
                    "protocolSessionId": "fac41e2f-6ffa-488c-a7d5-c0fff9757e53",
                    "account": 123123104,
                    "duration": 20,
                    "date": "2025-04-19T23:13:50.001",
                    "used": 37168894,
                    "losses": 0,
                    "requests": 3,
                    "handler": "CTG"
                }
            ]
        }
    }
}