{
    "observation": {
        "previous_period_summary": {
            "cnt_percentage": 60.0,
            "cnt_requests": 3,
            "losses_percentage": 0.0,
            "losses_volume": 0
        },
        "current_period": {
            "phase_one": [
                {
                    "protocolSessionId": "6f7c111c-d08f-4ae7-84c2-93057b00590a",
                    "account": 123123104,
                    "date": "2025-05-03T10:02:42.001",
                    "duration": 25999.0,
                    "used": 524288000,
                    "losses": 0,
                    "requests": 21,
                    "handler": "CNT"
                }
            ],
            "phase_two": [
                {
                    "protocolSessionId": "2ad3f3b6-b8fe-4c9c-b80d-a6139d58136d",
                    "account": 123123104,
                    "duration": 20,
                    "date": "2025-05-03T14:58:14.001",
                    "used": 13134,
                    "losses": 0,
                    "requests": 2,
                    "handler": "CTG"
                },
                {
                    "protocolSessionId": "7d8ef5fe-f5b5-4621-8cbb-6e056d3abf05",
                    "account": 123123104,
                    "duration": 20,
                    "date": "2025-05-03T16:10:32.001",
                    "used": 18070920,
                    "losses": 0,
                    "requests": 2,
                    "handler": "CTG"
                },
                {
                    "protocolSessionId": "13c6f97f-8d09-4a47-9fc0-f151abd57f37",
                    "account": 123123104,
                    "duration": 20,
                    "date": "2025-05-03T16:10:44.001",
                    "used": 2257596,
                    "losses": 0,
                    "requests": 2,
                    "handler": "CTG"
                },
                {
                    "protocolSessionId": "ccf5b7a6-23af-430f-a3f0-91b193661506",
                    "account": 123123104,
                    "duration": 20,
                    "date": "2025-05-04T22:16:44.001",
                    "used": 261302886,
                    "losses": 0,
                    "requests": 4,
                    "handler": "CTG"
                },
                {
                    "protocolSessionId": "74427f7f-fd9c-4e2b-94ac-13dfd18bd428",
                    "account": 123123104,
                    "duration": 20,
                    "date": "2025-05-05T00:26:30.001",
                    "used": 105625500,
                    "losses": 0,
                    "requests": 2,
                    "handler": "CTG"
                },
                {
                    "protocolSessionId": "4385c1fc-fe71-47d4-90f7-00a51baac460",
                    "account": 123123104,
                    "duration": 20,
                    "date": "2025-05-05T03:41:01.001",
                    "used": 1235,
                    "losses": 0,
                    "requests": 2,
                    "handler": "CTG"
                },
                {
                    "protocolSessionId": "7d5258a1-02ee-4b83-b841-d03bc1c2c961",
                    "account": 123123104,
                    "duration": 20,
                    "date": "2025-05-05T03:51:21.001",
                    "used": 56688,
                    "losses": 0,
                    "requests": 2,
                    "handler": "CTG"
                },
                {
                    "protocolSessionId": "4ecf0c92-a2b9-4c97-a7cf-af390a45b37a",
                    "account": 123123104,
                    "duration": 20,
                    "date": "2025-05-05T05:04:10.001",
                    "used": 850165,
                    "losses": 0,
                    "requests": 2,
                    "handler": "CTG"
                },
                {
                    "protocolSessionId": "31e31537-39bc-4ef4-952a-8e28630c37d4",
                    "account": 123123104,
                    "duration": 20,
                    "date": "2025-05-05T05:23:18.001",
                    "used": 2306617,
                    "losses": 0,
                    "requests": 2,
                    "handler": "CTG"
                },
                {
                    "protocolSessionId": "9be7e2c1-576e-4e81-aa71-d397ca537629",
                    "account": 123123104,
                    "duration": 20,
                    "date": "2025-05-05T12:01:53.001",
                    "used": 46729527,
                    "losses": 0,
                    "requests": 3,
                    "handler": "CTG"
                },
                {
                    "protocolSessionId": "20f5cd1c-a81f-45a5-aae9-8fae1763f11b",
                    "account": 123123104,
                    "duration": 20,
                    "date": "2025-05-05T14:33:40.001",
                    "used": 9060,
                    "losses": 0,
                    "requests": 2,
                    "handler": "CTG"
                },
                {
                    "protocolSessionId": "8cba6751-7f25-4ebd-b450-715c5a9fa0b3",
                    "account": 123123104,
                    "duration": 20,
                    "date": "2025-05-05T15:01:25.001",
                    "used": 123737296,
                    "losses": 0,
                    "requests": 3,
                    "handler": "CTG"
                },
                {
                    "protocolSessionId": "5571dd00-3bd8-4476-9b10-267b9cf9ce1c",
                    "account": 123123104,
                    "duration": 20,
                    "date": "2025-05-05T16:19:47.001",
                    "used": 1084906,
                    "losses": 0,
                    "requests": 2,
                    "handler": "CTG"
                },
                {
                    "protocolSessionId": "243aa002-1b07-487a-8dc8-ef5a424d839e",
                    "account": 123123104,
                    "duration": 20,
                    "date": "2025-05-06T01:05:53.001",
                    "used": 69931253,
                    "losses": 0,
                    "requests": 3,
                    "handler": "CTG"
                }
            ]
        }
    }
}