{
    "observation": {
        "previous_period_summary": {
            "cnt_percentage": 42.86,
            "cnt_requests": 3,
            "losses_percentage": 0.0,
            "losses_volume": 0
        },
        "current_period": {
            "phase_one": [
                {
                    "protocolSessionId": "b0c037f1-ca5b-4f69-b760-0144099f3889",
                    "account": 123123104,
                    "date": "2025-04-28T10:07:10.001",
                    "duration": 140.0,
                    "used": 66360,
                    "losses": 0,
                    "requests": 3,
                    "handler": "CNT"
                },
                {
                    "protocolSessionId": "4fa4c96f-c56e-44c8-90c5-03d793a664bb",
                    "account": 123123104,
                    "date": "2025-04-28T11:29:47.001",
                    "duration": 7320.0,
                    "used": 105981085,
                    "losses": 0,
                    "requests": 6,
                    "handler": "CNT"
                }
            ],
            "phase_two": [
                {
                    "protocolSessionId": "35ef3493-4d7c-4a25-94a2-4dec1a3232a1",
                    "account": 123123104,
                    "duration": 20,
                    "date": "2025-04-28T16:33:37.001",
                    "used": 49731165,
                    "losses": 0,
                    "requests": 2,
                    "handler": "CTG"
                },
                {
                    "protocolSessionId": "cb2bac74-4ca7-4eea-9a1f-5d24bfeff74b",
                    "account": 123123104,
                    "duration": 20,
                    "date": "2025-04-28T21:34:38.001",
                    "used": 243211352,
                    "losses": 0,
                    "requests": 3,
                    "handler": "CTG"
                },
                {
                    "protocolSessionId": "b72ba04e-35cb-4b54-bdad-db35778eb78e",
                    "account": 123123104,
                    "duration": 20,
                    "date": "2025-04-28T21:54:56.001",
                    "used": 117561082,
                    "losses": 0,
                    "requests": 3,
                    "handler": "CTG"
                },
                {
                    "protocolSessionId": "db9236e5-df45-4610-adda-6a450e96e6e8",
                    "account": 123123104,
                    "duration": 20,
                    "date": "2025-04-28T22:57:26.001",
                    "used": 78071045,
                    "losses": 0,
                    "requests": 3,
                    "handler": "CTG"
                },
                {
                    "protocolSessionId": "6fc2be75-c441-4511-9b07-eaced5d94067",
                    "account": 123123104,
                    "duration": 20,
                    "date": "2025-04-29T00:48:29.001",
                    "used": 64718280,
                    "losses": 0,
                    "requests": 2,
                    "handler": "CTG"
                },
                {
                    "protocolSessionId": "52a20a4e-20e4-4627-a51d-b1bb62682bcf",
                    "account": 123123104,
                    "duration": 20,
                    "date": "2025-04-29T03:45:16.001",
                    "used": 69931253,
                    "losses": 0,
                    "requests": 3,
                    "handler": "CTG"
                }
            ]
        }
    }
}