{
    "observation": {
        "previous_period_summary": {
            "cnt_percentage": 60.0,
            "cnt_requests": 3,
            "losses_percentage": 0.0,
            "losses_volume": 0
        },
        "current_period": {
            "phase_one": [
                {
                    "protocolSessionId": "f34678e6-076b-468a-84a0-dc4668eff4ed",
                    "account": 123123104,
                    "date": "2025-03-03T04:32:52.001",
                    "duration": 6.0,
                    "used": 3234,
                    "losses": 0,
                    "requests": 3,
                    "handler": "CNT"
                },
                {
                    "protocolSessionId": "04fb374c-2959-4912-b355-c67c28ca6e7e",
                    "account": 123123104,
                    "date": "2025-03-03T04:40:59.001",
                    "duration": 30.0,
                    "used": 4841970,
                    "losses": 0,
                    "requests": 3,
                    "handler": "CNT"
                },
                {
                    "protocolSessionId": "0574b100-3736-4545-83f2-b15d7eabb966",
                    "account": 123123104,
                    "date": "2025-03-03T04:47:14.001",
                    "duration": 36.0,
                    "used": 4333356,
                    "losses": 0,
                    "requests": 3,
                    "handler": "CNT"
                },
                {
                    "protocolSessionId": "e46ba84e-746f-42fb-b538-ddf9aacffdd7",
                    "account": 123123104,
                    "date": "2025-03-03T04:50:35.001",
                    "duration": 437.0,
                    "used": 7682460,
                    "losses": 0,
                    "requests": 3,
                    "handler": "CNT"
                }
            ],
            "phase_two": [
                {
                    "protocolSessionId": "de82fdf1-691d-4c4d-867a-acdedb1ea1b5",
                    "account": 123123104,
                    "duration": 20,
                    "date": "2025-03-03T04:55:15.001",
                    "used": 535298987,
                    "losses": 0,
                    "requests": 4,
                    "handler": "CTG"
                }
            ]
        }
    }
}