{
    "observation": {
        "previous_period_summary": {
            "cnt_percentage": 75.0,
            "cnt_requests": 6,
            "losses_percentage": 0.0,
            "losses_volume": 0
        },
        "current_period": {
            "phase_one": [
                {
                    "protocolSessionId": "b0a2c0d6-5c14-4213-856f-38f9aba4246b",
                    "account": 123123104,
                    "date": "2025-03-13T12:46:29.001",
                    "duration": 118.0,
                    "used": 12744,
                    "losses": 0,
                    "requests": 3,
                    "handler": "CNT"
                },
                {
                    "protocolSessionId": "34ebdf4d-8408-4099-8c9a-69e722c518ad",
                    "account": 123123104,
                    "date": "2025-03-13T12:52:21.001",
                    "duration": 430.0,
                    "used": 50956720,
                    "losses": 0,
                    "requests": 3,
                    "handler": "CNT"
                },
                {
                    "protocolSessionId": "752dacbf-00f1-4781-a5cb-defddad82820",
                    "account": 123123104,
                    "date": "2025-03-13T14:59:54.001",
                    "duration": 19961302.225,
                    "used": 198356066,
                    "losses": 0,
                    "requests": 10,
                    "handler": "CNT"
                },
                {
                    "protocolSessionId": "d21ea751-5fc0-412f-82cf-ec7aaef93c6d",
                    "account": 123123104,
                    "date": "2025-03-13T16:15:16.001",
                    "duration": 3026.0,
                    "used": 104929048,
                    "losses": 0,
                    "requests": 6,
                    "handler": "CNT"
                },
                {
                    "protocolSessionId": "e2806d9c-346c-4199-ad11-74ae57b3d4b7",
                    "account": 123123104,
                    "date": "2025-03-13T21:10:21.001",
                    "duration": 287.0,
                    "used": 6167630,
                    "losses": 0,
                    "requests": 3,
                    "handler": "CNT"
                },
                {
                    "protocolSessionId": "67d8449a-4710-4c0b-8fe2-a8aef35c90d6",
                    "account": 123123104,
                    "date": "2025-03-13T23:00:00.001",
                    "duration": 3235.0,
                    "used": 89301267,
                    "losses": 12359595,
                    "requests": 6,
                    "handler": "CNT"
                },
                {
                    "protocolSessionId": "6c00f300-2d7b-472f-ac33-0e57a11be195",
                    "account": 123123104,
                    "date": "2025-03-13T23:53:59.001",
                    "duration": 946.0,
                    "used": 104857600,
                    "losses": 0,
                    "requests": 6,
                    "handler": "CNT"
                },
                {
                    "protocolSessionId": "62cc19a6-b785-4c7e-9ce8-709c877a8403",
                    "account": 123123104,
                    "date": "2025-03-14T00:59:58.001",
                    "duration": 9.0,
                    "used": 5820444,
                    "losses": 0,
                    "requests": 3,
                    "handler": "CNT"
                },
                {
                    "protocolSessionId": "a78a8659-3f4d-4757-b64b-ca74bbf71f00",
                    "account": 123123104,
                    "date": "2025-03-14T01:00:08.001",
                    "duration": 24.0,
                    "used": 2496,
                    "losses": 0,
                    "requests": 3,
                    "handler": "CNT"
                },
                {
                    "protocolSessionId": "c9c8b55e-8eaf-4dde-98e3-c1583db25c8c",
                    "account": 123123104,
                    "date": "2025-03-14T12:33:01.001",
                    "duration": 11083.0,
                    "used": 113567074,
                    "losses": 0,
                    "requests": 6,
                    "handler": "CNT"
                },
                {
                    "protocolSessionId": "16d73ea5-5cdd-44f4-a96b-209b81cbf1bf",
                    "account": 123123104,
                    "date": "2025-03-14T17:16:30.001",
                    "duration": 2316.0,
                    "used": 1014408,
                    "losses": 0,
                    "requests": 3,
                    "handler": "CNT"
                },
                {
                    "protocolSessionId": "941bb0ba-3020-4fae-9155-c25cca15a048",
                    "account": 123123104,
                    "date": "2025-03-14T17:55:09.001",
                    "duration": 55326.0,
                    "used": 16155192,
                    "losses": 0,
                    "requests": 3,
                    "handler": "CNT"
                }
            ],
            "phase_two": [
                {
                    "protocolSessionId": "018bb17f-9039-4c7a-af97-2be9224c69ae",
                    "account": 123123104,
                    "duration": 20,
                    "date": "2025-03-14T23:55:01.001",
                    "used": 172937194,
                    "losses": 0,
                    "requests": 3,
                    "handler": "CTG"
                }
            ]
        }
    }
}