{
    "observation": {
        "previous_period_summary": {
            "cnt_percentage": 91.67,
            "cnt_requests": 22,
            "losses_percentage": 0.0,
            "losses_volume": 0
        },
        "current_period": {
            "phase_one": [
                {
                    "protocolSessionId": "1118ee95-fa48-41cc-99b8-c57ef2268129",
                    "account": 123123104,
                    "date": "2025-03-28T22:42:09.001",
                    "duration": 94.0,
                    "used": 9494,
                    "losses": 0,
                    "requests": 3,
                    "handler": "CNT"
                },
                {
                    "protocolSessionId": "7568cebf-3d03-4c91-b86f-174f906324e2",
                    "account": 123123104,
                    "date": "2025-03-28T22:44:39.001",
                    "duration": 392.0,
                    "used": 83383226,
                    "losses": 218127,
                    "requests": 6,
                    "handler": "CNT"
                },
                {
                    "protocolSessionId": "be4274bc-8e7e-4cdd-9b72-324dd0d26e01",
                    "account": 123123104,
                    "date": "2025-03-28T22:51:13.001",
                    "duration": 1.0,
                    "used": 4223,
                    "losses": 0,
                    "requests": 3,
                    "handler": "CNT"
                },
                {
                    "protocolSessionId": "2049781e-d8b0-4ab7-8f7b-5e8279f8ef0e",
                    "account": 123123104,
                    "date": "2025-03-28T23:33:54.001",
                    "duration": 782.0,
                    "used": 105590150,
                    "losses": 0,
                    "requests": 6,
                    "handler": "CNT"
                },
                {
                    "protocolSessionId": "e905f902-a681-4b82-abb4-359899d47b66",
                    "account": 123123104,
                    "date": "2025-03-29T01:23:33.001",
                    "duration": 36.0,
                    "used": 22726584,
                    "losses": 0,
                    "requests": 3,
                    "handler": "CNT"
                },
                {
                    "protocolSessionId": "f375fbf4-24f7-42de-b8a7-faa3671911ad",
                    "account": 123123104,
                    "date": "2025-03-29T02:14:49.001",
                    "duration": 8003.0,
                    "used": 142183392,
                    "losses": 0,
                    "requests": 6,
                    "handler": "CNT"
                },
                {
                    "protocolSessionId": "04a523f8-6f03-44f4-9396-63fe7ac0704f",
                    "account": 123123104,
                    "date": "2025-03-29T04:28:45.001",
                    "duration": 1.0,
                    "used": 4030,
                    "losses": 0,
                    "requests": 3,
                    "handler": "CNT"
                }
            ],
            "phase_two": [
                {
                    "protocolSessionId": "210fe49e-e5bd-4812-9357-3bd2c57ff92a",
                    "account": 123123104,
                    "duration": 20,
                    "date": "2025-03-29T04:40:53.001",
                    "used": 208611210,
                    "losses": 0,
                    "requests": 3,
                    "handler": "CTG"
                },
                {
                    "protocolSessionId": "afd25201-ef1e-4010-a653-a156e70fd6ed",
                    "account": 123123104,
                    "duration": 20,
                    "date": "2025-03-29T05:51:38.001",
                    "used": 104228146,
                    "losses": 0,
                    "requests": 3,
                    "handler": "CTG"
                },
                {
                    "protocolSessionId": "09baa79c-e8fa-4c7b-a0a6-2009d95ac7e7",
                    "account": 123123104,
                    "duration": 20,
                    "date": "2025-03-29T06:01:08.001",
                    "used": 747282,
                    "losses": 0,
                    "requests": 2,
                    "handler": "CTG"
                },
                {
                    "protocolSessionId": "1e5a3318-eee3-42c2-99ff-101ca1193440",
                    "account": 123123104,
                    "duration": 20,
                    "date": "2025-03-29T09:28:33.001",
                    "used": 231334165,
                    "losses": 0,
                    "requests": 3,
                    "handler": "CTG"
                },
                {
                    "protocolSessionId": "f97eda9d-2c95-429d-8891-4ff94267ca68",
                    "account": 123123104,
                    "duration": 20,
                    "date": "2025-03-29T12:51:30.001",
                    "used": 9960,
                    "losses": 0,
                    "requests": 2,
                    "handler": "CTG"
                }
            ]
        }
    }
}