{
    "observation": {
        "previous_period_summary": {
            "cnt_percentage": 75.0,
            "cnt_requests": 12,
            "losses_percentage": 0.0,
            "losses_volume": 0
        },
        "current_period": {
            "phase_one": [
                {
                    "protocolSessionId": "4a0f860a-c0b5-4034-80f5-23100db921ce",
                    "account": 123123104,
                    "date": "2025-03-03T06:06:25.001",
                    "duration": 23.0,
                    "used": 7039311,
                    "losses": 0,
                    "requests": 3,
                    "handler": "CNT"
                },
                {
                    "protocolSessionId": "302f8342-1fa7-4dec-a2a3-04a8a8990a9b",
                    "account": 123123104,
                    "date": "2025-03-03T07:33:20.001",
                    "duration": 564.0,
                    "used": 18131472,
                    "losses": 0,
                    "requests": 3,
                    "handler": "CNT"
                },
                {
                    "protocolSessionId": "90c23b46-3cdd-4797-9327-5ee4e91e89f9",
                    "account": 123123104,
                    "date": "2025-03-03T08:25:41.001",
                    "duration": 271807.0,
                    "used": 314770282,
                    "losses": 0,
                    "requests": 15,
                    "handler": "CNT"
                },
                {
                    "protocolSessionId": "ccc1f494-0617-42d0-8620-0802bfa33b5c",
                    "account": 123123104,
                    "date": "2025-03-03T09:01:44.001",
                    "duration": 154263.0,
                    "used": 536432035,
                    "losses": 0,
                    "requests": 28,
                    "handler": "CNT"
                },
                {
                    "protocolSessionId": "5d6694e8-4dc6-47b9-a443-e3c33b54918b",
                    "account": 123123104,
                    "date": "2025-03-04T06:17:28.001",
                    "duration": 114514.0,
                    "used": 139120480,
                    "losses": 0,
                    "requests": 6,
                    "handler": "CNT"
                },
                {
                    "protocolSessionId": "13fbb0e8-2fbc-4e30-ba69-d56999f34b49",
                    "account": 123123104,
                    "date": "2025-03-05T11:02:50.001",
                    "duration": 12250.0,
                    "used": 5169500,
                    "losses": 0,
                    "requests": 3,
                    "handler": "CNT"
                },
                {
                    "protocolSessionId": "c5a5b4af-2f76-4f79-9ae2-ad81477c14b6",
                    "account": 123123104,
                    "date": "2025-03-05T14:06:09.001",
                    "duration": 32511.0,
                    "used": 13654620,
                    "losses": 0,
                    "requests": 3,
                    "handler": "CNT"
                },
                {
                    "protocolSessionId": "8b75602f-7693-4464-9392-774581320850",
                    "account": 123123104,
                    "date": "2025-03-05T22:48:01.001",
                    "duration": 7109.0,
                    "used": 490521,
                    "losses": 0,
                    "requests": 3,
                    "handler": "CNT"
                },
                {
                    "protocolSessionId": "55862d3a-1e04-43a4-b0ab-ec1159ab4286",
                    "account": 123123104,
                    "date": "2025-03-05T23:08:01.001",
                    "duration": 11678.0,
                    "used": 128458,
                    "losses": 0,
                    "requests": 3,
                    "handler": "CNT"
                },
                {
                    "protocolSessionId": "4677d998-2358-42e1-ad47-91d9dd354fe5",
                    "account": 123123104,
                    "date": "2025-03-06T00:46:31.001",
                    "duration": 170.0,
                    "used": 1243040,
                    "losses": 0,
                    "requests": 3,
                    "handler": "CNT"
                },
                {
                    "protocolSessionId": "eb1fbc7f-7401-4a1b-a162-e23c53ea8475",
                    "account": 123123104,
                    "date": "2025-03-06T00:57:00.001",
                    "duration": 11709.0,
                    "used": 210720623,
                    "losses": 0,
                    "requests": 10,
                    "handler": "CNT"
                },
                {
                    "protocolSessionId": "bc4bb87b-1d96-4748-9d65-dfaa4db4d19a",
                    "account": 123123104,
                    "date": "2025-03-06T02:22:40.001",
                    "duration": 11.0,
                    "used": 1155,
                    "losses": 0,
                    "requests": 3,
                    "handler": "CNT"
                },
                {
                    "protocolSessionId": "7192cb1c-ed90-498a-8fe2-8d863b33abce",
                    "account": 123123104,
                    "date": "2025-03-06T02:22:52.001",
                    "duration": 1.0,
                    "used": 4506,
                    "losses": 0,
                    "requests": 3,
                    "handler": "CNT"
                },
                {
                    "protocolSessionId": "d4b3a4d5-5328-476d-bc29-b1fb11b21049",
                    "account": 123123104,
                    "date": "2025-03-06T05:40:35.001",
                    "duration": 80612.0,
                    "used": 80612,
                    "losses": 0,
                    "requests": 3,
                    "handler": "CNT"
                },
                {
                    "protocolSessionId": "6ca75d22-a435-4a1f-8726-05c03c6514f7",
                    "account": 123123104,
                    "date": "2025-03-06T08:56:57.001",
                    "duration": 51923.0,
                    "used": 14590363,
                    "losses": 0,
                    "requests": 3,
                    "handler": "CNT"
                },
                {
                    "protocolSessionId": "28220d98-9f16-41db-9820-8b1028bd7b2a",
                    "account": 123123104,
                    "date": "2025-03-06T14:05:07.001",
                    "duration": 110655.0,
                    "used": 74581470,
                    "losses": 0,
                    "requests": 3,
                    "handler": "CNT"
                },
                {
                    "protocolSessionId": "b8a76b84-5f32-4b24-8299-3e9a4aff8b9c",
                    "account": 123123104,
                    "date": "2025-03-06T23:22:22.001",
                    "duration": 7941.0,
                    "used": 138649975,
                    "losses": 0,
                    "requests": 6,
                    "handler": "CNT"
                },
                {
                    "protocolSessionId": "a117e853-5102-4f1c-b6ca-896b5702ab4e",
                    "account": 123123104,
                    "date": "2025-03-07T01:46:04.001",
                    "duration": 2816.0,
                    "used": 5632,
                    "losses": 0,
                    "requests": 3,
                    "handler": "CNT"
                },
                {
                    "protocolSessionId": "77764eaa-4c6f-4add-b03e-8e66230d5d94",
                    "account": 123123104,
                    "date": "2025-03-07T06:16:32.001",
                    "duration": 14634.0,
                    "used": 146340,
                    "losses": 0,
                    "requests": 3,
                    "handler": "CNT"
                },
                {
                    "protocolSessionId": "889e0265-9a21-4c58-af78-e9ead48861cb",
                    "account": 123123104,
                    "date": "2025-03-07T08:00:10.001",
                    "duration": 981.0,
                    "used": 42100596,
                    "losses": 0,
                    "requests": 3,
                    "handler": "CNT"
                },
                {
                    "protocolSessionId": "543c7eae-72e7-4343-b333-55659bc24464",
                    "account": 123123104,
                    "date": "2025-03-07T10:20:27.001",
                    "duration": 296725.0,
                    "used": 126139186,
                    "losses": 0,
                    "requests": 6,
                    "handler": "CNT"
                },
                {
                    "protocolSessionId": "f7076ee4-5d13-4224-856e-205156839cee",
                    "account": 123123104,
                    "date": "2025-03-07T20:59:55.001",
                    "duration": 132.0,
                    "used": 528,
                    "losses": 0,
                    "requests": 3,
                    "handler": "CNT"
                },
                {
                    "protocolSessionId": "63123eb1-92cc-4180-afea-23862f482734",
                    "account": 123123104,
                    "date": "2025-03-08T12:25:41.001",
                    "duration": 5.0,
                    "used": 643465,
                    "losses": 0,
                    "requests": 3,
                    "handler": "CNT"
                },
                {
                    "protocolSessionId": "cd06ca3a-8fb4-42d5-8c35-ff0bf30073de",
                    "account": 123123104,
                    "date": "2025-03-08T12:27:51.001",
                    "duration": 1148.0,
                    "used": 1903384,
                    "losses": 1903383,
                    "requests": 3,
                    "handler": "CNT"
                }
            ],
            "phase_two": [
                {
                    "protocolSessionId": "966d6a3a-efe1-48ed-a1c0-2f40e1e39644",
                    "account": 123123104,
                    "duration": 20,
                    "date": "2025-03-08T12:47:00.001",
                    "used": 0,
                    "losses": 0,
                    "requests": 1,
                    "handler": "CTG"
                }
            ]
        }
    }
}