{
    "observation": {
        "previous_period_summary": {
            "cnt_percentage": 75.68,
            "cnt_requests": 28,
            "losses_percentage": 0.0,
            "losses_volume": 0
        },
        "current_period": {
            "phase_one": [
                {
                    "protocolSessionId": "5a8987e3-ab45-4a8d-a444-76e560c05151",
                    "account": 123123104,
                    "date": "2025-04-03T16:00:35.001",
                    "duration": 31497.0,
                    "used": 104857600,
                    "losses": 0,
                    "requests": 6,
                    "handler": "CNT"
                }
            ],
            "phase_two": [
                {
                    "protocolSessionId": "a6626e23-5f30-4f37-9634-3365b866ad4d",
                    "account": 123123104,
                    "duration": 20,
                    "date": "2025-04-03T18:09:52.001",
                    "used": 84944588,
                    "losses": 0,
                    "requests": 2,
                    "handler": "CTG"
                },
                {
                    "protocolSessionId": "7f11d560-9be2-4992-b398-50067d1bf663",
                    "account": 123123104,
                    "duration": 20,
                    "date": "2025-04-03T18:15:53.001",
                    "used": 38579935,
                    "losses": 0,
                    "requests": 2,
                    "handler": "CTG"
                },
                {
                    "protocolSessionId": "2e164d1a-0763-4da6-bfda-e862ed6c7d1c",
                    "account": 123123104,
                    "duration": 20,
                    "date": "2025-04-03T22:33:02.001",
                    "used": 0,
                    "losses": 0,
                    "requests": 1,
                    "handler": "CTG"
                },
                {
                    "protocolSessionId": "b833b31d-a429-4266-9b5c-bcb57e2a1354",
                    "account": 123123104,
                    "duration": 20,
                    "date": "2025-04-04T00:59:54.001",
                    "used": 74104547,
                    "losses": 0,
                    "requests": 2,
                    "handler": "CTG"
                },
                {
                    "protocolSessionId": "73527c5b-841d-453e-b012-050c67a9b769",
                    "account": 123123104,
                    "duration": 20,
                    "date": "2025-04-04T05:51:13.001",
                    "used": 337317293,
                    "losses": 0,
                    "requests": 3,
                    "handler": "CTG"
                },
                {
                    "protocolSessionId": "72e4fd11-4ede-4046-8ca5-ac9dabd16aea",
                    "account": 123123104,
                    "duration": 20,
                    "date": "2025-04-04T05:51:20.001",
                    "used": 8008,
                    "losses": 0,
                    "requests": 2,
                    "handler": "CTG"
                },
                {
                    "protocolSessionId": "e189969f-c23a-4bac-ba40-b85f8c00e3c3",
                    "account": 123123104,
                    "duration": 20,
                    "date": "2025-04-04T09:15:15.001",
                    "used": 996984,
                    "losses": 0,
                    "requests": 2,
                    "handler": "CTG"
                },
                {
                    "protocolSessionId": "dc60ae7d-8652-46a8-9bc6-1b6a7a44c11c",
                    "account": 123123104,
                    "duration": 20,
                    "date": "2025-04-04T12:20:58.001",
                    "used": 11340,
                    "losses": 0,
                    "requests": 2,
                    "handler": "CTG"
                },
                {
                    "protocolSessionId": "01410d33-5193-4508-aead-4835f5bac019",
                    "account": 123123104,
                    "duration": 20,
                    "date": "2025-04-04T12:52:00.001",
                    "used": 4205,
                    "losses": 0,
                    "requests": 2,
                    "handler": "CTG"
                },
                {
                    "protocolSessionId": "0ca23292-9638-4940-b1e6-61fd601fa0ad",
                    "account": 123123104,
                    "duration": 20,
                    "date": "2025-04-04T12:52:25.001",
                    "used": 444456,
                    "losses": 0,
                    "requests": 2,
                    "handler": "CTG"
                },
                {
                    "protocolSessionId": "7cf08ab9-c6e6-4664-b253-a16dcb258c05",
                    "account": 123123104,
                    "duration": 20,
                    "date": "2025-04-04T18:21:08.001",
                    "used": 727576461,
                    "losses": 0,
                    "requests": 4,
                    "handler": "CTG"
                },
                {
                    "protocolSessionId": "f710bf3d-5584-41ca-afe6-e77f7f5d9094",
                    "account": 123123104,
                    "duration": 20,
                    "date": "2025-04-05T02:40:41.001",
                    "used": 399181840,
                    "losses": 0,
                    "requests": 4,
                    "handler": "CTG"
                },
                {
                    "protocolSessionId": "c195f812-aca9-42db-9252-ac52dc88a30a",
                    "account": 123123104,
                    "duration": 20,
                    "date": "2025-04-05T02:52:52.001",
                    "used": 371072,
                    "losses": 0,
                    "requests": 2,
                    "handler": "CTG"
                }
            ]
        }
    }
}