{
    "observation": {
        "previous_period_summary": {
            "cnt_percentage": 42.86,
            "cnt_requests": 3,
            "losses_percentage": 0.0,
            "losses_volume": 0
        },
        "current_period": {
            "phase_one": [
                {
                    "protocolSessionId": "8d385cc3-9c29-4368-b9ff-ca40560f117c",
                    "account": 123123104,
                    "date": "2025-05-25T06:47:12.001",
                    "duration": 22.0,
                    "used": 83424792,
                    "losses": 0,
                    "requests": 3,
                    "handler": "CNT"
                }
            ],
            "phase_two": [
                {
                    "protocolSessionId": "1d383c71-4e1b-4c88-b705-d09ea798d8d5",
                    "account": 123123104,
                    "duration": 20,
                    "date": "2025-05-25T10:57:07.001",
                    "used": 806265556,
                    "losses": 0,
                    "requests": 3,
                    "handler": "CTG"
                }
            ]
        }
    }
}