{
    "observation": {
        "previous_period_summary": {
            "cnt_percentage": 56.76,
            "cnt_requests": 21,
            "losses_percentage": 0.0,
            "losses_volume": 0
        },
        "current_period": {
            "phase_one": [
                {
                    "protocolSessionId": "215c7289-40aa-49cb-a026-ac4e213fd85d",
                    "account": 123123104,
                    "date": "2025-03-24T18:30:17.001",
                    "duration": 357914.0,
                    "used": 558351428,
                    "losses": 0,
                    "requests": 28,
                    "handler": "CNT"
                }
            ],
            "phase_two": [
                {
                    "protocolSessionId": "3c95e8b4-7d64-44c1-8b7d-6bdd98ce11f7",
                    "account": 123123104,
                    "duration": 20,
                    "date": "2025-03-24T21:38:34.001",
                    "used": 178525631,
                    "losses": 0,
                    "requests": 3,
                    "handler": "CTG"
                },
                {
                    "protocolSessionId": "13fc8cfb-fb68-4c9f-b148-60795fad8c69",
                    "account": 123123104,
                    "duration": 20,
                    "date": "2025-03-24T21:38:43.001",
                    "used": 0,
                    "losses": 0,
                    "requests": 1,
                    "handler": "CTG"
                },
                {
                    "protocolSessionId": "fbe7fed2-2d89-47c9-8c15-0dff6af60371",
                    "account": 123123104,
                    "duration": 20,
                    "date": "2025-03-25T03:25:25.001",
                    "used": 551562,
                    "losses": 0,
                    "requests": 2,
                    "handler": "CTG"
                },
                {
                    "protocolSessionId": "ee539d72-b8ca-4825-aa64-ea0e716235ee",
                    "account": 123123104,
                    "duration": 20,
                    "date": "2025-03-25T04:38:49.001",
                    "used": 26057856,
                    "losses": 0,
                    "requests": 2,
                    "handler": "CTG"
                }
            ]
        }
    }
}