{
    "observation": {
        "previous_period_summary": {
            "cnt_percentage": 55.56,
            "cnt_requests": 15,
            "losses_percentage": 0.0,
            "losses_volume": 0
        },
        "current_period": {
            "phase_one": [
                {
                    "protocolSessionId": "18316931-56b3-4f05-b3ed-3a63c53f4b2f",
                    "account": 123123104,
                    "date": "2025-05-06T16:59:14.001",
                    "duration": 716.0,
                    "used": 6278604,
                    "losses": 0,
                    "requests": 3,
                    "handler": "CNT"
                },
                {
                    "protocolSessionId": "8e67aef0-15bc-402c-bb4e-658becd40a7b",
                    "account": 123123104,
                    "date": "2025-05-06T17:11:11.001",
                    "duration": 7517.0,
                    "used": 181616035,
                    "losses": 0,
                    "requests": 6,
                    "handler": "CNT"
                }
            ],
            "phase_two": [
                {
                    "protocolSessionId": "2385bd9a-3386-4bd7-ab3a-545cde3458a6",
                    "account": 123123104,
                    "duration": 20,
                    "date": "2025-05-06T17:49:41.001",
                    "used": 225624415,
                    "losses": 0,
                    "requests": 4,
                    "handler": "CTG"
                },
                {
                    "protocolSessionId": "c987d190-469c-44bd-b5e0-a2f3c430ce9a",
                    "account": 123123104,
                    "duration": 20,
                    "date": "2025-05-06T22:28:15.001",
                    "used": 132884855,
                    "losses": 0,
                    "requests": 4,
                    "handler": "CTG"
                },
                {
                    "protocolSessionId": "a09c1d8b-3561-4b21-b72e-2e34c1868214",
                    "account": 123123104,
                    "duration": 20,
                    "date": "2025-05-06T22:28:22.001",
                    "used": 214080,
                    "losses": 0,
                    "requests": 2,
                    "handler": "CTG"
                }
            ]
        }
    }
}