{
    "observation": {
        "previous_period_summary": {
            "cnt_percentage": 42.86,
            "cnt_requests": 3,
            "losses_percentage": 0.0,
            "losses_volume": 0
        },
        "current_period": {
            "phase_one": [
                {
                    "protocolSessionId": "fa8a07f4-58e8-40c3-9eb4-886062846dab",
                    "account": 123123104,
                    "date": "2025-03-29T13:17:58.001",
                    "duration": 10674.0,
                    "used": 1750536,
                    "losses": 0,
                    "requests": 3,
                    "handler": "CNT"
                }
            ],
            "phase_two": [
                {
                    "protocolSessionId": "ff2b7075-4417-4462-af5a-aa50fdbd14c2",
                    "account": 123123104,
                    "duration": 20,
                    "date": "2025-03-29T15:03:20.001",
                    "used": 1321668,
                    "losses": 0,
                    "requests": 2,
                    "handler": "CTG"
                },
                {
                    "protocolSessionId": "dea46a16-8771-4cdc-a314-ce86267e6c00",
                    "account": 123123104,
                    "duration": 20,
                    "date": "2025-03-29T15:40:56.001",
                    "used": 0,
                    "losses": 0,
                    "requests": 1,
                    "handler": "CTG"
                }
            ]
        }
    }
}