{
    "observation": {
        "previous_period_summary": {
            "cnt_percentage": 81.82,
            "cnt_requests": 9,
            "losses_percentage": 0.0,
            "losses_volume": 0
        },
        "current_period": {
            "phase_one": [
                {
                    "protocolSessionId": "1dc4d7ac-e510-44a8-b854-6baca896cb39",
                    "account": 123123104,
                    "date": "2025-05-26T06:59:30.001",
                    "duration": 9582.0,
                    "used": 215623718,
                    "losses": 0,
                    "requests": 10,
                    "handler": "CNT"
                }
            ],
            "phase_two": [
                {
                    "protocolSessionId": "ac996a56-5c75-4e0f-85ad-fb8f8a8d17d3",
                    "account": 123123104,
                    "duration": 20,
                    "date": "2025-05-26T07:55:54.001",
                    "used": 187908537,
                    "losses": 0,
                    "requests": 3,
                    "handler": "CTG"
                }
            ]
        }
    }
}