{
    "observation": {
        "previous_period_summary": {
            "cnt_percentage": 93.06,
            "cnt_requests": 67,
            "losses_percentage": 10.3405,
            "losses_volume": 104857600
        },
        "current_period": {
            "phase_one": [
                {
                    "protocolSessionId": "02c627c8-e89f-41b7-b25e-15c90de41b25",
                    "account": 123123104,
                    "date": "2025-03-31T17:29:54.001",
                    "duration": 458.0,
                    "used": 104857600,
                    "losses": 0,
                    "requests": 6,
                    "handler": "CNT"
                }
            ],
            "phase_two": [
                {
                    "protocolSessionId": "7ae78d10-d153-4e93-9405-3e2a9bfa1e3d",
                    "account": 123123104,
                    "duration": 20,
                    "date": "2025-04-01T03:26:06.001",
                    "used": 10646120,
                    "losses": 0,
                    "requests": 2,
                    "handler": "CTG"
                },
                {
                    "protocolSessionId": "731db68e-28da-4fb9-8b00-80a4141d99e9",
                    "account": 123123104,
                    "duration": 20,
                    "date": "2025-04-01T03:55:50.001",
                    "used": 70918118,
                    "losses": 0,
                    "requests": 3,
                    "handler": "CTG"
                },
                {
                    "protocolSessionId": "904f917b-f752-4e0f-8104-2d4efd08f942",
                    "account": 123123104,
                    "duration": 20,
                    "date": "2025-04-01T06:20:31.001",
                    "used": 130672413,
                    "losses": 0,
                    "requests": 3,
                    "handler": "CTG"
                },
                {
                    "protocolSessionId": "d4a2474b-dbd8-4fea-a1b2-ccaba135f705",
                    "account": 123123104,
                    "duration": 20,
                    "date": "2025-04-01T07:03:08.001",
                    "used": 80365839,
                    "losses": 0,
                    "requests": 2,
                    "handler": "CTG"
                }
            ]
        }
    }
}