{
    "observation": {
        "previous_period_summary": {
            "cnt_percentage": 77.78,
            "cnt_requests": 28,
            "losses_percentage": 0.0,
            "losses_volume": 0
        },
        "current_period": {
            "phase_one": [
                {
                    "protocolSessionId": "d5b25748-eeb2-4c97-9e00-d6461589fca7",
                    "account": 123123104,
                    "date": "2025-03-25T09:22:54.001",
                    "duration": 542.0,
                    "used": 120072352,
                    "losses": 0,
                    "requests": 6,
                    "handler": "CNT"
                },
                {
                    "protocolSessionId": "0b2d01ed-0f7e-4096-80cd-30d4c02b7fa8",
                    "account": 123123104,
                    "date": "2025-03-25T11:45:48.001",
                    "duration": 18640.0,
                    "used": 104965618,
                    "losses": 0,
                    "requests": 6,
                    "handler": "CNT"
                },
                {
                    "protocolSessionId": "374fb953-ef0d-4560-9514-b271b97ab05b",
                    "account": 123123104,
                    "date": "2025-03-25T20:25:32.001",
                    "duration": 2670.0,
                    "used": 98624460,
                    "losses": 0,
                    "requests": 3,
                    "handler": "CNT"
                }
            ],
            "phase_two": [
                {
                    "protocolSessionId": "f8cef4da-f25c-4cf8-a2f6-ad829c1f9ebf",
                    "account": 123123104,
                    "duration": 20,
                    "date": "2025-03-25T21:11:40.001",
                    "used": 13871136,
                    "losses": 0,
                    "requests": 2,
                    "handler": "CTG"
                }
            ]
        }
    }
}