{
    "observation": {
        "previous_period_summary": {
            "cnt_percentage": 13.04,
            "cnt_requests": 3,
            "losses_percentage": 0.0,
            "losses_volume": 0
        },
        "current_period": {
            "phase_one": [
                {
                    "protocolSessionId": "e4d3f00f-eb99-41dd-ba5d-0cf31727fc75",
                    "account": 123123104,
                    "date": "2025-03-20T22:01:23.001",
                    "duration": 6272.0,
                    "used": 2377088,
                    "losses": 0,
                    "requests": 3,
                    "handler": "CNT"
                },
                {
                    "protocolSessionId": "41af69aa-84c4-413e-83ab-3d44966b56f6",
                    "account": 123123104,
                    "date": "2025-03-20T22:52:21.001",
                    "duration": 19497.0,
                    "used": 104915791,
                    "losses": 0,
                    "requests": 6,
                    "handler": "CNT"
                }
            ],
            "phase_two": [
                {
                    "protocolSessionId": "eb1325e2-4cce-4a84-a590-b33ec7d3a3c6",
                    "account": 123123104,
                    "duration": 20,
                    "date": "2025-03-21T01:07:25.001",
                    "used": 1470686,
                    "losses": 0,
                    "requests": 2,
                    "handler": "CTG"
                },
                {
                    "protocolSessionId": "b1c8800b-003a-4ab5-b16f-7d551b489be1",
                    "account": 123123104,
                    "duration": 20,
                    "date": "2025-03-21T14:12:48.001",
                    "used": 105420,
                    "losses": 0,
                    "requests": 2,
                    "handler": "CTG"
                }
            ]
        }
    }
}