{
    "observation": {
        "previous_period_summary": {
            "cnt_percentage": 60.0,
            "cnt_requests": 6,
            "losses_percentage": 0.0,
            "losses_volume": 0
        },
        "current_period": {
            "phase_one": [
                {
                    "protocolSessionId": "22720788-abc9-4253-8a5f-d0fe8327ae8f",
                    "account": 123123104,
                    "date": "2025-03-15T21:57:39.001",
                    "duration": 14401.0,
                    "used": 17670027,
                    "losses": 0,
                    "requests": 3,
                    "handler": "CNT"
                },
                {
                    "protocolSessionId": "df171ed7-2945-4fea-b0cb-caad6bbe1f6c",
                    "account": 123123104,
                    "date": "2025-03-16T01:57:41.001",
                    "duration": 142294.0,
                    "used": 117351136,
                    "losses": 0,
                    "requests": 6,
                    "handler": "CNT"
                }
            ],
            "phase_two": [
                {
                    "protocolSessionId": "32d847db-c15b-4a33-a004-7e91d1e46247",
                    "account": 123123104,
                    "duration": 20,
                    "date": "2025-03-16T14:10:23.001",
                    "used": 1302653188,
                    "losses": 579643844,
                    "requests": 7,
                    "handler": "CTG"
                }
            ]
        }
    }
}