{
    "observation": {
        "previous_period_summary": {
            "cnt_percentage": 25.0,
            "cnt_requests": 3,
            "losses_percentage": 0.0,
            "losses_volume": 0
        },
        "current_period": {
            "phase_one": [
                {
                    "protocolSessionId": "b557bd68-a781-41d8-ac13-e301a90bd736",
                    "account": 123123105,
                    "date": "2025-05-09T09:01:11.001",
                    "duration": 153.0,
                    "used": 0,
                    "losses": 0,
                    "requests": 3,
                    "handler": "CNT"
                }
            ],
            "phase_two": [
                {
                    "protocolSessionId": "9a6050a8-114b-4b8b-b266-6537bcab73bf",
                    "account": 123123105,
                    "duration": 20,
                    "date": "2025-05-09T10:38:06.001",
                    "used": 204685,
                    "losses": 0,
                    "requests": 2,
                    "handler": "CTG"
                }
            ]
        }
    }
}