{
    "observation": {
        "previous_period_summary": {
            "cnt_percentage": 75.0,
            "cnt_requests": 12,
            "losses_percentage": 0.0,
            "losses_volume": 0
        },
        "current_period": {
            "phase_one": [
                {
                    "protocolSessionId": "4986d206-2ea4-4321-8ed0-43e09c9294c4",
                    "account": 123123105,
                    "date": "2025-04-30T16:47:11.001",
                    "duration": 5299.0,
                    "used": 53938521,
                    "losses": 0,
                    "requests": 3,
                    "handler": "CNT"
                }
            ],
            "phase_two": [
                {
                    "protocolSessionId": "7220224d-83c2-4de5-961d-c49df3d8ddf1",
                    "account": 123123105,
                    "duration": 20,
                    "date": "2025-04-30T18:17:48.001",
                    "used": 61264958,
                    "losses": 0,
                    "requests": 3,
                    "handler": "CTG"
                }
            ]
        }
    }
}