{
    "observation": {
        "previous_period_summary": {
            "cnt_percentage": 40.0,
            "cnt_requests": 6,
            "losses_percentage": 0.0,
            "losses_volume": 0
        },
        "current_period": {
            "phase_one": [
                {
                    "protocolSessionId": "f8b8870c-9f59-4d9f-92cf-cb0a8b53aa6c",
                    "account": 123123105,
                    "date": "2025-03-15T20:15:18.001",
                    "duration": 997.0,
                    "used": 997,
                    "losses": 0,
                    "requests": 3,
                    "handler": "CNT"
                }
            ],
            "phase_two": [
                {
                    "protocolSessionId": "4e56a28a-2ef1-4dfb-99b6-69dd03443962",
                    "account": 123123105,
                    "duration": 20,
                    "date": "2025-03-16T02:09:43.001",
                    "used": 433425,
                    "losses": 0,
                    "requests": 2,
                    "handler": "CTG"
                },
                {
                    "protocolSessionId": "795f5fb8-13a6-4a0d-9b58-f6b13d358fe5",
                    "account": 123123105,
                    "duration": 20,
                    "date": "2025-03-16T21:43:41.001",
                    "used": 124908,
                    "losses": 0,
                    "requests": 2,
                    "handler": "CTG"
                },
                {
                    "protocolSessionId": "8c1e52b1-c69d-411f-9f45-17e570d6f9cc",
                    "account": 123123105,
                    "duration": 20,
                    "date": "2025-03-16T22:25:38.001",
                    "used": 4939880,
                    "losses": 0,
                    "requests": 2,
                    "handler": "CTG"
                },
                {
                    "protocolSessionId": "4b787054-a3ac-4e60-94cd-918150d9f2d7",
                    "account": 123123105,
                    "duration": 20,
                    "date": "2025-03-17T23:43:30.001",
                    "used": 1549530617,
                    "losses": 0,
                    "requests": 9,
                    "handler": "CTG"
                },
                {
                    "protocolSessionId": "36560713-0fa0-4500-b924-500f43fb981f",
                    "account": 123123105,
                    "duration": 20,
                    "date": "2025-03-18T06:13:07.001",
                    "used": 6298,
                    "losses": 0,
                    "requests": 2,
                    "handler": "CTG"
                },
                {
                    "protocolSessionId": "262977b7-b739-4644-8200-a4a2872c33e4",
                    "account": 123123105,
                    "duration": 20,
                    "date": "2025-03-18T06:15:31.001",
                    "used": 281281,
                    "losses": 0,
                    "requests": 2,
                    "handler": "CTG"
                },
                {
                    "protocolSessionId": "b7fc7a65-b8ec-466d-91f5-b754441529c4",
                    "account": 123123105,
                    "duration": 20,
                    "date": "2025-03-18T07:44:14.001",
                    "used": 81858852,
                    "losses": 0,
                    "requests": 3,
                    "handler": "CTG"
                },
                {
                    "protocolSessionId": "a45a85cc-16c5-4be3-8f30-12a23b29d9dc",
                    "account": 123123105,
                    "duration": 20,
                    "date": "2025-03-18T15:51:53.001",
                    "used": 530749130,
                    "losses": 39598700,
                    "requests": 9,
                    "handler": "CTG"
                }
            ]
        }
    }
}