{
    "observation": {
        "previous_period_summary": {
            "cnt_percentage": 35.71,
            "cnt_requests": 10,
            "losses_percentage": 0.0,
            "losses_volume": 0
        },
        "current_period": {
            "phase_one": [
                {
                    "protocolSessionId": "91da28e8-af55-49d3-9767-c8ba7fd16d9a",
                    "account": 123123105,
                    "date": "2025-04-27T11:12:09.001",
                    "duration": 1933.0,
                    "used": 129511,
                    "losses": 0,
                    "requests": 3,
                    "handler": "CNT"
                },
                {
                    "protocolSessionId": "a22aa976-ae71-4023-a98f-0ecbbb14f903",
                    "account": 123123105,
                    "date": "2025-04-27T14:52:52.001",
                    "duration": 263794.0,
                    "used": 210139844,
                    "losses": 0,
                    "requests": 10,
                    "handler": "CNT"
                }
            ],
            "phase_two": [
                {
                    "protocolSessionId": "55666837-9b07-4b29-8ff0-76d833ee4901",
                    "account": 123123105,
                    "duration": 20,
                    "date": "2025-04-28T12:52:04.001",
                    "used": 138707136,
                    "losses": 0,
                    "requests": 5,
                    "handler": "CTG"
                },
                {
                    "protocolSessionId": "edbb5aed-640c-4340-b355-e60430204a93",
                    "account": 123123105,
                    "duration": 20,
                    "date": "2025-04-28T14:33:51.001",
                    "used": 14776520,
                    "losses": 0,
                    "requests": 2,
                    "handler": "CTG"
                },
                {
                    "protocolSessionId": "dea96346-055b-4167-b6f9-013ed571a86b",
                    "account": 123123105,
                    "duration": 20,
                    "date": "2025-04-29T05:18:16.001",
                    "used": 1252,
                    "losses": 0,
                    "requests": 2,
                    "handler": "CTG"
                },
                {
                    "protocolSessionId": "872c1ada-6f99-468f-b43a-610e202349cf",
                    "account": 123123105,
                    "duration": 20,
                    "date": "2025-04-29T05:23:15.001",
                    "used": 2175915,
                    "losses": 0,
                    "requests": 2,
                    "handler": "CTG"
                }
            ]
        }
    }
}