{
    "observation": {
        "previous_period_summary": {
            "cnt_percentage": 60.0,
            "cnt_requests": 3,
            "losses_percentage": 0.0,
            "losses_volume": 0
        },
        "current_period": {
            "phase_one": [
                {
                    "protocolSessionId": "8d5db83c-052f-4d27-acdf-58ce3eb20e1f",
                    "account": 123123105,
                    "date": "2025-04-16T10:49:58.001",
                    "duration": 77.0,
                    "used": 878570,
                    "losses": 0,
                    "requests": 3,
                    "handler": "CNT"
                }
            ],
            "phase_two": [
                {
                    "protocolSessionId": "4b1406b3-99b6-4a7e-a676-b573c9c11080",
                    "account": 123123105,
                    "duration": 20,
                    "date": "2025-04-16T12:15:56.001",
                    "used": 245023689,
                    "losses": 0,
                    "requests": 3,
                    "handler": "CTG"
                },
                {
                    "protocolSessionId": "7ffe7e13-49ec-4be4-88af-8d8b5f8e9884",
                    "account": 123123105,
                    "duration": 20,
                    "date": "2025-04-16T12:21:56.001",
                    "used": 61689,
                    "losses": 0,
                    "requests": 2,
                    "handler": "CTG"
                }
            ]
        }
    }
}