{
    "observation": {
        "previous_period_summary": {
            "cnt_percentage": 4.55,
            "cnt_requests": 3,
            "losses_percentage": 0.0,
            "losses_volume": 0
        },
        "current_period": {
            "phase_one": [
                {
                    "protocolSessionId": "a8ac81ea-db73-416b-b1d2-b1cc399a355a",
                    "account": 123123105,
                    "date": "2025-04-06T12:59:53.001",
                    "duration": 10385.0,
                    "used": 106308090,
                    "losses": 0,
                    "requests": 6,
                    "handler": "CNT"
                },
                {
                    "protocolSessionId": "ce98517a-a638-4fad-800c-5d4260a30be6",
                    "account": 123123105,
                    "date": "2025-04-06T15:53:00.001",
                    "duration": 872.0,
                    "used": 77442320,
                    "losses": 0,
                    "requests": 3,
                    "handler": "CNT"
                }
            ],
            "phase_two": [
                {
                    "protocolSessionId": "e992c0dd-e750-47e7-a86c-edef3db7a3cc",
                    "account": 123123105,
                    "duration": 20,
                    "date": "2025-04-06T16:07:26.001",
                    "used": 402235374,
                    "losses": 0,
                    "requests": 4,
                    "handler": "CTG"
                },
                {
                    "protocolSessionId": "93b29c38-77cc-474e-93bd-1ef624a2b418",
                    "account": 123123105,
                    "duration": 20,
                    "date": "2025-04-06T19:53:01.001",
                    "used": 38,
                    "losses": 0,
                    "requests": 2,
                    "handler": "CTG"
                },
                {
                    "protocolSessionId": "08b30744-e72e-468e-9441-3fe4131204e4",
                    "account": 123123105,
                    "duration": 20,
                    "date": "2025-04-06T23:17:05.001",
                    "used": 1603986,
                    "losses": 0,
                    "requests": 2,
                    "handler": "CTG"
                },
                {
                    "protocolSessionId": "86c81734-8b73-4df4-a7a4-ed64feb0d525",
                    "account": 123123105,
                    "duration": 20,
                    "date": "2025-04-07T04:39:29.001",
                    "used": 69724798,
                    "losses": 0,
                    "requests": 2,
                    "handler": "CTG"
                },
                {
                    "protocolSessionId": "284c0db0-02d3-4b32-8ac5-1c77a8848ad2",
                    "account": 123123105,
                    "duration": 20,
                    "date": "2025-04-07T07:12:07.001",
                    "used": 4261594,
                    "losses": 0,
                    "requests": 2,
                    "handler": "CTG"
                },
                {
                    "protocolSessionId": "164fad9d-b50d-4afd-b554-ed2f983eec2d",
                    "account": 123123105,
                    "duration": 20,
                    "date": "2025-04-07T22:39:22.001",
                    "used": 115,
                    "losses": 0,
                    "requests": 2,
                    "handler": "CTG"
                }
            ]
        }
    }
}