{
    "observation": {
        "previous_period_summary": {
            "cnt_percentage": 83.33,
            "cnt_requests": 10,
            "losses_percentage": 0.0,
            "losses_volume": 0
        },
        "current_period": {
            "phase_one": [
                {
                    "protocolSessionId": "ec634252-7f19-44dc-b550-5673d00573e1",
                    "account": 123123105,
                    "date": "2025-05-10T14:27:44.001",
                    "duration": 955.0,
                    "used": 120513372,
                    "losses": 0,
                    "requests": 6,
                    "handler": "CNT"
                }
            ],
            "phase_two": [
                {
                    "protocolSessionId": "c2dd9e5d-35d7-4e63-8f96-9c3cd3019015",
                    "account": 123123105,
                    "duration": 20,
                    "date": "2025-05-10T14:32:34.001",
                    "used": 43335,
                    "losses": 0,
                    "requests": 2,
                    "handler": "CTG"
                },
                {
                    "protocolSessionId": "55025452-814f-47b5-b69d-50b9dd393be0",
                    "account": 123123105,
                    "duration": 20,
                    "date": "2025-05-10T15:33:48.001",
                    "used": 24315180,
                    "losses": 0,
                    "requests": 3,
                    "handler": "CTG"
                },
                {
                    "protocolSessionId": "c13cd4ef-15a7-4549-8eb1-908ba94cf70d",
                    "account": 123123105,
                    "duration": 20,
                    "date": "2025-05-10T18:12:48.001",
                    "used": 168,
                    "losses": 0,
                    "requests": 2,
                    "handler": "CTG"
                },
                {
                    "protocolSessionId": "22c4e1a4-c8f7-4094-b3d8-874df7a53a59",
                    "account": 123123105,
                    "duration": 20,
                    "date": "2025-05-10T18:20:07.001",
                    "used": 183442485,
                    "losses": 0,
                    "requests": 3,
                    "handler": "CTG"
                },
                {
                    "protocolSessionId": "7d5c8658-b095-4459-afb6-b2ebc7471de8",
                    "account": 123123105,
                    "duration": 20,
                    "date": "2025-05-10T19:00:14.001",
                    "used": 0,
                    "losses": 0,
                    "requests": 1,
                    "handler": "CTG"
                },
                {
                    "protocolSessionId": "ac5a65e6-2c3d-4417-b233-360f1c3f05be",
                    "account": 123123105,
                    "duration": 20,
                    "date": "2025-05-10T20:32:08.001",
                    "used": 5418,
                    "losses": 0,
                    "requests": 2,
                    "handler": "CTG"
                },
                {
                    "protocolSessionId": "8c469751-0ab2-4e16-ac88-fc95a349d029",
                    "account": 123123105,
                    "duration": 20,
                    "date": "2025-05-10T21:44:50.001",
                    "used": 1217216,
                    "losses": 0,
                    "requests": 2,
                    "handler": "CTG"
                },
                {
                    "protocolSessionId": "a97aa0b2-748d-43d1-bbf3-250be9854ef5",
                    "account": 123123105,
                    "duration": 20,
                    "date": "2025-05-10T22:05:32.001",
                    "used": 0,
                    "losses": 0,
                    "requests": 1,
                    "handler": "CTG"
                },
                {
                    "protocolSessionId": "8aee272b-47f9-4001-864f-fcf6526d0c13",
                    "account": 123123105,
                    "duration": 20,
                    "date": "2025-05-11T00:19:19.001",
                    "used": 0,
                    "losses": 0,
                    "requests": 1,
                    "handler": "CTG"
                },
                {
                    "protocolSessionId": "4bf94753-7365-472b-b87a-c2ed1aebed8c",
                    "account": 123123105,
                    "duration": 20,
                    "date": "2025-05-11T02:25:33.001",
                    "used": 0,
                    "losses": 0,
                    "requests": 1,
                    "handler": "CTG"
                },
                {
                    "protocolSessionId": "f8a5d8d9-f66a-418d-a3d9-034f886bc305",
                    "account": 123123105,
                    "duration": 20,
                    "date": "2025-05-11T06:44:45.001",
                    "used": 54239712,
                    "losses": 0,
                    "requests": 4,
                    "handler": "CTG"
                },
                {
                    "protocolSessionId": "70e80aa2-4ffc-4f09-aea0-62a3c4a36e49",
                    "account": 123123105,
                    "duration": 20,
                    "date": "2025-05-11T14:01:07.001",
                    "used": 85670,
                    "losses": 0,
                    "requests": 2,
                    "handler": "CTG"
                },
                {
                    "protocolSessionId": "1918fa56-ecc2-4b00-84e4-fe72ec74054b",
                    "account": 123123105,
                    "duration": 20,
                    "date": "2025-05-11T22:22:44.001",
                    "used": 110367350,
                    "losses": 0,
                    "requests": 6,
                    "handler": "CTG"
                },
                {
                    "protocolSessionId": "73d0f046-2e94-43c5-a027-505b17ab76fd",
                    "account": 123123105,
                    "duration": 20,
                    "date": "2025-05-11T22:45:41.001",
                    "used": 0,
                    "losses": 0,
                    "requests": 1,
                    "handler": "CTG"
                },
                {
                    "protocolSessionId": "f358ed28-f718-4666-9056-376d65f0781a",
                    "account": 123123105,
                    "duration": 20,
                    "date": "2025-05-11T22:45:43.001",
                    "used": 0,
                    "losses": 0,
                    "requests": 1,
                    "handler": "CTG"
                },
                {
                    "protocolSessionId": "f74971d5-0859-4aa6-92f2-2a7d3f362c51",
                    "account": 123123105,
                    "duration": 20,
                    "date": "2025-05-11T22:51:06.001",
                    "used": 3252751,
                    "losses": 1702600,
                    "requests": 5,
                    "handler": "CTG"
                },
                {
                    "protocolSessionId": "e72c9a56-41b3-45a7-8388-51d0055fbcbc",
                    "account": 123123105,
                    "duration": 20,
                    "date": "2025-05-12T04:12:57.001",
                    "used": 23341,
                    "losses": 0,
                    "requests": 2,
                    "handler": "CTG"
                },
                {
                    "protocolSessionId": "594ed068-fc51-436e-98aa-0a4354a464ec",
                    "account": 123123105,
                    "duration": 20,
                    "date": "2025-05-12T04:13:06.001",
                    "used": 0,
                    "losses": 0,
                    "requests": 1,
                    "handler": "CTG"
                },
                {
                    "protocolSessionId": "00a84916-d0d2-4807-9041-bb94d9239188",
                    "account": 123123105,
                    "duration": 20,
                    "date": "2025-05-12T04:47:25.001",
                    "used": 0,
                    "losses": 0,
                    "requests": 1,
                    "handler": "CTG"
                },
                {
                    "protocolSessionId": "ef20d7ae-0f47-4c3d-b290-39f93d2d3aac",
                    "account": 123123105,
                    "duration": 20,
                    "date": "2025-05-12T05:03:10.001",
                    "used": 152196,
                    "losses": 0,
                    "requests": 2,
                    "handler": "CTG"
                },
                {
                    "protocolSessionId": "973fb959-faa1-4336-910e-f87706f9084b",
                    "account": 123123105,
                    "duration": 20,
                    "date": "2025-05-12T06:34:11.001",
                    "used": 0,
                    "losses": 0,
                    "requests": 1,
                    "handler": "CTG"
                },
                {
                    "protocolSessionId": "97116c15-b0a7-43ef-97dd-80760289ecdc",
                    "account": 123123105,
                    "duration": 20,
                    "date": "2025-05-12T06:34:13.001",
                    "used": 0,
                    "losses": 0,
                    "requests": 1,
                    "handler": "CTG"
                },
                {
                    "protocolSessionId": "a3bfcee9-eb4c-4238-b4a0-042e672f439d",
                    "account": 123123105,
                    "duration": 20,
                    "date": "2025-05-12T07:19:27.001",
                    "used": 0,
                    "losses": 0,
                    "requests": 1,
                    "handler": "CTG"
                },
                {
                    "protocolSessionId": "68d75bdc-4155-4c09-8ac1-6a848aacb5fd",
                    "account": 123123105,
                    "duration": 20,
                    "date": "2025-05-12T07:19:30.001",
                    "used": 0,
                    "losses": 0,
                    "requests": 1,
                    "handler": "CTG"
                },
                {
                    "protocolSessionId": "1acd18a7-ee01-4623-8072-8ac24db6971f",
                    "account": 123123105,
                    "duration": 20,
                    "date": "2025-05-12T09:25:27.001",
                    "used": 1,
                    "losses": 0,
                    "requests": 2,
                    "handler": "CTG"
                },
                {
                    "protocolSessionId": "0d18d006-56c2-49c2-919a-682618f24b16",
                    "account": 123123105,
                    "duration": 20,
                    "date": "2025-05-12T12:39:05.001",
                    "used": 217872,
                    "losses": 0,
                    "requests": 2,
                    "handler": "CTG"
                },
                {
                    "protocolSessionId": "94584392-6462-4b27-9f2d-d80333502e1e",
                    "account": 123123105,
                    "duration": 20,
                    "date": "2025-05-12T13:11:36.001",
                    "used": 0,
                    "losses": 0,
                    "requests": 1,
                    "handler": "CTG"
                },
                {
                    "protocolSessionId": "688c276d-f020-4370-ae8f-23b3053b1eec",
                    "account": 123123105,
                    "duration": 20,
                    "date": "2025-05-12T13:15:36.001",
                    "used": 402336,
                    "losses": 0,
                    "requests": 2,
                    "handler": "CTG"
                },
                {
                    "protocolSessionId": "06d0fe7a-8505-4505-94c6-36084a525ebc",
                    "account": 123123105,
                    "duration": 20,
                    "date": "2025-05-12T22:05:16.001",
                    "used": 115902665,
                    "losses": 0,
                    "requests": 3,
                    "handler": "CTG"
                },
                {
                    "protocolSessionId": "9418d5b5-95e8-4238-be2f-f313177febae",
                    "account": 123123105,
                    "duration": 20,
                    "date": "2025-05-12T22:44:03.001",
                    "used": 3541622,
                    "losses": 0,
                    "requests": 2,
                    "handler": "CTG"
                },
                {
                    "protocolSessionId": "b321cf37-a41d-4a76-a891-4879b3836ae5",
                    "account": 123123105,
                    "duration": 20,
                    "date": "2025-05-13T00:30:21.001",
                    "used": 7920640,
                    "losses": 0,
                    "requests": 2,
                    "handler": "CTG"
                },
                {
                    "protocolSessionId": "c2454a98-95a2-4730-a4fd-cb33680fea7a",
                    "account": 123123105,
                    "duration": 20,
                    "date": "2025-05-13T00:30:26.001",
                    "used": 2630936,
                    "losses": 0,
                    "requests": 2,
                    "handler": "CTG"
                },
                {
                    "protocolSessionId": "e82cd4b0-bad0-4b4b-9d6b-15d83a72c957",
                    "account": 123123105,
                    "duration": 20,
                    "date": "2025-05-13T02:26:10.001",
                    "used": 810568,
                    "losses": 0,
                    "requests": 2,
                    "handler": "CTG"
                },
                {
                    "protocolSessionId": "9216336f-0176-4522-aa7b-5daf6b87cee7",
                    "account": 123123105,
                    "duration": 20,
                    "date": "2025-05-13T03:46:53.001",
                    "used": 21657348,
                    "losses": 0,
                    "requests": 2,
                    "handler": "CTG"
                },
                {
                    "protocolSessionId": "a768dcc7-552b-4c41-b1cc-9bf8cf886724",
                    "account": 123123105,
                    "duration": 20,
                    "date": "2025-05-13T04:54:14.001",
                    "used": 22193,
                    "losses": 0,
                    "requests": 2,
                    "handler": "CTG"
                },
                {
                    "protocolSessionId": "5822401d-72a3-4301-a287-cd07947eea71",
                    "account": 123123105,
                    "duration": 20,
                    "date": "2025-05-13T14:06:11.001",
                    "used": 17679,
                    "losses": 0,
                    "requests": 2,
                    "handler": "CTG"
                },
                {
                    "protocolSessionId": "dd6fec9f-9c45-451a-9369-000b79349b27",
                    "account": 123123105,
                    "duration": 20,
                    "date": "2025-05-13T16:48:14.001",
                    "used": 181433248,
                    "losses": 0,
                    "requests": 3,
                    "handler": "CTG"
                },
                {
                    "protocolSessionId": "724d81fd-4533-43ea-9e18-a71798cc74e5",
                    "account": 123123105,
                    "duration": 20,
                    "date": "2025-05-13T16:53:25.001",
                    "used": 98050,
                    "losses": 0,
                    "requests": 2,
                    "handler": "CTG"
                },
                {
                    "protocolSessionId": "4264c113-5e64-4559-ae3c-48e37d06f757",
                    "account": 123123105,
                    "duration": 20,
                    "date": "2025-05-14T02:13:08.001",
                    "used": 0,
                    "losses": 0,
                    "requests": 1,
                    "handler": "CTG"
                },
                {
                    "protocolSessionId": "f3a2ee0f-d530-402b-89e5-f4cc0f0cdd72",
                    "account": 123123105,
                    "duration": 20,
                    "date": "2025-05-14T04:02:07.001",
                    "used": 252,
                    "losses": 0,
                    "requests": 2,
                    "handler": "CTG"
                },
                {
                    "protocolSessionId": "586e922e-e485-43cd-9872-8905a4bbc8a7",
                    "account": 123123105,
                    "duration": 20,
                    "date": "2025-05-14T10:06:56.001",
                    "used": 3100303,
                    "losses": 693694,
                    "requests": 3,
                    "handler": "CTG"
                },
                {
                    "protocolSessionId": "f5470607-96c2-44d9-b6cb-221baeb86244",
                    "account": 123123105,
                    "duration": 20,
                    "date": "2025-05-14T12:24:38.001",
                    "used": 148082631,
                    "losses": 0,
                    "requests": 3,
                    "handler": "CTG"
                },
                {
                    "protocolSessionId": "604d952e-a0a7-4f17-8ca2-44567b730fca",
                    "account": 123123105,
                    "duration": 20,
                    "date": "2025-05-14T16:22:04.001",
                    "used": 7749355,
                    "losses": 0,
                    "requests": 2,
                    "handler": "CTG"
                },
                {
                    "protocolSessionId": "ef01d02e-4190-493f-8f67-b2f4b97c7839",
                    "account": 123123105,
                    "duration": 20,
                    "date": "2025-05-14T16:23:10.001",
                    "used": 780,
                    "losses": 0,
                    "requests": 2,
                    "handler": "CTG"
                },
                {
                    "protocolSessionId": "e177cb93-e50c-4a84-8638-4acfb2b3c27b",
                    "account": 123123105,
                    "duration": 20,
                    "date": "2025-05-14T16:49:42.001",
                    "used": 24204270,
                    "losses": 0,
                    "requests": 2,
                    "handler": "CTG"
                },
                {
                    "protocolSessionId": "6f425d8a-04bf-4924-b43d-3eb5965c91aa",
                    "account": 123123105,
                    "duration": 20,
                    "date": "2025-05-14T16:50:39.001",
                    "used": 0,
                    "losses": 0,
                    "requests": 1,
                    "handler": "CTG"
                },
                {
                    "protocolSessionId": "4e52b161-dda5-42d6-99f7-7a85172d620f",
                    "account": 123123105,
                    "duration": 20,
                    "date": "2025-05-14T17:01:41.001",
                    "used": 157510995,
                    "losses": 0,
                    "requests": 4,
                    "handler": "CTG"
                },
                {
                    "protocolSessionId": "b16f5402-a19e-47ee-b171-af13a1f3571b",
                    "account": 123123105,
                    "duration": 20,
                    "date": "2025-05-14T19:19:00.001",
                    "used": 0,
                    "losses": 0,
                    "requests": 1,
                    "handler": "CTG"
                },
                {
                    "protocolSessionId": "b4ab3ee9-90df-4c5a-9d48-026aec58687d",
                    "account": 123123105,
                    "duration": 20,
                    "date": "2025-05-15T02:31:15.001",
                    "used": 0,
                    "losses": 0,
                    "requests": 1,
                    "handler": "CTG"
                },
                {
                    "protocolSessionId": "7359ddd9-91bc-4800-9faa-843707cd7ec0",
                    "account": 123123105,
                    "duration": 20,
                    "date": "2025-05-15T04:09:01.001",
                    "used": 0,
                    "losses": 0,
                    "requests": 1,
                    "handler": "CTG"
                },
                {
                    "protocolSessionId": "e715c88b-e757-4041-a85f-7cbab006538b",
                    "account": 123123105,
                    "duration": 20,
                    "date": "2025-05-15T04:19:25.001",
                    "used": 81624256,
                    "losses": 0,
                    "requests": 4,
                    "handler": "CTG"
                },
                {
                    "protocolSessionId": "44a46581-c2e3-4f8a-8c38-cda583ac7acb",
                    "account": 123123105,
                    "duration": 20,
                    "date": "2025-05-15T04:32:00.001",
                    "used": 17057064,
                    "losses": 0,
                    "requests": 2,
                    "handler": "CTG"
                },
                {
                    "protocolSessionId": "416ffbc6-6533-4569-8b9c-7248f732fe82",
                    "account": 123123105,
                    "duration": 20,
                    "date": "2025-05-15T05:16:19.001",
                    "used": 41106,
                    "losses": 0,
                    "requests": 2,
                    "handler": "CTG"
                },
                {
                    "protocolSessionId": "3c2a85f0-7144-43c4-aaf6-d9c15e2291d8",
                    "account": 123123105,
                    "duration": 20,
                    "date": "2025-05-15T05:45:25.001",
                    "used": 0,
                    "losses": 0,
                    "requests": 1,
                    "handler": "CTG"
                },
                {
                    "protocolSessionId": "818dae4d-8c78-434d-91ca-91c8304fc2c6",
                    "account": 123123105,
                    "duration": 20,
                    "date": "2025-05-15T09:03:12.001",
                    "used": 47104,
                    "losses": 0,
                    "requests": 2,
                    "handler": "CTG"
                },
                {
                    "protocolSessionId": "d0933e90-a1f2-42ac-825a-7871e2e5dd93",
                    "account": 123123105,
                    "duration": 20,
                    "date": "2025-05-15T12:49:44.001",
                    "used": 3116288,
                    "losses": 0,
                    "requests": 2,
                    "handler": "CTG"
                },
                {
                    "protocolSessionId": "5ccbefa2-7671-4e3f-9399-48d2a743f991",
                    "account": 123123105,
                    "duration": 20,
                    "date": "2025-05-15T13:43:15.001",
                    "used": 73172061,
                    "losses": 0,
                    "requests": 5,
                    "handler": "CTG"
                },
                {
                    "protocolSessionId": "91b77743-9c4e-40b6-a98f-b9fa5711f989",
                    "account": 123123105,
                    "duration": 20,
                    "date": "2025-05-15T14:32:39.001",
                    "used": 0,
                    "losses": 0,
                    "requests": 1,
                    "handler": "CTG"
                },
                {
                    "protocolSessionId": "9de55460-4549-4e5c-8390-0e9b82db3189",
                    "account": 123123105,
                    "duration": 20,
                    "date": "2025-05-15T14:36:41.001",
                    "used": 0,
                    "losses": 0,
                    "requests": 1,
                    "handler": "CTG"
                },
                {
                    "protocolSessionId": "f4169ac1-c9dd-421b-aa1e-41eb03ee2926",
                    "account": 123123105,
                    "duration": 20,
                    "date": "2025-05-15T14:36:43.001",
                    "used": 0,
                    "losses": 0,
                    "requests": 1,
                    "handler": "CTG"
                },
                {
                    "protocolSessionId": "868a0784-334b-4d29-84d4-ae88ac6df539",
                    "account": 123123105,
                    "duration": 20,
                    "date": "2025-05-15T17:13:30.001",
                    "used": 482916786,
                    "losses": 0,
                    "requests": 4,
                    "handler": "CTG"
                },
                {
                    "protocolSessionId": "b4ddf047-ed80-448d-8006-c3a66a982738",
                    "account": 123123105,
                    "duration": 20,
                    "date": "2025-05-15T22:35:35.001",
                    "used": 17908,
                    "losses": 0,
                    "requests": 2,
                    "handler": "CTG"
                },
                {
                    "protocolSessionId": "6ea22dde-1576-46df-b63a-360c9457e353",
                    "account": 123123105,
                    "duration": 20,
                    "date": "2025-05-15T22:45:43.001",
                    "used": 9690,
                    "losses": 0,
                    "requests": 2,
                    "handler": "CTG"
                },
                {
                    "protocolSessionId": "a152ef94-f690-4017-b90b-45c4367f7204",
                    "account": 123123105,
                    "duration": 20,
                    "date": "2025-05-16T11:42:13.001",
                    "used": 10645414,
                    "losses": 0,
                    "requests": 2,
                    "handler": "CTG"
                },
                {
                    "protocolSessionId": "d56ce486-7a82-4cf2-9754-289591f0dca4",
                    "account": 123123105,
                    "duration": 20,
                    "date": "2025-05-16T12:19:15.001",
                    "used": 574649993,
                    "losses": 0,
                    "requests": 5,
                    "handler": "CTG"
                },
                {
                    "protocolSessionId": "8fc8131a-ba8e-45d3-8608-ea20f401ef90",
                    "account": 123123105,
                    "duration": 20,
                    "date": "2025-05-16T12:19:56.001",
                    "used": 0,
                    "losses": 0,
                    "requests": 1,
                    "handler": "CTG"
                },
                {
                    "protocolSessionId": "9fd6120c-1239-424f-9b0f-82fb089df30b",
                    "account": 123123105,
                    "duration": 20,
                    "date": "2025-05-16T16:33:33.001",
                    "used": 346973,
                    "losses": 0,
                    "requests": 4,
                    "handler": "CTG"
                },
                {
                    "protocolSessionId": "fa0cbad2-ad48-46f6-b72e-8c4e2614f8da",
                    "account": 123123105,
                    "duration": 20,
                    "date": "2025-05-16T16:36:02.001",
                    "used": 0,
                    "losses": 0,
                    "requests": 1,
                    "handler": "CTG"
                },
                {
                    "protocolSessionId": "9c87d64c-671d-43be-9c4a-6b508c497e05",
                    "account": 123123105,
                    "duration": 20,
                    "date": "2025-05-16T16:36:03.001",
                    "used": 0,
                    "losses": 0,
                    "requests": 1,
                    "handler": "CTG"
                },
                {
                    "protocolSessionId": "7532d476-e2ce-4e33-88d7-7e40e2a88738",
                    "account": 123123105,
                    "duration": 20,
                    "date": "2025-05-16T23:25:28.001",
                    "used": 2819817,
                    "losses": 0,
                    "requests": 2,
                    "handler": "CTG"
                },
                {
                    "protocolSessionId": "dfcbd344-c164-4f5a-b655-297488eea55f",
                    "account": 123123105,
                    "duration": 20,
                    "date": "2025-05-17T00:54:50.001",
                    "used": 125367057,
                    "losses": 0,
                    "requests": 3,
                    "handler": "CTG"
                },
                {
                    "protocolSessionId": "ab2974b8-d19e-4df7-a7a5-a6720ca001a3",
                    "account": 123123105,
                    "duration": 20,
                    "date": "2025-05-17T01:15:04.001",
                    "used": 46652,
                    "losses": 0,
                    "requests": 2,
                    "handler": "CTG"
                },
                {
                    "protocolSessionId": "c4bc247f-0bb6-4875-b299-251859463931",
                    "account": 123123105,
                    "duration": 20,
                    "date": "2025-05-17T04:39:29.001",
                    "used": 0,
                    "losses": 0,
                    "requests": 1,
                    "handler": "CTG"
                },
                {
                    "protocolSessionId": "6f0639de-0391-43c9-9d44-2ec883a5fe31",
                    "account": 123123105,
                    "duration": 20,
                    "date": "2025-05-17T17:31:47.001",
                    "used": 118103,
                    "losses": 0,
                    "requests": 2,
                    "handler": "CTG"
                },
                {
                    "protocolSessionId": "053ea261-5344-4a25-a884-38acb565f55e",
                    "account": 123123105,
                    "duration": 20,
                    "date": "2025-05-17T17:42:55.001",
                    "used": 225096,
                    "losses": 0,
                    "requests": 2,
                    "handler": "CTG"
                },
                {
                    "protocolSessionId": "fc6414f9-28ef-4cef-8a9e-beff1f26e24b",
                    "account": 123123105,
                    "duration": 20,
                    "date": "2025-05-17T19:42:51.001",
                    "used": 60601063,
                    "losses": 0,
                    "requests": 3,
                    "handler": "CTG"
                },
                {
                    "protocolSessionId": "fabcda38-4116-4ca2-9aa2-0e45ee2eb076",
                    "account": 123123105,
                    "duration": 20,
                    "date": "2025-05-17T19:43:17.001",
                    "used": 104362,
                    "losses": 0,
                    "requests": 2,
                    "handler": "CTG"
                },
                {
                    "protocolSessionId": "5bb8e02d-ce40-4c2f-b2e8-106d66b4ec2c",
                    "account": 123123105,
                    "duration": 20,
                    "date": "2025-05-17T20:18:48.001",
                    "used": 8129269,
                    "losses": 0,
                    "requests": 2,
                    "handler": "CTG"
                },
                {
                    "protocolSessionId": "749aeb27-2afe-4d1c-9205-3fca4071b03c",
                    "account": 123123105,
                    "duration": 20,
                    "date": "2025-05-17T20:25:03.001",
                    "used": 667719,
                    "losses": 0,
                    "requests": 2,
                    "handler": "CTG"
                },
                {
                    "protocolSessionId": "924545e7-eb58-4993-b6da-3f608b61b62c",
                    "account": 123123105,
                    "duration": 20,
                    "date": "2025-05-17T22:14:27.001",
                    "used": 90574016,
                    "losses": 0,
                    "requests": 3,
                    "handler": "CTG"
                },
                {
                    "protocolSessionId": "d1c40cd5-3148-40fb-b46e-a794a73ce1c5",
                    "account": 123123105,
                    "duration": 20,
                    "date": "2025-05-19T00:52:41.001",
                    "used": 2172460,
                    "losses": 0,
                    "requests": 2,
                    "handler": "CTG"
                },
                {
                    "protocolSessionId": "e5cd30a9-4c1c-42ce-ba17-f067f8364959",
                    "account": 123123105,
                    "duration": 20,
                    "date": "2025-05-19T02:39:50.001",
                    "used": 71918054,
                    "losses": 0,
                    "requests": 3,
                    "handler": "CTG"
                },
                {
                    "protocolSessionId": "17005b0a-39b3-4ff5-a234-89a736d3b7f3",
                    "account": 123123105,
                    "duration": 20,
                    "date": "2025-05-19T03:42:51.001",
                    "used": 0,
                    "losses": 0,
                    "requests": 1,
                    "handler": "CTG"
                },
                {
                    "protocolSessionId": "75a98cd9-a77c-4ca4-9899-b14c5541bd15",
                    "account": 123123105,
                    "duration": 20,
                    "date": "2025-05-19T03:44:38.001",
                    "used": 28408,
                    "losses": 0,
                    "requests": 2,
                    "handler": "CTG"
                },
                {
                    "protocolSessionId": "c3536ef3-b5b1-45e9-8254-d366eb6b1933",
                    "account": 123123105,
                    "duration": 20,
                    "date": "2025-05-19T07:06:01.001",
                    "used": 0,
                    "losses": 0,
                    "requests": 1,
                    "handler": "CTG"
                },
                {
                    "protocolSessionId": "8e1d1f96-cb9c-495f-98d9-62dfbccad936",
                    "account": 123123105,
                    "duration": 20,
                    "date": "2025-05-19T07:14:34.001",
                    "used": 0,
                    "losses": 0,
                    "requests": 1,
                    "handler": "CTG"
                },
                {
                    "protocolSessionId": "41057783-136f-4f16-a9bd-08f6fb740014",
                    "account": 123123105,
                    "duration": 20,
                    "date": "2025-05-19T07:51:50.001",
                    "used": 1002950,
                    "losses": 0,
                    "requests": 2,
                    "handler": "CTG"
                },
                {
                    "protocolSessionId": "349e50e8-dce7-4982-88b8-be96dcb4dd6c",
                    "account": 123123105,
                    "duration": 20,
                    "date": "2025-05-19T08:10:56.001",
                    "used": 178024,
                    "losses": 0,
                    "requests": 2,
                    "handler": "CTG"
                },
                {
                    "protocolSessionId": "33879435-2579-4a5c-963c-5a72c104a095",
                    "account": 123123105,
                    "duration": 20,
                    "date": "2025-05-19T08:28:58.001",
                    "used": 230941765,
                    "losses": 0,
                    "requests": 4,
                    "handler": "CTG"
                },
                {
                    "protocolSessionId": "4b5657a9-343b-4727-80c1-484438aee0f1",
                    "account": 123123105,
                    "duration": 20,
                    "date": "2025-05-19T09:34:10.001",
                    "used": 623508,
                    "losses": 0,
                    "requests": 2,
                    "handler": "CTG"
                },
                {
                    "protocolSessionId": "5fb418cb-0ebd-4d0a-a2ed-3d6ebc0c8c55",
                    "account": 123123105,
                    "duration": 20,
                    "date": "2025-05-19T09:57:02.001",
                    "used": 3353600,
                    "losses": 0,
                    "requests": 2,
                    "handler": "CTG"
                },
                {
                    "protocolSessionId": "17bd22e2-fbbe-4282-a2c2-83a2f88c1199",
                    "account": 123123105,
                    "duration": 20,
                    "date": "2025-05-19T12:18:24.001",
                    "used": 13600,
                    "losses": 0,
                    "requests": 2,
                    "handler": "CTG"
                }
            ]
        }
    }
}