{
    "observation": {
        "previous_period_summary": {
            "cnt_percentage": 54.17,
            "cnt_requests": 13,
            "losses_percentage": 0.0,
            "losses_volume": 0
        },
        "current_period": {
            "phase_one": [
                {
                    "protocolSessionId": "87b16f71-a2fd-4b19-a82d-1b398bd1dae1",
                    "account": 123123105,
                    "date": "2025-04-29T07:43:55.001",
                    "duration": 191.0,
                    "used": 16234236,
                    "losses": 0,
                    "requests": 3,
                    "handler": "CNT"
                },
                {
                    "protocolSessionId": "4f536b58-610b-453d-ab22-accb024a3768",
                    "account": 123123105,
                    "date": "2025-04-29T07:49:52.001",
                    "duration": 7.0,
                    "used": 170597,
                    "losses": 0,
                    "requests": 3,
                    "handler": "CNT"
                },
                {
                    "protocolSessionId": "a74c37b6-90c0-4101-b955-38beffb1f029",
                    "account": 123123105,
                    "date": "2025-04-29T07:50:18.001",
                    "duration": 4919.0,
                    "used": 11215320,
                    "losses": 0,
                    "requests": 3,
                    "handler": "CNT"
                }
            ],
            "phase_two": [
                {
                    "protocolSessionId": "61402e2c-40ef-46ae-bf1b-c8e8422b26b5",
                    "account": 123123105,
                    "duration": 20,
                    "date": "2025-04-29T07:52:23.001",
                    "used": 540,
                    "losses": 0,
                    "requests": 2,
                    "handler": "CTG"
                }
            ]
        }
    }
}