{
    "observation": {
        "previous_period_summary": {
            "cnt_percentage": 75.0,
            "cnt_requests": 6,
            "losses_percentage": 0.0,
            "losses_volume": 0
        },
        "current_period": {
            "phase_one": [
                {
                    "protocolSessionId": "c7a47c0e-f9df-4499-ae75-137b05804115",
                    "account": 123123105,
                    "date": "2025-03-07T01:29:30.001",
                    "duration": 41799.0,
                    "used": 167196,
                    "losses": 0,
                    "requests": 3,
                    "handler": "CNT"
                },
                {
                    "protocolSessionId": "81b9ed33-d5a8-4639-80db-5e3b92e91cc3",
                    "account": 123123105,
                    "date": "2025-03-07T21:45:10.001",
                    "duration": 1.0,
                    "used": 71952,
                    "losses": 0,
                    "requests": 3,
                    "handler": "CNT"
                },
                {
                    "protocolSessionId": "150f018f-5fd8-4c95-8dc9-68e354b1c215",
                    "account": 123123105,
                    "date": "2025-03-08T03:28:12.001",
                    "duration": 1144.0,
                    "used": 0,
                    "losses": 0,
                    "requests": 3,
                    "handler": "CNT"
                }
            ],
            "phase_two": [
                {
                    "protocolSessionId": "30628d66-ce8b-4223-bedd-e5de3aaff37b",
                    "account": 123123105,
                    "duration": 20,
                    "date": "2025-03-08T10:56:11.001",
                    "used": 265289469,
                    "losses": 0,
                    "requests": 3,
                    "handler": "CTG"
                },
                {
                    "protocolSessionId": "e1cc5757-b6c3-4e05-8e6a-7c2fdcbf7d6d",
                    "account": 123123105,
                    "duration": 20,
                    "date": "2025-03-08T16:46:56.001",
                    "used": 47720415,
                    "losses": 0,
                    "requests": 2,
                    "handler": "CTG"
                },
                {
                    "protocolSessionId": "5758ee37-0292-432e-a304-64716e69318e",
                    "account": 123123105,
                    "duration": 20,
                    "date": "2025-03-08T18:03:07.001",
                    "used": 1188200,
                    "losses": 0,
                    "requests": 2,
                    "handler": "CTG"
                },
                {
                    "protocolSessionId": "b53044f2-4f39-486b-8f23-cb48f86030b6",
                    "account": 123123105,
                    "duration": 20,
                    "date": "2025-03-08T18:42:20.001",
                    "used": 5265,
                    "losses": 0,
                    "requests": 2,
                    "handler": "CTG"
                },
                {
                    "protocolSessionId": "2383363f-15c2-433e-a664-bd011b1bbef3",
                    "account": 123123105,
                    "duration": 20,
                    "date": "2025-03-08T18:43:28.001",
                    "used": 3497008,
                    "losses": 0,
                    "requests": 2,
                    "handler": "CTG"
                },
                {
                    "protocolSessionId": "59256468-071e-4b4e-b369-54e5791c7e18",
                    "account": 123123105,
                    "duration": 20,
                    "date": "2025-03-08T18:52:56.001",
                    "used": 116867959,
                    "losses": 0,
                    "requests": 2,
                    "handler": "CTG"
                },
                {
                    "protocolSessionId": "4e493456-cb6a-4705-bb69-4547b26dfd5a",
                    "account": 123123105,
                    "duration": 20,
                    "date": "2025-03-08T21:18:01.001",
                    "used": 5619005,
                    "losses": 0,
                    "requests": 2,
                    "handler": "CTG"
                },
                {
                    "protocolSessionId": "7f2964d1-53de-491e-9076-b716ef2dca58",
                    "account": 123123105,
                    "duration": 20,
                    "date": "2025-03-09T11:29:39.001",
                    "used": 54475050,
                    "losses": 0,
                    "requests": 2,
                    "handler": "CTG"
                },
                {
                    "protocolSessionId": "8a9b1ee5-7dbf-4764-88da-57debab38932",
                    "account": 123123105,
                    "duration": 20,
                    "date": "2025-03-09T19:01:47.001",
                    "used": 1531072,
                    "losses": 0,
                    "requests": 2,
                    "handler": "CTG"
                },
                {
                    "protocolSessionId": "9784a8f9-38f4-49b3-b42f-b3049b87de5c",
                    "account": 123123105,
                    "duration": 20,
                    "date": "2025-03-10T17:05:54.001",
                    "used": 30232345,
                    "losses": 0,
                    "requests": 2,
                    "handler": "CTG"
                },
                {
                    "protocolSessionId": "04b5d398-d081-4de0-a468-5d3716a6be02",
                    "account": 123123105,
                    "duration": 20,
                    "date": "2025-03-10T22:05:06.001",
                    "used": 149729383,
                    "losses": 0,
                    "requests": 3,
                    "handler": "CTG"
                },
                {
                    "protocolSessionId": "14677213-c59c-4dd0-b6c0-1d2d30c703a4",
                    "account": 123123105,
                    "duration": 20,
                    "date": "2025-03-11T01:10:06.001",
                    "used": 104531083,
                    "losses": 0,
                    "requests": 3,
                    "handler": "CTG"
                },
                {
                    "protocolSessionId": "ef7e03ee-f3a1-4232-aaf3-86c3d881d13b",
                    "account": 123123105,
                    "duration": 20,
                    "date": "2025-03-11T18:42:17.001",
                    "used": 298268365,
                    "losses": 0,
                    "requests": 5,
                    "handler": "CTG"
                }
            ]
        }
    }
}