{
    "observation": {
        "previous_period_summary": {
            "cnt_percentage": 15.79,
            "cnt_requests": 3,
            "losses_percentage": 0.0,
            "losses_volume": 0
        },
        "current_period": {
            "phase_one": [
                {
                    "protocolSessionId": "4fdf48e4-686b-4f26-85d6-8dc3f27c6d21",
                    "account": 123123105,
                    "date": "2025-03-19T03:11:32.001",
                    "duration": 117.0,
                    "used": 3019536,
                    "losses": 0,
                    "requests": 3,
                    "handler": "CNT"
                }
            ],
            "phase_two": [
                {
                    "protocolSessionId": "74ccf69b-cc98-422b-9b5f-ac59a14a89e9",
                    "account": 123123105,
                    "duration": 20,
                    "date": "2025-03-19T07:33:46.001",
                    "used": 226160399,
                    "losses": 0,
                    "requests": 4,
                    "handler": "CTG"
                },
                {
                    "protocolSessionId": "8fe1884c-825c-47c3-92da-38e4bf1e0169",
                    "account": 123123105,
                    "duration": 20,
                    "date": "2025-03-19T08:11:28.001",
                    "used": 1309,
                    "losses": 0,
                    "requests": 2,
                    "handler": "CTG"
                },
                {
                    "protocolSessionId": "72448abe-ce42-4802-a18c-898c016f75fd",
                    "account": 123123105,
                    "duration": 20,
                    "date": "2025-03-19T08:15:16.001",
                    "used": 394108,
                    "losses": 0,
                    "requests": 2,
                    "handler": "CTG"
                },
                {
                    "protocolSessionId": "d6ad6445-0fa4-4728-8757-777f9261a28e",
                    "account": 123123105,
                    "duration": 20,
                    "date": "2025-03-19T08:29:20.001",
                    "used": 5433,
                    "losses": 0,
                    "requests": 2,
                    "handler": "CTG"
                },
                {
                    "protocolSessionId": "2c4b543c-a7e5-46d2-a7ea-aa67b7a01c36",
                    "account": 123123105,
                    "duration": 20,
                    "date": "2025-03-19T08:52:42.001",
                    "used": 178773808,
                    "losses": 0,
                    "requests": 3,
                    "handler": "CTG"
                },
                {
                    "protocolSessionId": "3e951189-531b-4616-9ba2-3e27b7898638",
                    "account": 123123105,
                    "duration": 20,
                    "date": "2025-03-19T09:04:10.001",
                    "used": 3970800,
                    "losses": 0,
                    "requests": 2,
                    "handler": "CTG"
                },
                {
                    "protocolSessionId": "4742cdfa-85fd-4dd1-afcd-59bd2dcd91a7",
                    "account": 123123105,
                    "duration": 20,
                    "date": "2025-03-19T09:05:57.001",
                    "used": 19474238,
                    "losses": 0,
                    "requests": 2,
                    "handler": "CTG"
                },
                {
                    "protocolSessionId": "0204223b-c691-4533-891b-b77ced86be59",
                    "account": 123123105,
                    "duration": 20,
                    "date": "2025-03-19T09:54:19.001",
                    "used": 158870367,
                    "losses": 0,
                    "requests": 4,
                    "handler": "CTG"
                },
                {
                    "protocolSessionId": "4b3010b3-5c21-400e-a657-0127bc7cf2f1",
                    "account": 123123105,
                    "duration": 20,
                    "date": "2025-03-19T10:16:25.001",
                    "used": 13188366,
                    "losses": 0,
                    "requests": 2,
                    "handler": "CTG"
                }
            ]
        }
    }
}