{
    "observation": {
        "previous_period_summary": {
            "cnt_percentage": 60.0,
            "cnt_requests": 3,
            "losses_percentage": 0.0,
            "losses_volume": 0
        },
        "current_period": {
            "phase_one": [
                {
                    "protocolSessionId": "51ba995c-cde1-42c5-aecb-5ab8a5f2f532",
                    "account": 123123105,
                    "date": "2025-05-10T05:19:54.001",
                    "duration": 32841.0,
                    "used": 219197729,
                    "losses": 0,
                    "requests": 10,
                    "handler": "CNT"
                }
            ],
            "phase_two": [
                {
                    "protocolSessionId": "41301837-c5d8-4b98-90ac-8442925e0fbd",
                    "account": 123123105,
                    "duration": 20,
                    "date": "2025-05-10T12:57:45.001",
                    "used": 5512374,
                    "losses": 0,
                    "requests": 2,
                    "handler": "CTG"
                }
            ]
        }
    }
}