{
    "observation": {
        "previous_period_summary": {
            "cnt_percentage": 21.95,
            "cnt_requests": 9,
            "losses_percentage": 0.0,
            "losses_volume": 0
        },
        "current_period": {
            "phase_one": [
                {
                    "protocolSessionId": "dd57af69-5da1-4b1e-b4fc-5e02f06aef7c",
                    "account": 123123105,
                    "date": "2025-03-11T19:00:40.001",
                    "duration": 102.0,
                    "used": 68655588,
                    "losses": 0,
                    "requests": 3,
                    "handler": "CNT"
                },
                {
                    "protocolSessionId": "9a839c9e-10dd-41bb-a274-862e22eef565",
                    "account": 123123105,
                    "date": "2025-03-11T20:16:52.001",
                    "duration": 3652.0,
                    "used": 20064088,
                    "losses": 0,
                    "requests": 3,
                    "handler": "CNT"
                }
            ],
            "phase_two": [
                {
                    "protocolSessionId": "7301404c-5621-40fd-b219-39e9ab094c4c",
                    "account": 123123105,
                    "duration": 20,
                    "date": "2025-03-11T21:22:22.001",
                    "used": 4256,
                    "losses": 0,
                    "requests": 2,
                    "handler": "CTG"
                },
                {
                    "protocolSessionId": "8d04117d-f51e-4c9f-a052-e8c3912a0f53",
                    "account": 123123105,
                    "duration": 20,
                    "date": "2025-03-12T06:55:52.001",
                    "used": 75564,
                    "losses": 0,
                    "requests": 2,
                    "handler": "CTG"
                },
                {
                    "protocolSessionId": "13f55e49-e6e1-41db-b3b6-06fa3502bf0f",
                    "account": 123123105,
                    "duration": 20,
                    "date": "2025-03-12T10:36:52.001",
                    "used": 27240,
                    "losses": 0,
                    "requests": 2,
                    "handler": "CTG"
                },
                {
                    "protocolSessionId": "cf8a7c8d-43bd-4b4d-88dd-d6eedf8ced98",
                    "account": 123123105,
                    "duration": 20,
                    "date": "2025-03-12T17:30:30.001",
                    "used": 7800,
                    "losses": 0,
                    "requests": 2,
                    "handler": "CTG"
                },
                {
                    "protocolSessionId": "24baf9de-885f-4c2b-8d51-31e692a5e6fe",
                    "account": 123123105,
                    "duration": 20,
                    "date": "2025-03-12T17:38:07.001",
                    "used": 352150,
                    "losses": 0,
                    "requests": 2,
                    "handler": "CTG"
                }
            ]
        }
    }
}