{
    "observation": {
        "previous_period_summary": {
            "cnt_percentage": 37.5,
            "cnt_requests": 6,
            "losses_percentage": 0.0,
            "losses_volume": 0
        },
        "current_period": {
            "phase_one": [
                {
                    "protocolSessionId": "e1e5d202-7e22-4547-b0e3-dce21af75a79",
                    "account": 123123105,
                    "date": "2025-03-13T11:36:50.001",
                    "duration": 490786.0,
                    "used": 23066942,
                    "losses": 0,
                    "requests": 3,
                    "handler": "CNT"
                }
            ],
            "phase_two": [
                {
                    "protocolSessionId": "7267ea50-de0d-4059-a66a-50479d75e82a",
                    "account": 123123105,
                    "duration": 20,
                    "date": "2025-03-14T01:52:42.001",
                    "used": 117201340,
                    "losses": 0,
                    "requests": 3,
                    "handler": "CTG"
                },
                {
                    "protocolSessionId": "81f0d2cf-2d6b-42a4-a86a-060b277f70d6",
                    "account": 123123105,
                    "duration": 20,
                    "date": "2025-03-14T04:07:05.001",
                    "used": 34420989,
                    "losses": 0,
                    "requests": 2,
                    "handler": "CTG"
                }
            ]
        }
    }
}