{
    "observation": {
        "previous_period_summary": {
            "cnt_percentage": 13.64,
            "cnt_requests": 3,
            "losses_percentage": 0.0,
            "losses_volume": 0
        },
        "current_period": {
            "phase_one": [
                {
                    "protocolSessionId": "3f8c4536-dac6-4c63-8d0a-78dba266b446",
                    "account": 123123105,
                    "date": "2025-05-20T19:37:41.001",
                    "duration": 5537.0,
                    "used": 109543639,
                    "losses": 0,
                    "requests": 6,
                    "handler": "CNT"
                }
            ],
            "phase_two": [
                {
                    "protocolSessionId": "f3342fc0-681e-469f-99fd-66684a697ad1",
                    "account": 123123105,
                    "duration": 20,
                    "date": "2025-05-20T21:35:40.001",
                    "used": 5600,
                    "losses": 0,
                    "requests": 2,
                    "handler": "CTG"
                },
                {
                    "protocolSessionId": "6886d8a3-57ce-43c6-b1e2-d14de872eb26",
                    "account": 123123105,
                    "duration": 20,
                    "date": "2025-05-20T23:18:19.001",
                    "used": 473526260,
                    "losses": 0,
                    "requests": 7,
                    "handler": "CTG"
                },
                {
                    "protocolSessionId": "b58b17f4-bd2d-447e-811c-598b0f1fe725",
                    "account": 123123105,
                    "duration": 20,
                    "date": "2025-05-20T23:26:34.001",
                    "used": 5011360,
                    "losses": 0,
                    "requests": 2,
                    "handler": "CTG"
                },
                {
                    "protocolSessionId": "6aa3f1f5-3173-45f6-a0a6-74b469afb8b6",
                    "account": 123123105,
                    "duration": 20,
                    "date": "2025-05-21T16:50:33.001",
                    "used": 8816165,
                    "losses": 0,
                    "requests": 2,
                    "handler": "CTG"
                },
                {
                    "protocolSessionId": "890472bd-bb81-47d7-b058-70fd9216d370",
                    "account": 123123105,
                    "duration": 20,
                    "date": "2025-05-21T16:52:07.001",
                    "used": 240777,
                    "losses": 0,
                    "requests": 2,
                    "handler": "CTG"
                },
                {
                    "protocolSessionId": "dc9cd03d-5f4d-4dfb-9920-85c3933705ef",
                    "account": 123123105,
                    "duration": 20,
                    "date": "2025-05-21T21:51:41.001",
                    "used": 6105220,
                    "losses": 0,
                    "requests": 2,
                    "handler": "CTG"
                },
                {
                    "protocolSessionId": "8f3f99e4-ea1f-4947-8f7d-15d34189b4b3",
                    "account": 123123105,
                    "duration": 20,
                    "date": "2025-05-21T22:07:06.001",
                    "used": 44420,
                    "losses": 0,
                    "requests": 2,
                    "handler": "CTG"
                },
                {
                    "protocolSessionId": "4ad606be-3f65-4bfd-8ded-a9df35c70ed5",
                    "account": 123123105,
                    "duration": 20,
                    "date": "2025-05-22T00:50:22.001",
                    "used": 33528285,
                    "losses": 0,
                    "requests": 2,
                    "handler": "CTG"
                },
                {
                    "protocolSessionId": "0c751690-3866-4c3d-b42e-ead030db1c35",
                    "account": 123123105,
                    "duration": 20,
                    "date": "2025-05-22T13:00:03.001",
                    "used": 106186,
                    "losses": 0,
                    "requests": 2,
                    "handler": "CTG"
                },
                {
                    "protocolSessionId": "e480a67f-2713-458c-84ee-3d48e459e06e",
                    "account": 123123105,
                    "duration": 20,
                    "date": "2025-05-22T22:53:39.001",
                    "used": 93737655,
                    "losses": 0,
                    "requests": 3,
                    "handler": "CTG"
                },
                {
                    "protocolSessionId": "e3184200-bd54-43b0-a8d1-e42fcda40a4f",
                    "account": 123123105,
                    "duration": 20,
                    "date": "2025-05-23T01:25:12.001",
                    "used": 58822,
                    "losses": 0,
                    "requests": 2,
                    "handler": "CTG"
                },
                {
                    "protocolSessionId": "cacf15a5-4f66-4d45-97fd-ed3a4cbd856e",
                    "account": 123123105,
                    "duration": 20,
                    "date": "2025-05-23T11:03:23.001",
                    "used": 171171525,
                    "losses": 0,
                    "requests": 4,
                    "handler": "CTG"
                },
                {
                    "protocolSessionId": "798fc65b-26ce-4a5a-b8cc-458282491042",
                    "account": 123123105,
                    "duration": 20,
                    "date": "2025-05-23T11:42:26.001",
                    "used": 8283600,
                    "losses": 0,
                    "requests": 2,
                    "handler": "CTG"
                },
                {
                    "protocolSessionId": "40adc305-bceb-4b02-aa75-c48f2701d367",
                    "account": 123123105,
                    "duration": 20,
                    "date": "2025-05-23T11:47:58.001",
                    "used": 181987914,
                    "losses": 0,
                    "requests": 3,
                    "handler": "CTG"
                },
                {
                    "protocolSessionId": "b56d5f6b-2287-4b6d-9876-d1e5040bf5c9",
                    "account": 123123105,
                    "duration": 20,
                    "date": "2025-05-23T23:55:55.001",
                    "used": 60473164,
                    "losses": 0,
                    "requests": 3,
                    "handler": "CTG"
                },
                {
                    "protocolSessionId": "7793aef5-c62f-4bb5-adfb-e7f9af8b7d28",
                    "account": 123123105,
                    "duration": 20,
                    "date": "2025-05-24T13:54:27.001",
                    "used": 10274,
                    "losses": 0,
                    "requests": 2,
                    "handler": "CTG"
                },
                {
                    "protocolSessionId": "1c9e9caf-e7e8-42a7-9b67-b59361fb6d0e",
                    "account": 123123105,
                    "duration": 20,
                    "date": "2025-05-24T15:49:37.001",
                    "used": 5852160,
                    "losses": 0,
                    "requests": 2,
                    "handler": "CTG"
                },
                {
                    "protocolSessionId": "a7276a94-6b0e-4277-9a82-0dd61b01a2a1",
                    "account": 123123105,
                    "duration": 20,
                    "date": "2025-05-24T17:09:16.001",
                    "used": 3928552,
                    "losses": 0,
                    "requests": 2,
                    "handler": "CTG"
                },
                {
                    "protocolSessionId": "243495fc-02aa-4786-b698-ca4334f23190",
                    "account": 123123105,
                    "duration": 20,
                    "date": "2025-05-24T20:33:19.001",
                    "used": 119171813,
                    "losses": 0,
                    "requests": 3,
                    "handler": "CTG"
                },
                {
                    "protocolSessionId": "b899f6f8-1b0c-43cf-9190-bfab6b5392df",
                    "account": 123123105,
                    "duration": 20,
                    "date": "2025-05-24T20:42:28.001",
                    "used": 44608,
                    "losses": 0,
                    "requests": 2,
                    "handler": "CTG"
                },
                {
                    "protocolSessionId": "7bbff231-e408-4493-a9d9-6e775fd474e7",
                    "account": 123123105,
                    "duration": 20,
                    "date": "2025-05-24T20:48:50.001",
                    "used": 806992,
                    "losses": 0,
                    "requests": 2,
                    "handler": "CTG"
                },
                {
                    "protocolSessionId": "98653b21-70de-4a9b-86fd-754533b403b8",
                    "account": 123123105,
                    "duration": 20,
                    "date": "2025-05-25T01:08:21.001",
                    "used": 399047624,
                    "losses": 0,
                    "requests": 5,
                    "handler": "CTG"
                },
                {
                    "protocolSessionId": "8ff7b6c7-b882-4acc-ad1e-47213c50277c",
                    "account": 123123105,
                    "duration": 20,
                    "date": "2025-05-25T01:41:34.001",
                    "used": 0,
                    "losses": 0,
                    "requests": 1,
                    "handler": "CTG"
                },
                {
                    "protocolSessionId": "b1623c4c-786e-4ffa-ae59-409db1c592cc",
                    "account": 123123105,
                    "duration": 20,
                    "date": "2025-05-25T01:43:20.001",
                    "used": 0,
                    "losses": 0,
                    "requests": 1,
                    "handler": "CTG"
                },
                {
                    "protocolSessionId": "30634480-5a0e-47b9-a162-b79cd777d3b6",
                    "account": 123123105,
                    "duration": 20,
                    "date": "2025-05-26T05:07:43.001",
                    "used": 93338188,
                    "losses": 0,
                    "requests": 3,
                    "handler": "CTG"
                }
            ]
        }
    }
}