{
    "observation": {
        "previous_period_summary": {
            "cnt_percentage": 3.95,
            "cnt_requests": 3,
            "losses_percentage": 0.0,
            "losses_volume": 0
        },
        "current_period": {
            "phase_one": [
                {
                    "protocolSessionId": "1e4093e5-c0ed-4194-9996-f6a801f6fb80",
                    "account": 123123105,
                    "date": "2025-03-26T17:09:28.001",
                    "duration": 5.0,
                    "used": 274270,
                    "losses": 0,
                    "requests": 3,
                    "handler": "CNT"
                }
            ],
            "phase_two": [
                {
                    "protocolSessionId": "63d3e669-a3f3-4f42-9b06-496619fad479",
                    "account": 123123105,
                    "duration": 20,
                    "date": "2025-03-26T18:29:30.001",
                    "used": 89340,
                    "losses": 0,
                    "requests": 2,
                    "handler": "CTG"
                },
                {
                    "protocolSessionId": "baf80a7b-339f-468c-a431-d255b6e6f89a",
                    "account": 123123105,
                    "duration": 20,
                    "date": "2025-03-26T22:48:01.001",
                    "used": 5153208,
                    "losses": 0,
                    "requests": 2,
                    "handler": "CTG"
                },
                {
                    "protocolSessionId": "cf9ad90a-9a2d-4b06-98ac-36abd6f740c8",
                    "account": 123123105,
                    "duration": 20,
                    "date": "2025-03-26T22:48:10.001",
                    "used": 1744,
                    "losses": 0,
                    "requests": 2,
                    "handler": "CTG"
                }
            ]
        }
    }
}