{
    "observation": {
        "previous_period_summary": {
            "cnt_percentage": 0.7,
            "cnt_requests": 2,
            "losses_percentage": 0.0,
            "losses_volume": 0
        },
        "current_period": {
            "phase_one": [
                {
                    "protocolSessionId": "06a9ec08-c70c-43f1-bbea-9fc5f18ef8a8",
                    "account": 123123105,
                    "date": "2025-09-08T15:30:41.001",
                    "duration": 0.0,
                    "used": 3745274,
                    "losses": 0,
                    "requests": 4,
                    "handler": "CNT"
                }
            ],
            "phase_two": [
                {
                    "protocolSessionId": "512b5e45-4a8f-451b-a1cb-bd6b4823aca8",
                    "account": 123123105,
                    "duration": 20,
                    "date": "2025-09-08T16:20:30.001",
                    "used": 17856,
                    "losses": 0,
                    "requests": 2,
                    "handler": "CTG"
                },
                {
                    "protocolSessionId": "fd9eb25c-19de-4461-a18e-5caf5bcb5ab2",
                    "account": 123123105,
                    "duration": 20,
                    "date": "2025-09-08T16:56:30.001",
                    "used": 6176940,
                    "losses": 0,
                    "requests": 2,
                    "handler": "CTG"
                },
                {
                    "protocolSessionId": "1e0d90e2-5af4-4a77-ab12-bda24d27ef14",
                    "account": 123123105,
                    "duration": 20,
                    "date": "2025-09-09T18:40:55.001",
                    "used": 312378004,
                    "losses": 0,
                    "requests": 3,
                    "handler": "CTG"
                },
                {
                    "protocolSessionId": "fd791e06-0aff-4daa-a10e-c979928d38dd",
                    "account": 123123105,
                    "duration": 20,
                    "date": "2025-09-10T10:22:10.001",
                    "used": 133947063,
                    "losses": 0,
                    "requests": 2,
                    "handler": "CTG"
                },
                {
                    "protocolSessionId": "6b6d6705-2e12-4a4c-bb9b-669c6e55ed34",
                    "account": 123123105,
                    "duration": 20,
                    "date": "2025-09-10T20:59:32.001",
                    "used": 30623832,
                    "losses": 0,
                    "requests": 2,
                    "handler": "CTG"
                },
                {
                    "protocolSessionId": "d89c9833-eb21-44c0-8503-2c838f0f249f",
                    "account": 123123105,
                    "duration": 20,
                    "date": "2025-09-11T05:36:06.001",
                    "used": 8206044,
                    "losses": 0,
                    "requests": 2,
                    "handler": "CTG"
                },
                {
                    "protocolSessionId": "62b1fa41-5a10-4328-a7b2-9e0a8f24689b",
                    "account": 123123105,
                    "duration": 20,
                    "date": "2025-09-11T05:51:27.001",
                    "used": 14853666,
                    "losses": 0,
                    "requests": 2,
                    "handler": "CTG"
                },
                {
                    "protocolSessionId": "7550d02d-d4de-49fa-beac-197fed3c1453",
                    "account": 123123105,
                    "duration": 20,
                    "date": "2025-09-12T01:37:07.001",
                    "used": 164729754,
                    "losses": 0,
                    "requests": 2,
                    "handler": "CTG"
                },
                {
                    "protocolSessionId": "fc098c4e-c77f-43a4-b9f9-6be8b475acbd",
                    "account": 123123105,
                    "duration": 20,
                    "date": "2025-09-12T16:28:10.001",
                    "used": 302498607,
                    "losses": 0,
                    "requests": 3,
                    "handler": "CTG"
                },
                {
                    "protocolSessionId": "6c4365fa-4273-4f9a-b439-d7d12c22f7a4",
                    "account": 123123105,
                    "duration": 20,
                    "date": "2025-09-13T12:07:23.001",
                    "used": 347490203,
                    "losses": 0,
                    "requests": 3,
                    "handler": "CTG"
                },
                {
                    "protocolSessionId": "4c380e54-072b-471d-b0c3-baa61e6d3064",
                    "account": 123123105,
                    "duration": 20,
                    "date": "2025-09-13T14:57:22.001",
                    "used": 102074,
                    "losses": 0,
                    "requests": 2,
                    "handler": "CTG"
                },
                {
                    "protocolSessionId": "682fae42-011f-47de-a147-2119ae1414a0",
                    "account": 123123105,
                    "duration": 20,
                    "date": "2025-09-14T17:30:58.001",
                    "used": 27,
                    "losses": 0,
                    "requests": 2,
                    "handler": "CTG"
                },
                {
                    "protocolSessionId": "45686a25-d947-4549-9411-170702bed7bc",
                    "account": 123123105,
                    "duration": 20,
                    "date": "2025-09-14T18:31:04.001",
                    "used": 97585956,
                    "losses": 0,
                    "requests": 2,
                    "handler": "CTG"
                },
                {
                    "protocolSessionId": "2f37c509-26ac-4def-9ec2-dd365459d460",
                    "account": 123123105,
                    "duration": 20,
                    "date": "2025-09-14T18:31:47.001",
                    "used": 1885184,
                    "losses": 0,
                    "requests": 2,
                    "handler": "CTG"
                },
                {
                    "protocolSessionId": "4a5d2615-301c-48eb-a674-a96e53939c56",
                    "account": 123123105,
                    "duration": 20,
                    "date": "2025-09-15T03:30:35.001",
                    "used": 11261835,
                    "losses": 0,
                    "requests": 2,
                    "handler": "CTG"
                },
                {
                    "protocolSessionId": "0303393d-15bc-4d63-8445-a9c53a4af12f",
                    "account": 123123105,
                    "duration": 20,
                    "date": "2025-09-15T04:58:54.001",
                    "used": 186568257,
                    "losses": 0,
                    "requests": 2,
                    "handler": "CTG"
                },
                {
                    "protocolSessionId": "a416b253-281d-444f-aab3-b94e8251a199",
                    "account": 123123105,
                    "duration": 20,
                    "date": "2025-09-17T03:19:34.001",
                    "used": 750412208,
                    "losses": 0,
                    "requests": 5,
                    "handler": "CTG"
                },
                {
                    "protocolSessionId": "ab775858-90ab-46db-b055-01ba5c323880",
                    "account": 123123105,
                    "duration": 20,
                    "date": "2025-09-17T11:10:19.001",
                    "used": 177745371,
                    "losses": 0,
                    "requests": 4,
                    "handler": "CTG"
                },
                {
                    "protocolSessionId": "df872d91-56a5-4411-ac79-d08881f4f4b3",
                    "account": 123123105,
                    "duration": 20,
                    "date": "2025-09-18T00:55:04.001",
                    "used": 677212510,
                    "losses": 0,
                    "requests": 5,
                    "handler": "CTG"
                },
                {
                    "protocolSessionId": "df48d4d5-7de1-46a7-9af3-019525d876f1",
                    "account": 123123105,
                    "duration": 20,
                    "date": "2025-09-18T00:55:06.001",
                    "used": 46092,
                    "losses": 0,
                    "requests": 2,
                    "handler": "CTG"
                },
                {
                    "protocolSessionId": "42be56dc-94d0-4f39-a3c9-8f19cd2cef62",
                    "account": 123123105,
                    "duration": 20,
                    "date": "2025-09-18T02:28:21.001",
                    "used": 0,
                    "losses": 0,
                    "requests": 1,
                    "handler": "CTG"
                },
                {
                    "protocolSessionId": "4e75af18-7fe3-4696-af42-ae24ae50d822",
                    "account": 123123105,
                    "duration": 20,
                    "date": "2025-09-18T05:14:07.001",
                    "used": 1841032,
                    "losses": 0,
                    "requests": 2,
                    "handler": "CTG"
                },
                {
                    "protocolSessionId": "ddfe1528-3b38-452b-89a4-30a4f0e18564",
                    "account": 123123105,
                    "duration": 20,
                    "date": "2025-09-18T05:42:38.001",
                    "used": 0,
                    "losses": 0,
                    "requests": 1,
                    "handler": "CTG"
                },
                {
                    "protocolSessionId": "9bdbabba-db0f-4aa2-8553-85c45abfa43b",
                    "account": 123123105,
                    "duration": 20,
                    "date": "2025-09-18T06:46:26.001",
                    "used": 0,
                    "losses": 0,
                    "requests": 1,
                    "handler": "CTG"
                },
                {
                    "protocolSessionId": "3b02cf0e-297d-44b8-986c-7fbe26000507",
                    "account": 123123105,
                    "duration": 20,
                    "date": "2025-09-18T13:13:59.001",
                    "used": 141612068,
                    "losses": 0,
                    "requests": 3,
                    "handler": "CTG"
                },
                {
                    "protocolSessionId": "2f795deb-298d-46a0-a67c-6865c86bb1af",
                    "account": 123123105,
                    "duration": 20,
                    "date": "2025-09-18T13:47:29.001",
                    "used": 319469276,
                    "losses": 0,
                    "requests": 4,
                    "handler": "CTG"
                },
                {
                    "protocolSessionId": "ce943309-11cc-48dc-abed-0b3b06aeee5d",
                    "account": 123123105,
                    "duration": 20,
                    "date": "2025-09-18T15:27:14.001",
                    "used": 0,
                    "losses": 0,
                    "requests": 1,
                    "handler": "CTG"
                },
                {
                    "protocolSessionId": "636a2eb9-04f8-47fa-a345-a61426f860ec",
                    "account": 123123105,
                    "duration": 20,
                    "date": "2025-09-18T15:32:24.001",
                    "used": 0,
                    "losses": 0,
                    "requests": 1,
                    "handler": "CTG"
                },
                {
                    "protocolSessionId": "203f0d55-d2f0-4c37-9723-62e2fa6ec3ec",
                    "account": 123123105,
                    "duration": 20,
                    "date": "2025-09-18T15:51:48.001",
                    "used": 55319,
                    "losses": 0,
                    "requests": 2,
                    "handler": "CTG"
                },
                {
                    "protocolSessionId": "398099eb-c1be-4b8d-9598-ad1660cabcf5",
                    "account": 123123105,
                    "duration": 20,
                    "date": "2025-09-18T15:52:10.001",
                    "used": 9080,
                    "losses": 0,
                    "requests": 2,
                    "handler": "CTG"
                },
                {
                    "protocolSessionId": "8384ad5e-9554-455c-b6dd-c58013c3f630",
                    "account": 123123105,
                    "duration": 20,
                    "date": "2025-09-18T16:15:23.001",
                    "used": 24,
                    "losses": 0,
                    "requests": 2,
                    "handler": "CTG"
                },
                {
                    "protocolSessionId": "25ff3b0c-9e19-4363-9394-40be2b25d901",
                    "account": 123123105,
                    "duration": 20,
                    "date": "2025-09-18T20:08:37.001",
                    "used": 1348688,
                    "losses": 0,
                    "requests": 2,
                    "handler": "CTG"
                },
                {
                    "protocolSessionId": "13db783c-5318-4b38-9afb-5612d1cef74a",
                    "account": 123123105,
                    "duration": 20,
                    "date": "2025-09-18T20:19:10.001",
                    "used": 19620755,
                    "losses": 0,
                    "requests": 2,
                    "handler": "CTG"
                },
                {
                    "protocolSessionId": "f994efd4-5411-4bc9-b2b2-64dd5b0b76d4",
                    "account": 123123105,
                    "duration": 20,
                    "date": "2025-09-18T22:24:03.001",
                    "used": 56140844,
                    "losses": 0,
                    "requests": 2,
                    "handler": "CTG"
                },
                {
                    "protocolSessionId": "f33b6161-673a-47bb-9fc6-469142fc0f1d",
                    "account": 123123105,
                    "duration": 20,
                    "date": "2025-09-18T23:11:41.001",
                    "used": 50437500,
                    "losses": 0,
                    "requests": 2,
                    "handler": "CTG"
                },
                {
                    "protocolSessionId": "35fa9217-328e-47e3-8a9a-88ecda32c95e",
                    "account": 123123105,
                    "duration": 20,
                    "date": "2025-09-19T20:42:06.001",
                    "used": 354402703,
                    "losses": 0,
                    "requests": 7,
                    "handler": "CTG"
                },
                {
                    "protocolSessionId": "315d05bf-f7cd-4909-bd7f-bd36affd0ea5",
                    "account": 123123105,
                    "duration": 20,
                    "date": "2025-09-19T23:52:48.001",
                    "used": 45764,
                    "losses": 0,
                    "requests": 2,
                    "handler": "CTG"
                },
                {
                    "protocolSessionId": "399ca5e1-b2c8-4961-902f-ab5da8fa3baf",
                    "account": 123123105,
                    "duration": 20,
                    "date": "2025-09-19T23:54:37.001",
                    "used": 0,
                    "losses": 0,
                    "requests": 1,
                    "handler": "CTG"
                },
                {
                    "protocolSessionId": "7175954b-1b9c-4cde-b463-1ba216ade7a4",
                    "account": 123123105,
                    "duration": 20,
                    "date": "2025-09-20T01:59:42.001",
                    "used": 347037118,
                    "losses": 0,
                    "requests": 3,
                    "handler": "CTG"
                },
                {
                    "protocolSessionId": "a910fdfb-3190-4693-ad94-2fdd9fc7a95f",
                    "account": 123123105,
                    "duration": 20,
                    "date": "2025-09-20T09:09:09.001",
                    "used": 182934744,
                    "losses": 0,
                    "requests": 4,
                    "handler": "CTG"
                },
                {
                    "protocolSessionId": "01141c74-3446-4008-97d2-a0718954b742",
                    "account": 123123105,
                    "duration": 20,
                    "date": "2025-09-20T09:57:26.001",
                    "used": 28395424,
                    "losses": 0,
                    "requests": 3,
                    "handler": "CTG"
                },
                {
                    "protocolSessionId": "afa123ac-5690-4220-8763-4379e5022031",
                    "account": 123123105,
                    "duration": 20,
                    "date": "2025-09-20T12:04:46.001",
                    "used": 646680,
                    "losses": 0,
                    "requests": 2,
                    "handler": "CTG"
                },
                {
                    "protocolSessionId": "969074a6-0a87-4e8c-907f-3419d0bb8434",
                    "account": 123123105,
                    "duration": 20,
                    "date": "2025-09-20T17:29:45.001",
                    "used": 77905885,
                    "losses": 0,
                    "requests": 3,
                    "handler": "CTG"
                },
                {
                    "protocolSessionId": "f816be41-04af-497b-972d-cef948450598",
                    "account": 123123105,
                    "duration": 20,
                    "date": "2025-09-21T21:56:41.001",
                    "used": 4588322,
                    "losses": 0,
                    "requests": 2,
                    "handler": "CTG"
                },
                {
                    "protocolSessionId": "6254875f-a294-429e-9854-648f9f556462",
                    "account": 123123105,
                    "duration": 20,
                    "date": "2025-09-22T02:34:14.001",
                    "used": 572058949,
                    "losses": 0,
                    "requests": 4,
                    "handler": "CTG"
                },
                {
                    "protocolSessionId": "3ebba663-a202-40b5-a33d-ba0c5d12a8d5",
                    "account": 123123105,
                    "duration": 20,
                    "date": "2025-09-22T08:32:41.001",
                    "used": 50790344,
                    "losses": 0,
                    "requests": 3,
                    "handler": "CTG"
                },
                {
                    "protocolSessionId": "e86df40e-a8d4-41e2-bbca-4087f482807b",
                    "account": 123123105,
                    "duration": 20,
                    "date": "2025-09-22T13:52:07.001",
                    "used": 3774429,
                    "losses": 0,
                    "requests": 2,
                    "handler": "CTG"
                },
                {
                    "protocolSessionId": "e39c9631-cf26-4e28-8a33-01f0393417b8",
                    "account": 123123105,
                    "duration": 20,
                    "date": "2025-09-22T17:43:16.001",
                    "used": 5635736,
                    "losses": 0,
                    "requests": 2,
                    "handler": "CTG"
                },
                {
                    "protocolSessionId": "66bef77c-9f50-4b8d-bc2b-6c9b613de843",
                    "account": 123123105,
                    "duration": 20,
                    "date": "2025-09-22T19:26:02.001",
                    "used": 121394025,
                    "losses": 0,
                    "requests": 2,
                    "handler": "CTG"
                },
                {
                    "protocolSessionId": "7680b519-8dae-411b-a7f6-d187048a3f13",
                    "account": 123123105,
                    "duration": 20,
                    "date": "2025-09-22T19:36:56.001",
                    "used": 8007615,
                    "losses": 0,
                    "requests": 2,
                    "handler": "CTG"
                },
                {
                    "protocolSessionId": "0220f565-ec2d-4d04-b223-83028991f8b7",
                    "account": 123123105,
                    "duration": 20,
                    "date": "2025-09-22T23:33:44.001",
                    "used": 26904864,
                    "losses": 0,
                    "requests": 2,
                    "handler": "CTG"
                },
                {
                    "protocolSessionId": "dafa22d2-596b-4b27-a108-38b5e46b943a",
                    "account": 123123105,
                    "duration": 20,
                    "date": "2025-09-23T01:13:12.001",
                    "used": 67759197,
                    "losses": 0,
                    "requests": 2,
                    "handler": "CTG"
                },
                {
                    "protocolSessionId": "e562bf25-7195-48dc-80d2-797723239b04",
                    "account": 123123105,
                    "duration": 20,
                    "date": "2025-09-23T04:31:36.001",
                    "used": 3246,
                    "losses": 0,
                    "requests": 2,
                    "handler": "CTG"
                },
                {
                    "protocolSessionId": "a675626a-1dd3-4f46-9029-e2f75f3f9903",
                    "account": 123123105,
                    "duration": 20,
                    "date": "2025-09-23T05:37:22.001",
                    "used": 2400,
                    "losses": 0,
                    "requests": 2,
                    "handler": "CTG"
                },
                {
                    "protocolSessionId": "373f4140-64b5-441f-8362-b89c35f387ed",
                    "account": 123123105,
                    "duration": 20,
                    "date": "2025-09-23T05:45:09.001",
                    "used": 568412,
                    "losses": 0,
                    "requests": 2,
                    "handler": "CTG"
                },
                {
                    "protocolSessionId": "ea08e8fe-f3ec-4aed-87dc-15b36210db32",
                    "account": 123123105,
                    "duration": 20,
                    "date": "2025-09-23T12:11:38.001",
                    "used": 12288,
                    "losses": 0,
                    "requests": 2,
                    "handler": "CTG"
                },
                {
                    "protocolSessionId": "8c4f3420-d48f-43c9-83d0-fa5c89609cb5",
                    "account": 123123105,
                    "duration": 20,
                    "date": "2025-09-23T12:27:32.001",
                    "used": 174150511,
                    "losses": 0,
                    "requests": 5,
                    "handler": "CTG"
                },
                {
                    "protocolSessionId": "9ab9af4f-6a0e-482a-8ed1-f54cfc9a1312",
                    "account": 123123105,
                    "duration": 20,
                    "date": "2025-09-23T13:12:51.001",
                    "used": 0,
                    "losses": 0,
                    "requests": 1,
                    "handler": "CTG"
                },
                {
                    "protocolSessionId": "8d925bf8-b353-443b-baca-b97509a0de9e",
                    "account": 123123105,
                    "duration": 20,
                    "date": "2025-09-23T14:52:52.001",
                    "used": 0,
                    "losses": 0,
                    "requests": 1,
                    "handler": "CTG"
                },
                {
                    "protocolSessionId": "46cd0246-689a-4908-a920-5d53f0df2a5a",
                    "account": 123123105,
                    "duration": 20,
                    "date": "2025-09-23T16:11:47.001",
                    "used": 0,
                    "losses": 0,
                    "requests": 1,
                    "handler": "CTG"
                },
                {
                    "protocolSessionId": "af3a4fc3-692b-4678-9b86-895340e8a036",
                    "account": 123123105,
                    "duration": 20,
                    "date": "2025-09-23T16:11:49.001",
                    "used": 0,
                    "losses": 0,
                    "requests": 1,
                    "handler": "CTG"
                },
                {
                    "protocolSessionId": "310c560b-067a-4664-859a-42f1901b4163",
                    "account": 123123105,
                    "duration": 20,
                    "date": "2025-09-23T16:12:37.001",
                    "used": 657195,
                    "losses": 0,
                    "requests": 2,
                    "handler": "CTG"
                },
                {
                    "protocolSessionId": "a1aa3fa4-123d-4e6c-b6d9-81a971c7b868",
                    "account": 123123105,
                    "duration": 20,
                    "date": "2025-09-24T07:46:37.001",
                    "used": 238596565,
                    "losses": 0,
                    "requests": 4,
                    "handler": "CTG"
                },
                {
                    "protocolSessionId": "cfc65865-7f2d-4e53-ad85-67b7591cd696",
                    "account": 123123105,
                    "duration": 20,
                    "date": "2025-09-25T00:48:30.001",
                    "used": 75085987,
                    "losses": 0,
                    "requests": 3,
                    "handler": "CTG"
                },
                {
                    "protocolSessionId": "d6b0c3c7-7e9e-4ca3-88f5-efe6f9a3e1b0",
                    "account": 123123105,
                    "duration": 20,
                    "date": "2025-09-25T01:54:16.001",
                    "used": 52272041,
                    "losses": 0,
                    "requests": 3,
                    "handler": "CTG"
                },
                {
                    "protocolSessionId": "55e27c2c-5db7-4a41-a082-ee6dcb9c2df5",
                    "account": 123123105,
                    "duration": 20,
                    "date": "2025-09-25T03:08:44.001",
                    "used": 801827,
                    "losses": 0,
                    "requests": 2,
                    "handler": "CTG"
                },
                {
                    "protocolSessionId": "5f221606-7817-48b3-a2f7-617a7af9361f",
                    "account": 123123105,
                    "duration": 20,
                    "date": "2025-09-25T10:21:48.001",
                    "used": 102324,
                    "losses": 0,
                    "requests": 2,
                    "handler": "CTG"
                },
                {
                    "protocolSessionId": "d8d12c3e-b5e3-41ad-8fd0-b8461794859d",
                    "account": 123123105,
                    "duration": 20,
                    "date": "2025-09-25T12:01:17.001",
                    "used": 105132212,
                    "losses": 0,
                    "requests": 3,
                    "handler": "CTG"
                },
                {
                    "protocolSessionId": "d4e538d4-c627-44e8-b817-89d6a5303402",
                    "account": 123123105,
                    "duration": 20,
                    "date": "2025-09-25T12:29:42.001",
                    "used": 212898562,
                    "losses": 0,
                    "requests": 4,
                    "handler": "CTG"
                },
                {
                    "protocolSessionId": "9790352b-f04f-4fc1-839d-eafe65807773",
                    "account": 123123105,
                    "duration": 20,
                    "date": "2025-09-25T14:10:03.001",
                    "used": 41052953,
                    "losses": 0,
                    "requests": 3,
                    "handler": "CTG"
                },
                {
                    "protocolSessionId": "8ac544ab-7815-4906-85b9-f9534fd9d8a4",
                    "account": 123123105,
                    "duration": 20,
                    "date": "2025-09-25T19:35:31.001",
                    "used": 1357110,
                    "losses": 0,
                    "requests": 2,
                    "handler": "CTG"
                },
                {
                    "protocolSessionId": "1fdb154e-9c7a-4bb9-9021-f27b8207a5b7",
                    "account": 123123105,
                    "duration": 20,
                    "date": "2025-09-27T08:43:39.001",
                    "used": 0,
                    "losses": 0,
                    "requests": 1,
                    "handler": "CTG"
                },
                {
                    "protocolSessionId": "bf80493b-0e2a-47a0-a9ca-135dce7eda35",
                    "account": 123123105,
                    "duration": 20,
                    "date": "2025-09-27T08:45:02.001",
                    "used": 0,
                    "losses": 0,
                    "requests": 1,
                    "handler": "CTG"
                },
                {
                    "protocolSessionId": "63c5a48b-8114-464e-8ed1-ce0d76eecd30",
                    "account": 123123105,
                    "duration": 20,
                    "date": "2025-09-27T13:54:45.001",
                    "used": 2919270,
                    "losses": 0,
                    "requests": 2,
                    "handler": "CTG"
                },
                {
                    "protocolSessionId": "9efd25a0-1063-472d-a218-32b969f04efa",
                    "account": 123123105,
                    "duration": 20,
                    "date": "2025-09-27T15:59:40.001",
                    "used": 151019016,
                    "losses": 0,
                    "requests": 4,
                    "handler": "CTG"
                },
                {
                    "protocolSessionId": "d55ac85d-0f0b-4634-8011-87d466497270",
                    "account": 123123105,
                    "duration": 20,
                    "date": "2025-09-27T23:17:13.001",
                    "used": 63098791,
                    "losses": 0,
                    "requests": 3,
                    "handler": "CTG"
                },
                {
                    "protocolSessionId": "b165e597-bd8b-4d09-b9dc-40b308689bfb",
                    "account": 123123105,
                    "duration": 20,
                    "date": "2025-09-28T02:51:11.001",
                    "used": 125721,
                    "losses": 0,
                    "requests": 2,
                    "handler": "CTG"
                },
                {
                    "protocolSessionId": "19f78cd0-af57-4f35-ab0a-bf2afb997529",
                    "account": 123123105,
                    "duration": 20,
                    "date": "2025-09-30T01:05:27.001",
                    "used": 65126133,
                    "losses": 0,
                    "requests": 2,
                    "handler": "CTG"
                },
                {
                    "protocolSessionId": "a19a5296-7e2f-4a1a-9f2f-cd4d7f36c5fe",
                    "account": 123123105,
                    "duration": 20,
                    "date": "2025-09-30T01:18:30.001",
                    "used": 26686,
                    "losses": 0,
                    "requests": 2,
                    "handler": "CTG"
                },
                {
                    "protocolSessionId": "27fe82e6-37a2-49e9-988e-bca24c5a1777",
                    "account": 123123105,
                    "duration": 20,
                    "date": "2025-09-30T01:19:56.001",
                    "used": 2028,
                    "losses": 0,
                    "requests": 2,
                    "handler": "CTG"
                },
                {
                    "protocolSessionId": "e364c928-6fb1-4a87-8a43-da7fdc606687",
                    "account": 123123105,
                    "duration": 20,
                    "date": "2025-09-30T01:20:34.001",
                    "used": 283224,
                    "losses": 0,
                    "requests": 2,
                    "handler": "CTG"
                },
                {
                    "protocolSessionId": "e8a79818-9f11-4d01-a64a-3bbfc00ffd7f",
                    "account": 123123105,
                    "duration": 20,
                    "date": "2025-10-01T16:26:43.001",
                    "used": 198970718,
                    "losses": 0,
                    "requests": 5,
                    "handler": "CTG"
                },
                {
                    "protocolSessionId": "79d8f4b6-59d0-4f9b-86f5-75aab780ea5c",
                    "account": 123123105,
                    "duration": 20,
                    "date": "2025-10-01T20:07:58.001",
                    "used": 188308548,
                    "losses": 0,
                    "requests": 5,
                    "handler": "CTG"
                },
                {
                    "protocolSessionId": "dbf83345-376d-4e40-8f34-0e6f0347231a",
                    "account": 123123105,
                    "duration": 20,
                    "date": "2025-10-02T16:44:25.001",
                    "used": 4371008,
                    "losses": 0,
                    "requests": 2,
                    "handler": "CTG"
                },
                {
                    "protocolSessionId": "4429eb6d-9c40-44c6-885b-fbeb15b091df",
                    "account": 123123105,
                    "duration": 20,
                    "date": "2025-10-02T22:10:57.001",
                    "used": 181544538,
                    "losses": 0,
                    "requests": 4,
                    "handler": "CTG"
                },
                {
                    "protocolSessionId": "23556260-4ac6-435a-ba0e-1a0e8bf8085a",
                    "account": 123123105,
                    "duration": 20,
                    "date": "2025-10-02T23:03:58.001",
                    "used": 8929899,
                    "losses": 0,
                    "requests": 2,
                    "handler": "CTG"
                },
                {
                    "protocolSessionId": "7eaa1dd7-d399-4b8b-a2ea-8355e2c105ed",
                    "account": 123123105,
                    "duration": 20,
                    "date": "2025-10-03T10:04:20.001",
                    "used": 7025,
                    "losses": 0,
                    "requests": 2,
                    "handler": "CTG"
                },
                {
                    "protocolSessionId": "27459517-9910-4786-91ae-a3ab34c4dbb8",
                    "account": 123123105,
                    "duration": 20,
                    "date": "2025-10-03T17:08:53.001",
                    "used": 330213,
                    "losses": 0,
                    "requests": 2,
                    "handler": "CTG"
                },
                {
                    "protocolSessionId": "087e4731-8185-4f1c-aad1-840502a04207",
                    "account": 123123105,
                    "duration": 20,
                    "date": "2025-10-03T20:26:35.001",
                    "used": 8353,
                    "losses": 0,
                    "requests": 2,
                    "handler": "CTG"
                },
                {
                    "protocolSessionId": "5d67baea-91ee-41ae-bdd0-50b8b82fd0db",
                    "account": 123123105,
                    "duration": 20,
                    "date": "2025-10-04T08:52:19.001",
                    "used": 798989,
                    "losses": 0,
                    "requests": 2,
                    "handler": "CTG"
                },
                {
                    "protocolSessionId": "c15a6879-083c-4713-b357-e84693f21599",
                    "account": 123123105,
                    "duration": 20,
                    "date": "2025-10-04T11:58:39.001",
                    "used": 194584,
                    "losses": 0,
                    "requests": 2,
                    "handler": "CTG"
                },
                {
                    "protocolSessionId": "ccddd80a-6f4d-40fe-9dde-f39bcb556c1a",
                    "account": 123123105,
                    "duration": 20,
                    "date": "2025-10-04T12:04:27.001",
                    "used": 4182,
                    "losses": 0,
                    "requests": 2,
                    "handler": "CTG"
                },
                {
                    "protocolSessionId": "5f1dde45-47b6-4a38-a1b8-a9991bc6ad83",
                    "account": 123123105,
                    "duration": 20,
                    "date": "2025-10-04T14:53:29.001",
                    "used": 146877934,
                    "losses": 0,
                    "requests": 4,
                    "handler": "CTG"
                },
                {
                    "protocolSessionId": "b5a2715e-5d53-438f-8ac3-d4ce36b94c39",
                    "account": 123123105,
                    "duration": 20,
                    "date": "2025-10-04T16:12:58.001",
                    "used": 23168448,
                    "losses": 0,
                    "requests": 2,
                    "handler": "CTG"
                },
                {
                    "protocolSessionId": "c497703e-521c-4fd7-98c5-13c3522a690a",
                    "account": 123123105,
                    "duration": 20,
                    "date": "2025-10-05T04:57:23.001",
                    "used": 110472003,
                    "losses": 0,
                    "requests": 3,
                    "handler": "CTG"
                },
                {
                    "protocolSessionId": "26af0a53-c38a-4e02-8ec6-a7a6adee6e43",
                    "account": 123123105,
                    "duration": 20,
                    "date": "2025-10-06T03:04:22.001",
                    "used": 655047669,
                    "losses": 0,
                    "requests": 6,
                    "handler": "CTG"
                },
                {
                    "protocolSessionId": "64618561-2317-45e0-b9d6-3b36481f4791",
                    "account": 123123105,
                    "duration": 20,
                    "date": "2025-10-06T04:50:01.001",
                    "used": 6882,
                    "losses": 0,
                    "requests": 2,
                    "handler": "CTG"
                },
                {
                    "protocolSessionId": "6e9ed104-1905-4a45-afc6-d419dd5eac16",
                    "account": 123123105,
                    "duration": 20,
                    "date": "2025-10-06T09:47:13.001",
                    "used": 233770353,
                    "losses": 0,
                    "requests": 4,
                    "handler": "CTG"
                },
                {
                    "protocolSessionId": "a34ed537-7849-4137-b5d2-1793f6209b1f",
                    "account": 123123105,
                    "duration": 20,
                    "date": "2025-10-06T10:26:33.001",
                    "used": 3680,
                    "losses": 0,
                    "requests": 2,
                    "handler": "CTG"
                },
                {
                    "protocolSessionId": "a70536bb-2a00-4a6d-a1d8-225374e8d312",
                    "account": 123123105,
                    "duration": 20,
                    "date": "2025-10-06T15:02:56.001",
                    "used": 297,
                    "losses": 0,
                    "requests": 2,
                    "handler": "CTG"
                },
                {
                    "protocolSessionId": "6958975b-91a5-492e-a1b0-5976c75e5a8e",
                    "account": 123123105,
                    "duration": 20,
                    "date": "2025-10-06T19:51:04.001",
                    "used": 475616,
                    "losses": 0,
                    "requests": 2,
                    "handler": "CTG"
                },
                {
                    "protocolSessionId": "6a0c2647-ee4f-440a-8418-47022366c138",
                    "account": 123123105,
                    "duration": 20,
                    "date": "2025-10-06T20:14:19.001",
                    "used": 877950,
                    "losses": 0,
                    "requests": 2,
                    "handler": "CTG"
                },
                {
                    "protocolSessionId": "78cf081b-8b4d-4f7c-b017-c088e8105130",
                    "account": 123123105,
                    "duration": 20,
                    "date": "2025-10-06T20:16:51.001",
                    "used": 85203242,
                    "losses": 0,
                    "requests": 3,
                    "handler": "CTG"
                },
                {
                    "protocolSessionId": "6070acfb-c0df-447b-b79f-810ee43b5db4",
                    "account": 123123105,
                    "duration": 20,
                    "date": "2025-10-06T20:30:10.001",
                    "used": 42891660,
                    "losses": 0,
                    "requests": 3,
                    "handler": "CTG"
                },
                {
                    "protocolSessionId": "0e01f57a-679c-4708-a5d6-55b9e5daca1d",
                    "account": 123123105,
                    "duration": 20,
                    "date": "2025-10-06T20:59:41.001",
                    "used": 0,
                    "losses": 0,
                    "requests": 1,
                    "handler": "CTG"
                },
                {
                    "protocolSessionId": "f9077b45-213c-4123-b441-d0c0703f85f7",
                    "account": 123123105,
                    "duration": 20,
                    "date": "2025-10-06T21:00:30.001",
                    "used": 46944,
                    "losses": 0,
                    "requests": 2,
                    "handler": "CTG"
                },
                {
                    "protocolSessionId": "1b1f6e1c-6fae-4ee6-b78a-33da8eca99d9",
                    "account": 123123105,
                    "duration": 20,
                    "date": "2025-10-06T21:28:20.001",
                    "used": 222192,
                    "losses": 0,
                    "requests": 2,
                    "handler": "CTG"
                },
                {
                    "protocolSessionId": "5e6c961d-478e-414c-bdac-166f2ff4939b",
                    "account": 123123105,
                    "duration": 20,
                    "date": "2025-10-07T09:09:13.001",
                    "used": 16493100,
                    "losses": 0,
                    "requests": 2,
                    "handler": "CTG"
                },
                {
                    "protocolSessionId": "dd942dfb-263f-4258-99f2-b771b5d65721",
                    "account": 123123105,
                    "duration": 20,
                    "date": "2025-10-07T09:55:05.001",
                    "used": 4103232,
                    "losses": 0,
                    "requests": 2,
                    "handler": "CTG"
                },
                {
                    "protocolSessionId": "618ed262-6a08-4ea6-ae22-2180f8902074",
                    "account": 123123105,
                    "duration": 20,
                    "date": "2025-10-08T00:31:50.001",
                    "used": 216370500,
                    "losses": 0,
                    "requests": 5,
                    "handler": "CTG"
                },
                {
                    "protocolSessionId": "6aca178c-ea75-473b-80fb-c66c396d9430",
                    "account": 123123105,
                    "duration": 20,
                    "date": "2025-10-08T00:39:12.001",
                    "used": 6477,
                    "losses": 0,
                    "requests": 2,
                    "handler": "CTG"
                },
                {
                    "protocolSessionId": "733aadad-6f7a-46ff-ab0f-9da79f56f41d",
                    "account": 123123105,
                    "duration": 20,
                    "date": "2025-10-08T01:40:32.001",
                    "used": 117632,
                    "losses": 0,
                    "requests": 2,
                    "handler": "CTG"
                },
                {
                    "protocolSessionId": "3ecb3f1a-dbcc-465d-b6ae-9447b27efe81",
                    "account": 123123105,
                    "duration": 20,
                    "date": "2025-10-08T18:17:10.001",
                    "used": 122480,
                    "losses": 0,
                    "requests": 2,
                    "handler": "CTG"
                },
                {
                    "protocolSessionId": "ebd45b81-6979-46d6-9e82-54a7998727cd",
                    "account": 123123105,
                    "duration": 20,
                    "date": "2025-10-09T14:09:46.001",
                    "used": 95594128,
                    "losses": 0,
                    "requests": 3,
                    "handler": "CTG"
                },
                {
                    "protocolSessionId": "46b5dc8d-b73d-49f5-8061-165641ca0bab",
                    "account": 123123105,
                    "duration": 20,
                    "date": "2025-10-10T09:56:38.001",
                    "used": 2991730,
                    "losses": 0,
                    "requests": 2,
                    "handler": "CTG"
                },
                {
                    "protocolSessionId": "32132f8f-540c-4ee5-a0fb-92f57e694745",
                    "account": 123123105,
                    "duration": 20,
                    "date": "2025-10-10T09:57:39.001",
                    "used": 396459,
                    "losses": 0,
                    "requests": 2,
                    "handler": "CTG"
                },
                {
                    "protocolSessionId": "7254809f-945d-4b26-a047-f20d88c80b20",
                    "account": 123123105,
                    "duration": 20,
                    "date": "2025-10-10T11:50:11.001",
                    "used": 12576,
                    "losses": 0,
                    "requests": 2,
                    "handler": "CTG"
                },
                {
                    "protocolSessionId": "74417cb3-6e05-4e7d-8047-27fd232ed6f9",
                    "account": 123123105,
                    "duration": 20,
                    "date": "2025-10-10T14:34:30.001",
                    "used": 2477349,
                    "losses": 0,
                    "requests": 2,
                    "handler": "CTG"
                },
                {
                    "protocolSessionId": "55a1ce1a-186f-4258-b879-433700d68d7b",
                    "account": 123123105,
                    "duration": 20,
                    "date": "2025-10-11T03:04:04.001",
                    "used": 54466288,
                    "losses": 0,
                    "requests": 3,
                    "handler": "CTG"
                },
                {
                    "protocolSessionId": "23a8fe4f-917a-4de8-acf4-625a94e4877e",
                    "account": 123123105,
                    "duration": 20,
                    "date": "2025-10-11T03:11:52.001",
                    "used": 3819944,
                    "losses": 0,
                    "requests": 2,
                    "handler": "CTG"
                },
                {
                    "protocolSessionId": "f5f3426f-73b7-4fbc-8d84-74ccc2f7ce69",
                    "account": 123123105,
                    "duration": 20,
                    "date": "2025-10-11T04:48:50.001",
                    "used": 840898,
                    "losses": 0,
                    "requests": 2,
                    "handler": "CTG"
                },
                {
                    "protocolSessionId": "8883a776-e95b-4244-b94d-90a7f87d8ec0",
                    "account": 123123105,
                    "duration": 20,
                    "date": "2025-10-11T07:57:00.001",
                    "used": 142387142,
                    "losses": 0,
                    "requests": 3,
                    "handler": "CTG"
                },
                {
                    "protocolSessionId": "2314502e-4b20-438e-81d6-b56e54ed7828",
                    "account": 123123105,
                    "duration": 20,
                    "date": "2025-10-12T01:07:18.001",
                    "used": 98215900,
                    "losses": 0,
                    "requests": 3,
                    "handler": "CTG"
                },
                {
                    "protocolSessionId": "1b99f50c-b07b-4008-b48b-5b2094b6c23f",
                    "account": 123123105,
                    "duration": 20,
                    "date": "2025-10-12T01:35:33.001",
                    "used": 22316,
                    "losses": 0,
                    "requests": 2,
                    "handler": "CTG"
                },
                {
                    "protocolSessionId": "749c1009-83b4-4a21-b668-c66d949ff839",
                    "account": 123123105,
                    "duration": 20,
                    "date": "2025-10-12T04:37:47.001",
                    "used": 207095080,
                    "losses": 0,
                    "requests": 2,
                    "handler": "CTG"
                },
                {
                    "protocolSessionId": "d939100c-9d2f-4c88-85c0-ce96e31016a5",
                    "account": 123123105,
                    "duration": 20,
                    "date": "2025-10-12T04:53:46.001",
                    "used": 0,
                    "losses": 0,
                    "requests": 1,
                    "handler": "CTG"
                },
                {
                    "protocolSessionId": "4520be67-657f-49e5-b747-1d98be3953f4",
                    "account": 123123105,
                    "duration": 20,
                    "date": "2025-10-12T06:01:00.001",
                    "used": 106283443,
                    "losses": 0,
                    "requests": 3,
                    "handler": "CTG"
                },
                {
                    "protocolSessionId": "3055adcd-fe45-4145-aa1f-ec64a8d64bf3",
                    "account": 123123105,
                    "duration": 20,
                    "date": "2025-10-12T11:41:49.001",
                    "used": 293664,
                    "losses": 0,
                    "requests": 2,
                    "handler": "CTG"
                },
                {
                    "protocolSessionId": "40ecf9d9-b8d4-4a23-909c-4adb2346f1d8",
                    "account": 123123105,
                    "duration": 20,
                    "date": "2025-10-12T12:10:09.001",
                    "used": 2866183,
                    "losses": 0,
                    "requests": 2,
                    "handler": "CTG"
                },
                {
                    "protocolSessionId": "874e58da-1563-487f-a2d9-6599687b1724",
                    "account": 123123105,
                    "duration": 20,
                    "date": "2025-10-12T12:22:18.001",
                    "used": 1024386,
                    "losses": 0,
                    "requests": 2,
                    "handler": "CTG"
                },
                {
                    "protocolSessionId": "9fe84151-310f-4ade-896c-7ca2b4c987f9",
                    "account": 123123105,
                    "duration": 20,
                    "date": "2025-10-12T12:32:56.001",
                    "used": 112394720,
                    "losses": 0,
                    "requests": 4,
                    "handler": "CTG"
                },
                {
                    "protocolSessionId": "1949bba2-b7b2-40ff-bd40-7fa66feb881e",
                    "account": 123123105,
                    "duration": 20,
                    "date": "2025-10-12T12:58:01.001",
                    "used": 150768,
                    "losses": 0,
                    "requests": 2,
                    "handler": "CTG"
                },
                {
                    "protocolSessionId": "e6a5d8b0-5e2d-4cb2-bb6f-09ade832efa4",
                    "account": 123123105,
                    "duration": 20,
                    "date": "2025-10-12T14:00:55.001",
                    "used": 165280,
                    "losses": 0,
                    "requests": 2,
                    "handler": "CTG"
                },
                {
                    "protocolSessionId": "be3fda07-11d2-4192-8f35-bebee33afe41",
                    "account": 123123105,
                    "duration": 20,
                    "date": "2025-10-12T15:25:29.001",
                    "used": 67701389,
                    "losses": 0,
                    "requests": 5,
                    "handler": "CTG"
                },
                {
                    "protocolSessionId": "3690641f-c4f5-41e0-aa34-b88dd492500f",
                    "account": 123123105,
                    "duration": 20,
                    "date": "2025-10-13T03:55:27.001",
                    "used": 1113580063,
                    "losses": 0,
                    "requests": 5,
                    "handler": "CTG"
                },
                {
                    "protocolSessionId": "23890c92-de6b-441c-b4ed-1df7f90b3f13",
                    "account": 123123105,
                    "duration": 20,
                    "date": "2025-10-14T04:38:54.001",
                    "used": 7297508,
                    "losses": 0,
                    "requests": 2,
                    "handler": "CTG"
                },
                {
                    "protocolSessionId": "7cecaade-ee3c-4b27-8c10-e4bed0fef226",
                    "account": 123123105,
                    "duration": 20,
                    "date": "2025-10-14T21:56:42.001",
                    "used": 153066937,
                    "losses": 0,
                    "requests": 3,
                    "handler": "CTG"
                },
                {
                    "protocolSessionId": "70f17adc-7460-4513-8c33-12548804e269",
                    "account": 123123105,
                    "duration": 20,
                    "date": "2025-10-15T10:24:32.001",
                    "used": 0,
                    "losses": 0,
                    "requests": 1,
                    "handler": "CTG"
                },
                {
                    "protocolSessionId": "1bb80a2f-8c4b-429b-a39f-11cbec8930b4",
                    "account": 123123105,
                    "duration": 20,
                    "date": "2025-10-15T11:44:06.001",
                    "used": 6763840,
                    "losses": 0,
                    "requests": 2,
                    "handler": "CTG"
                },
                {
                    "protocolSessionId": "9634c2d9-f062-4204-9249-9cbf9c65834c",
                    "account": 123123105,
                    "duration": 20,
                    "date": "2025-10-15T11:58:52.001",
                    "used": 1531700,
                    "losses": 0,
                    "requests": 2,
                    "handler": "CTG"
                },
                {
                    "protocolSessionId": "890b4ed6-f696-4fa8-9580-314e05a4986a",
                    "account": 123123105,
                    "duration": 20,
                    "date": "2025-10-15T11:59:21.001",
                    "used": 258830,
                    "losses": 0,
                    "requests": 2,
                    "handler": "CTG"
                },
                {
                    "protocolSessionId": "bcfd53eb-934e-437e-81b4-d791268115e6",
                    "account": 123123105,
                    "duration": 20,
                    "date": "2025-10-15T20:17:54.001",
                    "used": 332824188,
                    "losses": 0,
                    "requests": 5,
                    "handler": "CTG"
                },
                {
                    "protocolSessionId": "2cd56ff9-d7e8-4efb-a70a-037976673c06",
                    "account": 123123105,
                    "duration": 20,
                    "date": "2025-10-15T20:43:31.001",
                    "used": 184506,
                    "losses": 0,
                    "requests": 2,
                    "handler": "CTG"
                },
                {
                    "protocolSessionId": "835746b2-6588-451f-b5de-f24cfb82ec28",
                    "account": 123123105,
                    "duration": 20,
                    "date": "2025-10-15T22:26:03.001",
                    "used": 3287300,
                    "losses": 0,
                    "requests": 2,
                    "handler": "CTG"
                },
                {
                    "protocolSessionId": "b96a3346-c7ed-409c-abbf-abc23a6b0b18",
                    "account": 123123105,
                    "duration": 20,
                    "date": "2025-10-15T23:06:28.001",
                    "used": 324662,
                    "losses": 0,
                    "requests": 2,
                    "handler": "CTG"
                },
                {
                    "protocolSessionId": "0265f6fa-cef4-4965-b937-72c8abe42818",
                    "account": 123123105,
                    "duration": 20,
                    "date": "2025-10-15T23:50:25.001",
                    "used": 7022682,
                    "losses": 0,
                    "requests": 2,
                    "handler": "CTG"
                },
                {
                    "protocolSessionId": "f0d69f94-eb5c-46d2-a053-1ff44edf6e7a",
                    "account": 123123105,
                    "duration": 20,
                    "date": "2025-10-16T07:34:31.001",
                    "used": 844539114,
                    "losses": 0,
                    "requests": 4,
                    "handler": "CTG"
                },
                {
                    "protocolSessionId": "81489211-e820-494b-9e99-059a01241122",
                    "account": 123123105,
                    "duration": 20,
                    "date": "2025-10-16T11:54:42.001",
                    "used": 171668,
                    "losses": 0,
                    "requests": 2,
                    "handler": "CTG"
                },
                {
                    "protocolSessionId": "225fa5d7-4c61-4307-8559-f624f66f19ed",
                    "account": 123123105,
                    "duration": 20,
                    "date": "2025-10-16T11:55:39.001",
                    "used": 689,
                    "losses": 0,
                    "requests": 2,
                    "handler": "CTG"
                },
                {
                    "protocolSessionId": "34c3f102-2279-4a34-a7bc-48d557e8f7b0",
                    "account": 123123105,
                    "duration": 20,
                    "date": "2025-10-16T14:44:30.001",
                    "used": 191503386,
                    "losses": 0,
                    "requests": 2,
                    "handler": "CTG"
                },
                {
                    "protocolSessionId": "f45df3c7-2c78-4f2e-bac3-d28da0c6e255",
                    "account": 123123105,
                    "duration": 20,
                    "date": "2025-10-16T15:51:50.001",
                    "used": 7241706,
                    "losses": 0,
                    "requests": 2,
                    "handler": "CTG"
                },
                {
                    "protocolSessionId": "b43a3b62-3bd0-4e92-9dd8-7650806e8df7",
                    "account": 123123105,
                    "duration": 20,
                    "date": "2025-10-16T16:38:04.001",
                    "used": 19857101,
                    "losses": 0,
                    "requests": 2,
                    "handler": "CTG"
                },
                {
                    "protocolSessionId": "93133d5e-8392-489f-a56e-fb849ab6e5df",
                    "account": 123123105,
                    "duration": 20,
                    "date": "2025-10-16T18:44:53.001",
                    "used": 84612,
                    "losses": 0,
                    "requests": 2,
                    "handler": "CTG"
                },
                {
                    "protocolSessionId": "6e92a0ef-f109-412f-91d0-b03de0b03bb9",
                    "account": 123123105,
                    "duration": 20,
                    "date": "2025-10-17T00:10:21.001",
                    "used": 481370333,
                    "losses": 0,
                    "requests": 7,
                    "handler": "CTG"
                },
                {
                    "protocolSessionId": "8d2050dc-45d0-4380-85dd-20d2cb930f0b",
                    "account": 123123105,
                    "duration": 20,
                    "date": "2025-10-17T05:14:44.001",
                    "used": 580659814,
                    "losses": 0,
                    "requests": 5,
                    "handler": "CTG"
                },
                {
                    "protocolSessionId": "6b92d27f-ed7f-4b7b-9f0a-e538d6069bbf",
                    "account": 123123105,
                    "duration": 20,
                    "date": "2025-10-17T05:25:24.001",
                    "used": 419471,
                    "losses": 0,
                    "requests": 2,
                    "handler": "CTG"
                },
                {
                    "protocolSessionId": "3697a2df-ab0b-42e4-99b3-cc5ca00ebee4",
                    "account": 123123105,
                    "duration": 20,
                    "date": "2025-10-17T09:25:06.001",
                    "used": 60141146,
                    "losses": 0,
                    "requests": 3,
                    "handler": "CTG"
                },
                {
                    "protocolSessionId": "f971f1b7-f998-4de9-b6e7-8ae62f2ee94d",
                    "account": 123123105,
                    "duration": 20,
                    "date": "2025-10-17T09:58:55.001",
                    "used": 1477535,
                    "losses": 0,
                    "requests": 2,
                    "handler": "CTG"
                },
                {
                    "protocolSessionId": "2b3325c6-a38a-487e-97e9-1c70af30efd3",
                    "account": 123123105,
                    "duration": 20,
                    "date": "2025-10-17T10:02:08.001",
                    "used": 237510,
                    "losses": 0,
                    "requests": 2,
                    "handler": "CTG"
                },
                {
                    "protocolSessionId": "5b24ed20-3313-4218-8518-7e87351b89b0",
                    "account": 123123105,
                    "duration": 20,
                    "date": "2025-10-17T10:03:56.001",
                    "used": 129360,
                    "losses": 0,
                    "requests": 2,
                    "handler": "CTG"
                },
                {
                    "protocolSessionId": "7a3b458a-7ee2-4c11-a062-0f645d8fee2e",
                    "account": 123123105,
                    "duration": 20,
                    "date": "2025-10-17T10:52:28.001",
                    "used": 4940,
                    "losses": 0,
                    "requests": 2,
                    "handler": "CTG"
                },
                {
                    "protocolSessionId": "575488c5-c8fe-4e41-87fe-820727d8aaba",
                    "account": 123123105,
                    "duration": 20,
                    "date": "2025-10-17T14:57:01.001",
                    "used": 392024381,
                    "losses": 0,
                    "requests": 5,
                    "handler": "CTG"
                },
                {
                    "protocolSessionId": "7edb01aa-3a34-44d7-9806-6e91fa7c73a2",
                    "account": 123123105,
                    "duration": 20,
                    "date": "2025-10-18T12:16:05.001",
                    "used": 35989502,
                    "losses": 0,
                    "requests": 2,
                    "handler": "CTG"
                },
                {
                    "protocolSessionId": "11cf801f-53e6-447f-8ff8-8852d873355e",
                    "account": 123123105,
                    "duration": 20,
                    "date": "2025-10-18T12:30:56.001",
                    "used": 80990,
                    "losses": 0,
                    "requests": 2,
                    "handler": "CTG"
                },
                {
                    "protocolSessionId": "0296185c-cca7-4d1c-8272-b6ad91e76d92",
                    "account": 123123105,
                    "duration": 20,
                    "date": "2025-10-18T19:05:53.001",
                    "used": 263662603,
                    "losses": 0,
                    "requests": 3,
                    "handler": "CTG"
                },
                {
                    "protocolSessionId": "179f34a6-4ed7-45b2-abde-7f56cbde0601",
                    "account": 123123105,
                    "duration": 20,
                    "date": "2025-10-18T21:57:36.001",
                    "used": 2398664,
                    "losses": 0,
                    "requests": 2,
                    "handler": "CTG"
                },
                {
                    "protocolSessionId": "119474d2-397a-475f-9bee-0d93eac278f6",
                    "account": 123123105,
                    "duration": 20,
                    "date": "2025-10-18T22:01:27.001",
                    "used": 476,
                    "losses": 0,
                    "requests": 2,
                    "handler": "CTG"
                },
                {
                    "protocolSessionId": "29eab99c-47fe-4c5f-af6e-d265348a598d",
                    "account": 123123105,
                    "duration": 20,
                    "date": "2025-10-18T22:02:20.001",
                    "used": 2211716,
                    "losses": 0,
                    "requests": 2,
                    "handler": "CTG"
                },
                {
                    "protocolSessionId": "a29f596a-915f-4b2d-9553-eb8f8fc65559",
                    "account": 123123105,
                    "duration": 20,
                    "date": "2025-10-18T22:10:31.001",
                    "used": 23596,
                    "losses": 0,
                    "requests": 2,
                    "handler": "CTG"
                },
                {
                    "protocolSessionId": "929f3a00-2b18-42f5-82dc-fe933adc0671",
                    "account": 123123105,
                    "duration": 20,
                    "date": "2025-10-19T00:59:44.001",
                    "used": 2275098,
                    "losses": 0,
                    "requests": 2,
                    "handler": "CTG"
                },
                {
                    "protocolSessionId": "0b21d76b-65e9-4403-9c7a-269c82967a55",
                    "account": 123123105,
                    "duration": 20,
                    "date": "2025-10-19T01:30:29.001",
                    "used": 145002630,
                    "losses": 0,
                    "requests": 3,
                    "handler": "CTG"
                },
                {
                    "protocolSessionId": "035d0843-dc6e-4d4f-abc2-6411c5eb5084",
                    "account": 123123105,
                    "duration": 20,
                    "date": "2025-10-19T02:45:37.001",
                    "used": 636469766,
                    "losses": 0,
                    "requests": 5,
                    "handler": "CTG"
                },
                {
                    "protocolSessionId": "ea2b9238-c873-4fc7-a2a2-10ed0459196e",
                    "account": 123123105,
                    "duration": 20,
                    "date": "2025-10-19T03:31:09.001",
                    "used": 1322353,
                    "losses": 0,
                    "requests": 2,
                    "handler": "CTG"
                },
                {
                    "protocolSessionId": "7a010158-0403-403b-b521-6e2471ca9240",
                    "account": 123123105,
                    "duration": 20,
                    "date": "2025-10-19T07:46:32.001",
                    "used": 255638190,
                    "losses": 0,
                    "requests": 4,
                    "handler": "CTG"
                },
                {
                    "protocolSessionId": "6dafa83d-fce9-41a2-aa5c-1d00f6fec13a",
                    "account": 123123105,
                    "duration": 20,
                    "date": "2025-10-20T11:49:33.001",
                    "used": 214704307,
                    "losses": 0,
                    "requests": 5,
                    "handler": "CTG"
                },
                {
                    "protocolSessionId": "78024eea-4bb8-4792-90cf-064ab2821302",
                    "account": 123123105,
                    "duration": 20,
                    "date": "2025-10-20T13:35:24.001",
                    "used": 59309200,
                    "losses": 0,
                    "requests": 2,
                    "handler": "CTG"
                },
                {
                    "protocolSessionId": "274d9d29-a242-4553-9426-66ea0141a807",
                    "account": 123123105,
                    "duration": 20,
                    "date": "2025-10-21T09:52:55.001",
                    "used": 173148511,
                    "losses": 0,
                    "requests": 4,
                    "handler": "CTG"
                },
                {
                    "protocolSessionId": "dec0e589-d080-40d5-b789-ad6ee30bbfe6",
                    "account": 123123105,
                    "duration": 20,
                    "date": "2025-10-21T10:38:08.001",
                    "used": 3157276,
                    "losses": 0,
                    "requests": 2,
                    "handler": "CTG"
                },
                {
                    "protocolSessionId": "6eddf9dc-8531-43e1-8646-d1e7e132f9e1",
                    "account": 123123105,
                    "duration": 20,
                    "date": "2025-10-21T21:48:00.001",
                    "used": 218464404,
                    "losses": 0,
                    "requests": 3,
                    "handler": "CTG"
                },
                {
                    "protocolSessionId": "4c274de8-9c8f-4980-bdd9-d978ded7297d",
                    "account": 123123105,
                    "duration": 20,
                    "date": "2025-10-22T01:08:12.001",
                    "used": 468918,
                    "losses": 0,
                    "requests": 2,
                    "handler": "CTG"
                },
                {
                    "protocolSessionId": "9cc10832-7b16-4504-9b95-8ac4ffdc44c3",
                    "account": 123123105,
                    "duration": 20,
                    "date": "2025-10-22T12:13:24.001",
                    "used": 448332582,
                    "losses": 0,
                    "requests": 7,
                    "handler": "CTG"
                },
                {
                    "protocolSessionId": "b5a54947-bd4b-4604-9b31-4da30834c32a",
                    "account": 123123105,
                    "duration": 20,
                    "date": "2025-10-22T14:17:08.001",
                    "used": 18733416,
                    "losses": 0,
                    "requests": 2,
                    "handler": "CTG"
                },
                {
                    "protocolSessionId": "b69fc5d7-e570-44b5-aa80-9486bb18a984",
                    "account": 123123105,
                    "duration": 20,
                    "date": "2025-10-22T14:39:15.001",
                    "used": 54168,
                    "losses": 0,
                    "requests": 2,
                    "handler": "CTG"
                },
                {
                    "protocolSessionId": "b8985f6d-ae57-4503-b6c4-a77852a056b6",
                    "account": 123123105,
                    "duration": 20,
                    "date": "2025-10-22T15:39:16.001",
                    "used": 114468966,
                    "losses": 0,
                    "requests": 3,
                    "handler": "CTG"
                },
                {
                    "protocolSessionId": "c2785cdb-5bc1-48b4-a58b-4a4bc5ac1bb0",
                    "account": 123123105,
                    "duration": 20,
                    "date": "2025-10-22T15:50:42.001",
                    "used": 2736,
                    "losses": 0,
                    "requests": 2,
                    "handler": "CTG"
                },
                {
                    "protocolSessionId": "f6182552-4829-4d0b-ada0-2e7b50e0312b",
                    "account": 123123105,
                    "duration": 20,
                    "date": "2025-10-22T15:54:20.001",
                    "used": 1629170,
                    "losses": 0,
                    "requests": 2,
                    "handler": "CTG"
                },
                {
                    "protocolSessionId": "0d9cdf46-e928-40e1-a388-18fe240c1273",
                    "account": 123123105,
                    "duration": 20,
                    "date": "2025-10-22T20:41:07.001",
                    "used": 0,
                    "losses": 0,
                    "requests": 1,
                    "handler": "CTG"
                },
                {
                    "protocolSessionId": "97eeb12c-0e3b-4326-8788-8a1a87d6148f",
                    "account": 123123105,
                    "duration": 20,
                    "date": "2025-10-22T20:42:40.001",
                    "used": 0,
                    "losses": 0,
                    "requests": 1,
                    "handler": "CTG"
                },
                {
                    "protocolSessionId": "49e7b237-ec29-4d16-9894-c233f8dcc203",
                    "account": 123123105,
                    "duration": 20,
                    "date": "2025-10-22T21:38:44.001",
                    "used": 2,
                    "losses": 0,
                    "requests": 2,
                    "handler": "CTG"
                },
                {
                    "protocolSessionId": "1f1e9fb5-9bc3-4ad4-8f0f-c58f06f97f8b",
                    "account": 123123105,
                    "duration": 20,
                    "date": "2025-10-22T23:02:06.001",
                    "used": 572707024,
                    "losses": 0,
                    "requests": 4,
                    "handler": "CTG"
                },
                {
                    "protocolSessionId": "4ab7f798-6d19-490e-b03e-da848d94ce9d",
                    "account": 123123105,
                    "duration": 20,
                    "date": "2025-10-22T23:04:52.001",
                    "used": 6017532,
                    "losses": 0,
                    "requests": 2,
                    "handler": "CTG"
                },
                {
                    "protocolSessionId": "a1d6920f-48e7-4874-be57-daf80f546a24",
                    "account": 123123105,
                    "duration": 20,
                    "date": "2025-10-23T02:15:52.001",
                    "used": 4690895,
                    "losses": 0,
                    "requests": 2,
                    "handler": "CTG"
                },
                {
                    "protocolSessionId": "e3cbdb2c-cf68-4ddb-8006-c27fda57c485",
                    "account": 123123105,
                    "duration": 20,
                    "date": "2025-10-23T08:07:59.001",
                    "used": 25900074,
                    "losses": 0,
                    "requests": 2,
                    "handler": "CTG"
                },
                {
                    "protocolSessionId": "f364f682-04f1-45a0-bceb-97b30531cfec",
                    "account": 123123105,
                    "duration": 20,
                    "date": "2025-10-23T14:35:29.001",
                    "used": 319047812,
                    "losses": 0,
                    "requests": 6,
                    "handler": "CTG"
                },
                {
                    "protocolSessionId": "ef4cc905-c379-47e9-aa5c-016a0fed727d",
                    "account": 123123105,
                    "duration": 20,
                    "date": "2025-10-23T14:35:34.001",
                    "used": 0,
                    "losses": 0,
                    "requests": 1,
                    "handler": "CTG"
                },
                {
                    "protocolSessionId": "3b1d5c9e-afd1-417b-9e90-04f0344426f5",
                    "account": 123123105,
                    "duration": 20,
                    "date": "2025-10-23T14:57:19.001",
                    "used": 0,
                    "losses": 0,
                    "requests": 1,
                    "handler": "CTG"
                },
                {
                    "protocolSessionId": "4a04d1ea-65e1-4845-bdea-c893fafeb0c4",
                    "account": 123123105,
                    "duration": 20,
                    "date": "2025-10-23T15:32:56.001",
                    "used": 0,
                    "losses": 0,
                    "requests": 1,
                    "handler": "CTG"
                },
                {
                    "protocolSessionId": "43fe0b66-921b-41fa-a5fb-950602a6d9b2",
                    "account": 123123105,
                    "duration": 20,
                    "date": "2025-10-23T15:35:14.001",
                    "used": 1352053,
                    "losses": 0,
                    "requests": 2,
                    "handler": "CTG"
                },
                {
                    "protocolSessionId": "21a86da1-fa6d-467a-ada1-04589c576cdc",
                    "account": 123123105,
                    "duration": 20,
                    "date": "2025-10-24T15:19:19.001",
                    "used": 383914927,
                    "losses": 0,
                    "requests": 7,
                    "handler": "CTG"
                },
                {
                    "protocolSessionId": "710ebb5b-1ff9-4f18-bea6-dc948d957a2f",
                    "account": 123123105,
                    "duration": 20,
                    "date": "2025-10-24T18:56:31.001",
                    "used": 0,
                    "losses": 0,
                    "requests": 1,
                    "handler": "CTG"
                },
                {
                    "protocolSessionId": "e59abef1-74db-47c4-886b-ae0e596af0d9",
                    "account": 123123105,
                    "duration": 20,
                    "date": "2025-10-24T20:00:30.001",
                    "used": 0,
                    "losses": 0,
                    "requests": 1,
                    "handler": "CTG"
                },
                {
                    "protocolSessionId": "7675a129-271e-4a7f-ae47-4ed14793d2a3",
                    "account": 123123105,
                    "duration": 20,
                    "date": "2025-10-25T02:01:50.001",
                    "used": 175165,
                    "losses": 0,
                    "requests": 2,
                    "handler": "CTG"
                },
                {
                    "protocolSessionId": "578c4de2-1c04-4517-b5a7-96215e7629dc",
                    "account": 123123105,
                    "duration": 20,
                    "date": "2025-10-25T02:31:57.001",
                    "used": 7568281,
                    "losses": 0,
                    "requests": 2,
                    "handler": "CTG"
                },
                {
                    "protocolSessionId": "89a83dc2-e4c8-4965-ab38-0795fbcbe131",
                    "account": 123123105,
                    "duration": 20,
                    "date": "2025-10-25T02:59:33.001",
                    "used": 66665995,
                    "losses": 0,
                    "requests": 3,
                    "handler": "CTG"
                },
                {
                    "protocolSessionId": "24aa6bd5-ffb3-4ba6-94e8-dfb032030356",
                    "account": 123123105,
                    "duration": 20,
                    "date": "2025-10-25T09:41:31.001",
                    "used": 4293,
                    "losses": 0,
                    "requests": 2,
                    "handler": "CTG"
                },
                {
                    "protocolSessionId": "0a14e7cc-712a-4ef3-bd59-f7a79c9cc934",
                    "account": 123123105,
                    "duration": 20,
                    "date": "2025-10-25T10:06:20.001",
                    "used": 84073349,
                    "losses": 0,
                    "requests": 2,
                    "handler": "CTG"
                },
                {
                    "protocolSessionId": "f9c7f432-93a5-485c-8315-bac9f421f99c",
                    "account": 123123105,
                    "duration": 20,
                    "date": "2025-10-25T10:07:32.001",
                    "used": 901,
                    "losses": 0,
                    "requests": 2,
                    "handler": "CTG"
                },
                {
                    "protocolSessionId": "f9ce2327-a080-4c42-914c-40004af85e05",
                    "account": 123123105,
                    "duration": 20,
                    "date": "2025-10-25T15:48:58.001",
                    "used": 3070334,
                    "losses": 0,
                    "requests": 2,
                    "handler": "CTG"
                },
                {
                    "protocolSessionId": "2aafa8f6-8fdc-4c45-9ffd-0d7c926dbc34",
                    "account": 123123105,
                    "duration": 20,
                    "date": "2025-10-25T21:13:20.001",
                    "used": 6376696,
                    "losses": 0,
                    "requests": 2,
                    "handler": "CTG"
                },
                {
                    "protocolSessionId": "1613b9ff-e113-4efe-9216-c1a2a69f497d",
                    "account": 123123105,
                    "duration": 20,
                    "date": "2025-10-25T23:14:13.001",
                    "used": 11076150,
                    "losses": 0,
                    "requests": 2,
                    "handler": "CTG"
                },
                {
                    "protocolSessionId": "4fc6c3fa-7fbb-4405-8a94-c55671bbed05",
                    "account": 123123105,
                    "duration": 20,
                    "date": "2025-10-26T01:35:49.001",
                    "used": 207031600,
                    "losses": 0,
                    "requests": 2,
                    "handler": "CTG"
                },
                {
                    "protocolSessionId": "2c6dd27f-5d5f-490f-adc3-0fdd0fbe9017",
                    "account": 123123105,
                    "duration": 20,
                    "date": "2025-10-26T05:11:09.001",
                    "used": 203116086,
                    "losses": 0,
                    "requests": 3,
                    "handler": "CTG"
                },
                {
                    "protocolSessionId": "7f38dcbf-6a9c-493f-8712-0d387188ef83",
                    "account": 123123105,
                    "duration": 20,
                    "date": "2025-10-26T14:11:02.001",
                    "used": 193993050,
                    "losses": 0,
                    "requests": 3,
                    "handler": "CTG"
                }
            ]
        }
    }
}