{
    "observation": {
        "previous_period_summary": {
            "cnt_percentage": 88.64,
            "cnt_requests": 78,
            "losses_percentage": 0.0,
            "losses_volume": 0
        },
        "current_period": {
            "phase_one": [
                {
                    "protocolSessionId": "45373f2d-0a48-4b7f-8bcd-85b5c1b5f2d3",
                    "account": 123123107,
                    "date": "2025-03-29T08:05:40.001",
                    "duration": 49095.0,
                    "used": 2651130,
                    "losses": 0,
                    "requests": 3,
                    "handler": "CNT"
                }
            ],
            "phase_two": [
                {
                    "protocolSessionId": "ec9fefb4-165e-4d1d-8ef4-e2fd0c6eb26e",
                    "account": 123123107,
                    "duration": 20,
                    "date": "2025-03-29T11:44:09.001",
                    "used": 89171658,
                    "losses": 0,
                    "requests": 3,
                    "handler": "CTG"
                },
                {
                    "protocolSessionId": "54db1677-e220-4e5d-9c4a-05fc850a7ad1",
                    "account": 123123107,
                    "duration": 20,
                    "date": "2025-03-29T12:18:45.001",
                    "used": 48880,
                    "losses": 0,
                    "requests": 2,
                    "handler": "CTG"
                },
                {
                    "protocolSessionId": "9194d274-bc0f-45dc-b3ce-63d971ca73d9",
                    "account": 123123107,
                    "duration": 20,
                    "date": "2025-03-30T01:08:45.001",
                    "used": 178598136,
                    "losses": 0,
                    "requests": 4,
                    "handler": "CTG"
                },
                {
                    "protocolSessionId": "5262439b-78f3-494d-b999-bdf83cf1cb22",
                    "account": 123123107,
                    "duration": 20,
                    "date": "2025-03-30T03:44:45.001",
                    "used": 16960,
                    "losses": 0,
                    "requests": 2,
                    "handler": "CTG"
                }
            ]
        }
    }
}