{
    "observation": {
        "previous_period_summary": {
            "cnt_percentage": 10.71,
            "cnt_requests": 9,
            "losses_percentage": 0.0,
            "losses_volume": 0
        },
        "current_period": {
            "phase_one": [
                {
                    "protocolSessionId": "55049bec-91d1-4e13-b048-3519e25fecd9",
                    "account": 123123107,
                    "date": "2025-03-21T17:08:19.001",
                    "duration": 1430.0,
                    "used": 5468320,
                    "losses": 0,
                    "requests": 3,
                    "handler": "CNT"
                },
                {
                    "protocolSessionId": "1971f051-45f5-4730-ad28-a7a121e3b48a",
                    "account": 123123107,
                    "date": "2025-03-21T17:43:24.001",
                    "duration": 280.0,
                    "used": 108184744,
                    "losses": 0,
                    "requests": 6,
                    "handler": "CNT"
                },
                {
                    "protocolSessionId": "2242b6e4-fa6f-46e0-a2fc-c6ba4d86c89f",
                    "account": 123123107,
                    "date": "2025-03-21T17:48:05.001",
                    "duration": 74024.0,
                    "used": 106854142,
                    "losses": 0,
                    "requests": 6,
                    "handler": "CNT"
                }
            ],
            "phase_two": [
                {
                    "protocolSessionId": "2310c213-8600-4a61-9353-46773772ee7a",
                    "account": 123123107,
                    "duration": 20,
                    "date": "2025-03-22T08:20:37.001",
                    "used": 412804805,
                    "losses": 0,
                    "requests": 3,
                    "handler": "CTG"
                },
                {
                    "protocolSessionId": "b910bdb2-e3f3-48af-a154-641c32718215",
                    "account": 123123107,
                    "duration": 20,
                    "date": "2025-03-22T09:40:28.001",
                    "used": 8833188,
                    "losses": 0,
                    "requests": 2,
                    "handler": "CTG"
                },
                {
                    "protocolSessionId": "62383ea3-6e30-4c6a-86f9-96d89dff3670",
                    "account": 123123107,
                    "duration": 20,
                    "date": "2025-03-22T10:59:49.001",
                    "used": 221446692,
                    "losses": 0,
                    "requests": 4,
                    "handler": "CTG"
                },
                {
                    "protocolSessionId": "4e674ba5-0bb8-48d8-bbde-f53055011b7c",
                    "account": 123123107,
                    "duration": 20,
                    "date": "2025-03-22T17:42:04.001",
                    "used": 292071138,
                    "losses": 0,
                    "requests": 3,
                    "handler": "CTG"
                },
                {
                    "protocolSessionId": "2d05cd34-8f61-48d5-8de7-9d1db1ee42a4",
                    "account": 123123107,
                    "duration": 20,
                    "date": "2025-03-22T20:59:54.001",
                    "used": 67193706,
                    "losses": 0,
                    "requests": 3,
                    "handler": "CTG"
                },
                {
                    "protocolSessionId": "f9c66410-e4e7-46e6-bd8c-2531f664a845",
                    "account": 123123107,
                    "duration": 20,
                    "date": "2025-03-22T21:00:09.001",
                    "used": 3976896,
                    "losses": 0,
                    "requests": 2,
                    "handler": "CTG"
                },
                {
                    "protocolSessionId": "81ed715d-00fb-45d4-aac6-28d45999f072",
                    "account": 123123107,
                    "duration": 20,
                    "date": "2025-03-23T19:05:40.001",
                    "used": 1436580,
                    "losses": 0,
                    "requests": 2,
                    "handler": "CTG"
                },
                {
                    "protocolSessionId": "aeabd983-b05d-4481-a818-3c25781d8eb8",
                    "account": 123123107,
                    "duration": 20,
                    "date": "2025-03-24T06:36:27.001",
                    "used": 3262621,
                    "losses": 0,
                    "requests": 2,
                    "handler": "CTG"
                },
                {
                    "protocolSessionId": "5403958c-9c91-48d6-b9ef-c655b1ef15b1",
                    "account": 123123107,
                    "duration": 20,
                    "date": "2025-03-24T07:16:29.001",
                    "used": 43424769,
                    "losses": 0,
                    "requests": 3,
                    "handler": "CTG"
                },
                {
                    "protocolSessionId": "c14a8e88-93ad-4b60-b51a-d981145f7cd1",
                    "account": 123123107,
                    "duration": 20,
                    "date": "2025-03-24T11:11:28.001",
                    "used": 131397,
                    "losses": 0,
                    "requests": 2,
                    "handler": "CTG"
                },
                {
                    "protocolSessionId": "ab67f465-3e24-45e3-82b8-4b413b03290d",
                    "account": 123123107,
                    "duration": 20,
                    "date": "2025-03-24T12:58:27.001",
                    "used": 63332873,
                    "losses": 0,
                    "requests": 3,
                    "handler": "CTG"
                },
                {
                    "protocolSessionId": "b813c6d7-14a7-4089-810e-a12a1dfe34fc",
                    "account": 123123107,
                    "duration": 20,
                    "date": "2025-03-24T14:24:04.001",
                    "used": 160900,
                    "losses": 0,
                    "requests": 2,
                    "handler": "CTG"
                },
                {
                    "protocolSessionId": "3737f0e8-ef3d-4868-b3a5-3062cad72cb0",
                    "account": 123123107,
                    "duration": 20,
                    "date": "2025-03-24T17:08:29.001",
                    "used": 639494885,
                    "losses": 0,
                    "requests": 7,
                    "handler": "CTG"
                },
                {
                    "protocolSessionId": "48f2d9ea-681b-4949-ba37-c8166e3c2bdd",
                    "account": 123123107,
                    "duration": 20,
                    "date": "2025-03-24T17:30:57.001",
                    "used": 28942,
                    "losses": 0,
                    "requests": 2,
                    "handler": "CTG"
                },
                {
                    "protocolSessionId": "e650f220-1612-4f85-adde-7f8e73d8b559",
                    "account": 123123107,
                    "duration": 20,
                    "date": "2025-03-24T19:19:08.001",
                    "used": 2256387,
                    "losses": 0,
                    "requests": 2,
                    "handler": "CTG"
                },
                {
                    "protocolSessionId": "79d1db7b-e093-401c-9a5c-9b6f36114a94",
                    "account": 123123107,
                    "duration": 20,
                    "date": "2025-03-25T01:51:11.001",
                    "used": 71336304,
                    "losses": 0,
                    "requests": 2,
                    "handler": "CTG"
                },
                {
                    "protocolSessionId": "50c82c84-0003-4b9d-b09c-e492720e35c3",
                    "account": 123123107,
                    "duration": 20,
                    "date": "2025-03-25T02:50:24.001",
                    "used": 232544718,
                    "losses": 0,
                    "requests": 3,
                    "handler": "CTG"
                },
                {
                    "protocolSessionId": "bdad6af9-dac6-40f3-a9f5-3d1e1e862e18",
                    "account": 123123107,
                    "duration": 20,
                    "date": "2025-03-25T02:50:25.001",
                    "used": 0,
                    "losses": 0,
                    "requests": 1,
                    "handler": "CTG"
                },
                {
                    "protocolSessionId": "19e5d7a2-3843-457a-99b1-b02fd81d3373",
                    "account": 123123107,
                    "duration": 20,
                    "date": "2025-03-25T02:56:39.001",
                    "used": 29205387,
                    "losses": 0,
                    "requests": 2,
                    "handler": "CTG"
                },
                {
                    "protocolSessionId": "d89c7e47-4f84-414f-9eef-c923e01ab6a3",
                    "account": 123123107,
                    "duration": 20,
                    "date": "2025-03-25T04:46:52.001",
                    "used": 17244,
                    "losses": 0,
                    "requests": 2,
                    "handler": "CTG"
                },
                {
                    "protocolSessionId": "30191778-7bc5-4ec8-a8a6-b12e5c9c73fc",
                    "account": 123123107,
                    "duration": 20,
                    "date": "2025-03-25T06:30:08.001",
                    "used": 155884066,
                    "losses": 0,
                    "requests": 4,
                    "handler": "CTG"
                },
                {
                    "protocolSessionId": "b9368f9d-4b84-4988-8a52-bdf44b9cf73d",
                    "account": 123123107,
                    "duration": 20,
                    "date": "2025-03-25T06:30:28.001",
                    "used": 1116,
                    "losses": 0,
                    "requests": 2,
                    "handler": "CTG"
                },
                {
                    "protocolSessionId": "6f268b86-5acc-4307-85da-57d77571c605",
                    "account": 123123107,
                    "duration": 20,
                    "date": "2025-03-25T08:19:46.001",
                    "used": 2070432,
                    "losses": 0,
                    "requests": 2,
                    "handler": "CTG"
                },
                {
                    "protocolSessionId": "d43ee9e2-c884-4daa-a74d-cd393dd4e9e8",
                    "account": 123123107,
                    "duration": 20,
                    "date": "2025-03-25T14:35:29.001",
                    "used": 97269826,
                    "losses": 0,
                    "requests": 3,
                    "handler": "CTG"
                },
                {
                    "protocolSessionId": "80eaa6df-2918-47b8-ad65-0c3fa44112b0",
                    "account": 123123107,
                    "duration": 20,
                    "date": "2025-03-25T15:05:18.001",
                    "used": 9,
                    "losses": 0,
                    "requests": 2,
                    "handler": "CTG"
                },
                {
                    "protocolSessionId": "0be5dbfe-d534-416b-8ebd-596c47727390",
                    "account": 123123107,
                    "duration": 20,
                    "date": "2025-03-25T16:35:48.001",
                    "used": 185860106,
                    "losses": 0,
                    "requests": 3,
                    "handler": "CTG"
                },
                {
                    "protocolSessionId": "601e25e5-3dca-421f-98bb-0859385ea480",
                    "account": 123123107,
                    "duration": 20,
                    "date": "2025-03-25T20:45:45.001",
                    "used": 91089646,
                    "losses": 0,
                    "requests": 3,
                    "handler": "CTG"
                },
                {
                    "protocolSessionId": "f37b5044-8f75-4697-9ce3-13df1f77537b",
                    "account": 123123107,
                    "duration": 20,
                    "date": "2025-03-25T21:00:24.001",
                    "used": 91856,
                    "losses": 0,
                    "requests": 2,
                    "handler": "CTG"
                },
                {
                    "protocolSessionId": "816be6f6-6b94-425c-9794-dad06a1569a4",
                    "account": 123123107,
                    "duration": 20,
                    "date": "2025-03-25T21:48:41.001",
                    "used": 29356558,
                    "losses": 0,
                    "requests": 2,
                    "handler": "CTG"
                },
                {
                    "protocolSessionId": "db2d8a1c-db68-4cc6-b467-fa2b9ad5dfd2",
                    "account": 123123107,
                    "duration": 20,
                    "date": "2025-03-25T21:59:23.001",
                    "used": 68184239,
                    "losses": 0,
                    "requests": 3,
                    "handler": "CTG"
                },
                {
                    "protocolSessionId": "77cce37c-7043-497d-90a3-a9da846a5364",
                    "account": 123123107,
                    "duration": 20,
                    "date": "2025-03-25T23:30:20.001",
                    "used": 53265211,
                    "losses": 0,
                    "requests": 2,
                    "handler": "CTG"
                },
                {
                    "protocolSessionId": "848ad5b2-303e-43d9-a1d8-022573dbc0d6",
                    "account": 123123107,
                    "duration": 20,
                    "date": "2025-03-26T13:17:16.001",
                    "used": 11395628,
                    "losses": 0,
                    "requests": 2,
                    "handler": "CTG"
                }
            ]
        }
    }
}