{
    "observation": {
        "previous_period_summary": {
            "cnt_percentage": 69.23,
            "cnt_requests": 9,
            "losses_percentage": 0.0,
            "losses_volume": 0
        },
        "current_period": {
            "phase_one": [
                {
                    "protocolSessionId": "33b044cb-46a3-4d3b-a611-7f38f5cf2230",
                    "account": 123123107,
                    "date": "2025-04-02T01:03:48.001",
                    "duration": 2.0,
                    "used": 110318,
                    "losses": 0,
                    "requests": 3,
                    "handler": "CNT"
                },
                {
                    "protocolSessionId": "c9f2feab-c6e4-45e7-b878-eb11de95ce64",
                    "account": 123123107,
                    "date": "2025-04-02T03:36:44.001",
                    "duration": 6.0,
                    "used": 101454,
                    "losses": 0,
                    "requests": 3,
                    "handler": "CNT"
                },
                {
                    "protocolSessionId": "a0b26eb1-576a-45ed-9040-e52b228f4569",
                    "account": 123123107,
                    "date": "2025-04-02T03:36:51.001",
                    "duration": 17321.0,
                    "used": 1593532,
                    "losses": 0,
                    "requests": 3,
                    "handler": "CNT"
                }
            ],
            "phase_two": [
                {
                    "protocolSessionId": "77cef150-60ea-4caf-b0c3-1f7cd1651b16",
                    "account": 123123107,
                    "duration": 20,
                    "date": "2025-04-02T14:16:41.001",
                    "used": 0,
                    "losses": 0,
                    "requests": 1,
                    "handler": "CTG"
                }
            ]
        }
    }
}