{
    "observation": {
        "previous_period_summary": {
            "cnt_percentage": 15.46,
            "cnt_requests": 15,
            "losses_percentage": 0.0,
            "losses_volume": 0
        },
        "current_period": {
            "phase_one": [
                {
                    "protocolSessionId": "aa69a68b-86ec-485c-942a-52afea73d59a",
                    "account": 123123107,
                    "date": "2025-03-27T04:27:07.001",
                    "duration": 445.0,
                    "used": 2516475,
                    "losses": 0,
                    "requests": 3,
                    "handler": "CNT"
                }
            ],
            "phase_two": [
                {
                    "protocolSessionId": "ca1761b2-a54c-4dd4-8ae0-396436d47cec",
                    "account": 123123107,
                    "duration": 20,
                    "date": "2025-03-27T04:29:04.001",
                    "used": 485956674,
                    "losses": 0,
                    "requests": 3,
                    "handler": "CTG"
                },
                {
                    "protocolSessionId": "289f2760-3a87-459d-8249-78a338bce5a4",
                    "account": 123123107,
                    "duration": 20,
                    "date": "2025-03-27T05:53:20.001",
                    "used": 25727234,
                    "losses": 0,
                    "requests": 2,
                    "handler": "CTG"
                },
                {
                    "protocolSessionId": "8a6a9769-e76e-4197-972e-3a24e7444bfb",
                    "account": 123123107,
                    "duration": 20,
                    "date": "2025-03-27T06:03:05.001",
                    "used": 85656,
                    "losses": 0,
                    "requests": 2,
                    "handler": "CTG"
                }
            ]
        }
    }
}