{
    "observation": {
        "previous_period_summary": {
            "cnt_percentage": 37.14,
            "cnt_requests": 13,
            "losses_percentage": 0.0,
            "losses_volume": 0
        },
        "current_period": {
            "phase_one": [
                {
                    "protocolSessionId": "b09393df-7625-4f8f-9140-75846bdb1766",
                    "account": 123123107,
                    "date": "2025-04-01T14:25:08.001",
                    "duration": 339.0,
                    "used": 339,
                    "losses": 0,
                    "requests": 3,
                    "handler": "CNT"
                },
                {
                    "protocolSessionId": "516e32ce-bf42-4cc1-ae88-f11709280f60",
                    "account": 123123107,
                    "date": "2025-04-01T19:46:33.001",
                    "duration": 2964.0,
                    "used": 42663816,
                    "losses": 0,
                    "requests": 3,
                    "handler": "CNT"
                },
                {
                    "protocolSessionId": "0c6acf91-136a-4027-ba2a-fa17833e7244",
                    "account": 123123107,
                    "date": "2025-04-01T20:39:18.001",
                    "duration": 10776.0,
                    "used": 64656,
                    "losses": 0,
                    "requests": 3,
                    "handler": "CNT"
                }
            ],
            "phase_two": [
                {
                    "protocolSessionId": "eac22ac6-5006-4d53-8dd0-2ba0636a0f99",
                    "account": 123123107,
                    "duration": 20,
                    "date": "2025-04-01T22:15:16.001",
                    "used": 10056502,
                    "losses": 0,
                    "requests": 2,
                    "handler": "CTG"
                },
                {
                    "protocolSessionId": "bfae8665-2d82-42b4-a9a9-3e597a4f3cd9",
                    "account": 123123107,
                    "duration": 20,
                    "date": "2025-04-01T23:51:24.001",
                    "used": 22824,
                    "losses": 0,
                    "requests": 2,
                    "handler": "CTG"
                }
            ]
        }
    }
}